Loyalty Number,churn_risk_score,blended_churn,hard_churn,behavioral_churn,was_active_2017,in_training_cohort
480934,0.023666015935511386,0,0,0,1,1
549612,0.0206580959950011,0,0,0,1,1
429460,0.024794702038588676,1,1,0,1,1
608370,0.015709399628198527,0,0,0,1,1
530508,0.024561165636858118,0,0,0,1,1
193662,0.007519245473033424,0,0,0,1,1
927943,0.02145968646117915,0,0,0,1,1
188893,0.024222680741732203,0,0,0,1,1
852392,0.02194960296243033,0,0,0,1,1
866307,0.03995555517110769,0,0,0,1,1
932823,0.02571917501674305,0,0,0,1,1
144514,0.032935806497965514,0,0,0,1,1
611765,0.2155467197789668,0,0,0,0,0
988178,0.027353231830835625,0,0,0,1,1
286114,0.024981267719206567,0,0,0,1,1
205785,0.02440329320701039,0,0,0,1,1
735304,0.03705858895019049,0,0,0,1,1
438936,0.025220806848215583,0,0,0,1,1
172755,0.215261067196287,0,0,0,0,0
354730,0.022508503551091914,1,1,1,1,1
413741,0.02715963997106346,0,0,0,1,1
552965,0.1790735835060406,0,0,0,0,0
642313,0.023743767730107928,0,0,0,1,1
263080,0.03679409640837091,0,0,0,1,1
109767,0.024216779210790497,0,0,0,1,1
217754,0.029777988079693014,0,0,0,1,1
157005,0.024926625834120957,0,0,0,1,1
557752,0.133083591568329,0,0,0,1,1
608758,0.019740751424983386,0,0,0,1,1
599341,0.0245746632108021,0,0,0,1,1
333502,0.032296570324496045,0,0,0,1,1
403361,0.10664668972142421,0,0,0,1,1
543918,0.00894746147584428,0,0,0,1,1
806030,0.17267310067510436,0,0,0,0,0
119200,0.08637603657123305,0,0,0,1,1
938981,0.215261067196287,0,0,0,0,0
238119,0.022202873277161573,0,0,0,1,1
730388,0.0138268025141251,0,0,0,1,1
127400,0.030435274435634117,0,0,0,1,1
324557,0.01935213163895299,0,0,0,1,1
742002,0.03238647221153357,0,0,0,1,1
536567,0.035018011916133136,0,0,0,1,1
704835,0.026591371003754014,0,0,0,1,1
758635,0.1790735835060406,0,0,0,0,0
823048,0.17387451273709756,0,0,0,0,0
612905,0.022740269871541957,0,0,0,1,1
679908,0.02281439118754655,0,0,0,1,1
704150,0.023969924779035312,0,0,0,1,1
596179,0.043824440851600574,0,0,0,1,1
370450,0.009989114993702392,0,0,0,1,1
501030,0.03259385941540634,0,0,0,1,1
878633,0.025471041897533995,0,0,0,1,1
285938,0.023115045876267528,0,0,0,1,1
588237,0.02764762159518908,0,0,0,1,1
645280,0.014307953310787434,0,0,0,1,1
864324,0.19457333056572734,0,0,0,1,0
124678,0.02221453933959848,0,0,0,1,1
186015,0.023939972066021588,0,0,0,1,1
461108,0.2155467197789668,0,0,0,0,0
589580,0.028560675052564714,0,0,0,1,1
623688,0.026660212529807922,0,0,0,1,1
386082,0.2175823792333842,1,1,0,0,0
256147,0.01106942789591309,0,0,0,1,1
329382,0.9656372523150991,1,0,1,0,1
140392,0.03300784844962641,0,0,0,1,1
112522,0.17112238262404106,0,0,0,0,0
230908,0.01055883718089682,0,0,0,1,1
972581,0.028544163248463424,0,0,0,1,1
357549,0.1676219129436931,1,0,1,0,0
330694,0.2462439858563222,0,0,0,0,0
910875,0.07766053910425773,0,0,0,1,1
501704,0.024199690825396313,0,0,0,1,1
529098,0.11147304874519483,0,0,0,1,1
265297,0.20646650844652964,0,0,0,0,0
567875,0.11096624881862031,0,0,0,1,1
688524,0.020305167441721443,0,0,0,1,1
269070,0.010724564969232495,0,0,0,1,1
387705,0.02741999175115268,0,0,0,1,1
923293,0.029086264831934515,0,0,0,1,1
789157,0.1676219129436931,0,0,0,0,0
984713,0.20463531076357552,0,0,0,0,0
114835,0.10508341745630337,0,0,0,1,1
328936,0.03281896250414295,0,0,0,1,1
845864,0.022443637784002417,0,0,0,1,1
645265,0.017788955069130745,0,0,0,1,1
223587,0.08451877104977802,0,0,0,1,1
158560,0.019851984073820755,0,0,0,1,1
417584,0.029318839570331063,0,0,0,1,1
472521,0.22281501033613754,0,0,0,0,0
425854,0.018234054357812703,0,0,0,1,1
695855,0.018133630264922908,0,0,0,1,1
699511,0.025493350962185288,0,0,0,1,1
377322,0.028405577429816316,0,0,0,1,1
511053,0.02083015371687659,0,0,0,1,1
890753,0.07268303169917376,0,0,0,1,1
796670,0.04576383185093549,0,0,0,1,1
556136,0.03110091358890688,0,0,0,1,1
513081,0.02259347168706513,0,0,0,1,1
930718,0.02656557482111416,0,0,0,1,1
235872,0.02115157883423144,0,0,0,1,1
295147,0.07768941011457609,0,0,0,1,1
306110,0.019941895917799886,0,0,0,1,1
295217,0.01838723674756483,0,0,0,1,1
967300,0.17112238262404106,1,1,0,0,0
591731,0.0225820748443596,0,0,0,1,1
326905,0.03240021767667356,0,0,0,1,1
375511,0.035197746819349354,0,0,0,1,1
485283,0.10220215114312749,0,0,0,1,1
920716,0.215261067196287,0,0,0,0,0
797685,0.07483925207549773,0,0,0,1,1
216467,0.02083015371687659,0,0,0,1,1
958839,0.2155467197789668,0,0,0,0,0
539673,0.030009347245825543,1,1,0,1,1
746226,0.1676219129436931,0,0,0,0,0
484718,0.023510092065929064,0,0,0,1,1
528492,0.029601455447420287,1,1,0,1,1
995091,0.15685598485084917,0,0,0,0,1
632793,0.027922745867519725,0,0,0,1,1
382197,0.3434426728584855,1,1,0,1,1
705196,0.04769673309015264,0,0,0,1,1
123094,0.20233749659674605,0,0,0,0,0
366540,0.2462439858563222,0,0,0,0,0
119488,0.18079655358474953,0,0,0,1,1
287750,0.010561065217787994,0,0,0,1,1
735846,0.01391823982596261,0,0,0,1,1
606026,0.027953712688110206,0,0,0,1,1
460291,0.020915876953614337,0,0,0,1,1
743001,0.10060970151876301,0,0,0,1,1
869799,0.03265907174930194,0,0,0,1,1
279419,0.03457331796072968,0,0,0,1,1
170585,0.025869933483858482,0,0,0,1,1
188340,0.03176313607702446,0,0,0,1,1
670817,0.027983399977323867,0,0,0,1,1
509513,0.014563788729166348,0,0,0,1,1
779247,0.01273998426203546,0,0,0,1,1
111255,0.021204624885860456,0,0,0,1,1
763061,0.026646383711901245,0,0,0,1,1
766335,0.17112238262404106,0,0,0,0,0
428919,0.02028744236681862,0,0,0,1,1
139863,0.029703403438420657,0,0,0,1,1
695755,0.9644301495800426,1,0,1,0,1
355331,0.023336983229088327,0,0,0,1,1
578837,0.010979758203569511,0,0,0,1,1
467182,0.029557457870612692,1,1,0,1,1
601407,0.05584294178497863,0,0,0,1,1
700871,0.0273445603538604,0,0,0,1,1
203809,0.960500772059878,1,0,1,0,1
705589,0.011534729747642808,0,0,0,1,1
354438,0.1790735835060406,0,0,0,0,0
746060,0.023965520283679716,0,0,0,1,1
469718,0.013213372828516203,0,0,0,1,1
164429,0.012703525221347956,0,0,0,1,1
708373,0.0331849033914495,0,0,0,1,1
225088,0.02981536308599406,0,0,0,1,1
100214,0.022045381373857486,0,0,0,1,1
459999,0.09443458545135919,0,0,0,1,1
268128,0.012538609015851609,0,0,0,1,1
930584,0.02609838680074532,0,0,0,1,1
327796,0.13485880855175278,0,0,0,1,1
947467,0.02222468988552209,0,0,0,1,1
743510,0.041308856814582906,0,0,0,1,1
580324,0.01872706363188971,0,0,0,1,1
845613,0.1790735835060406,0,0,0,0,0
645919,0.19125302869640773,0,0,0,0,0
423324,0.16924334908255195,0,0,0,0,1
101945,0.022398507659664883,0,0,0,1,1
713636,0.03316322293450734,0,0,0,1,1
302509,0.028271480409776433,0,0,0,1,1
789421,0.03193264786970587,0,0,0,1,1
675879,0.22281501033613754,0,0,0,0,0
404426,0.023612124892384793,0,0,0,1,1
827194,0.16494899010239208,0,0,0,0,0
438023,0.014341449074759578,0,0,0,1,1
397518,0.19022626313867796,1,1,0,0,0
872932,0.02387748116100096,0,0,0,1,1
407945,0.015161074933222078,0,0,0,1,1
211714,0.026760446900474258,0,0,0,1,1
410982,0.024354503669855962,0,0,0,1,1
905213,0.028030947612338573,0,0,0,1,1
147898,0.021125109803627133,0,0,0,1,1
530105,0.39253400530729327,1,1,0,1,1
610946,0.020055985716180363,0,0,0,1,1
383108,0.019485124178935435,0,0,0,1,1
836343,0.035718674490632235,0,0,0,1,1
110262,0.17112238262404106,0,0,0,0,0
585357,0.02796054256876746,0,0,0,1,1
784804,0.02771499602645373,0,0,0,1,1
719633,0.5384059534555048,1,0,1,0,1
715764,0.018705991858449112,0,0,0,1,1
753473,0.025220806848215583,0,0,0,1,1
980856,0.026968172994024566,0,0,0,1,1
271660,0.031635792004659734,0,0,0,1,1
342980,0.16494899010239208,0,0,0,0,0
830547,0.17387451273709756,0,0,0,0,0
264936,0.024635368304469114,0,0,0,1,1
976513,0.025122601362670607,0,0,0,1,1
828776,0.11722469977201012,0,0,0,1,1
240362,0.022457911686664278,0,0,0,1,1
137845,0.020099620196403593,0,0,0,1,1
430569,0.0319919370862991,0,0,0,1,1
317001,0.21191706998323742,0,0,0,0,0
625870,0.018668502932929636,0,0,0,1,1
660554,0.05167642934484286,0,0,0,1,1
917630,0.025817342149037907,0,0,0,1,1
670686,0.13122156198235066,0,0,0,1,0
717660,0.03800228620304009,0,0,0,1,1
450621,0.03330483677687678,0,0,0,1,1
939562,0.026650976439321496,0,0,0,1,1
135250,0.026593069598694244,0,0,0,1,1
714555,0.017761924987454096,0,0,0,1,1
947868,0.013541818013507661,0,0,0,1,1
573661,0.2081731857303604,0,0,0,0,0
228580,0.011076840167712128,0,0,0,1,1
557500,0.04164046032496077,0,0,0,1,1
238233,0.029973839188293428,0,0,0,1,1
979309,0.02773057051432479,0,0,0,1,1
342483,0.22281501033613754,0,0,0,0,0
833569,0.12854673487351145,0,0,0,1,1
120046,0.12693531361064622,0,0,0,1,1
816881,0.17295836221361124,0,0,0,1,0
717700,0.02530665515631299,0,0,0,1,1
384146,0.1381312906242662,1,1,0,0,0
245465,0.039915410256300715,0,0,0,1,1
510372,0.1937330146011049,0,0,0,0,0
709920,0.013915904254723119,0,0,0,1,1
143784,0.016428580141709937,0,0,0,1,1
602176,0.02527178619275322,1,1,0,1,1
870998,0.021976338103008797,0,0,0,1,1
958224,0.025453665634750565,0,0,0,1,1
837628,0.02952396599355077,0,0,0,1,1
395460,0.023240677234779628,0,0,0,1,1
136547,0.04488308427095206,0,0,0,1,1
780631,0.24476248970491027,0,0,0,0,0
166712,0.024729894778340745,0,0,0,1,1
217695,0.026849205737257756,0,0,0,1,1
263707,0.030902138382616313,0,0,0,1,1
638368,0.02485104873963324,0,0,0,1,1
695529,0.013322421456753815,0,0,0,1,1
871203,0.2530179039988978,0,0,0,0,1
915571,0.05273624743961793,0,0,0,1,1
642109,0.031463957573002695,0,0,0,1,1
833701,0.027632774707350722,0,0,0,1,1
275442,0.02338477505121917,0,0,0,1,1
374345,0.022770006717289487,0,0,0,1,1
384825,0.01029339923702009,0,0,0,1,1
559233,0.24476248970491027,0,0,0,0,0
564650,0.018117971817059875,0,0,0,1,1
277649,0.011465888738990786,0,0,0,1,1
732013,0.023162109801006095,0,0,0,1,1
793318,0.0480858510037851,0,0,0,1,1
830024,0.023915385336190313,0,0,0,1,1
223684,0.21191706998323742,0,0,0,0,0
723262,0.1790735835060406,0,0,0,0,0
879892,0.2007247314160019,0,0,0,0,0
966117,0.07718436915734403,0,0,0,1,1
265836,0.016639932911424356,0,0,0,1,1
474174,0.11447181295643827,1,1,0,1,1
202299,0.028068999632075944,0,0,0,1,1
497467,0.02641858336423664,0,0,0,1,1
134279,0.2007247314160019,0,0,0,0,0
635225,0.021966299802144307,0,0,0,1,1
980198,0.024146994575572442,0,0,0,1,1
995693,0.19337291793888572,0,0,0,0,0
861924,0.023290060471305,0,0,0,1,1
639383,0.20947266933510925,0,0,0,0,0
769731,0.06513717233930522,0,0,0,1,1
884530,0.1456009978011221,0,0,0,0,0
207372,0.22833911649148908,0,0,0,0,1
543553,0.20463531076357552,0,0,0,0,0
639701,0.011475891713259525,0,0,0,1,1
998090,0.01917671027894339,0,0,0,1,1
283747,0.041157237405318514,0,0,0,1,1
863122,0.21191706998323742,0,0,0,0,0
816593,0.02409994279067086,0,0,0,1,1
440939,0.02645619885095869,0,0,0,1,1
531201,0.9644301495800426,1,0,1,0,1
585629,0.021004004148795326,0,0,0,1,1
347932,0.009239634992105769,0,0,0,1,1
417886,0.03134121075984238,0,0,0,1,1
514900,0.24476248970491027,0,0,0,0,0
203550,0.02542441056072779,0,0,0,1,1
181825,0.0281814574854074,0,0,0,1,1
261582,0.010303291422539001,0,0,0,1,1
679859,0.024343337541232298,0,0,0,1,1
977693,0.2127593893498472,0,0,0,0,0
122958,0.028009972189115377,0,0,0,1,1
274698,0.027855062579720022,1,1,0,1,1
443967,0.18613466473308535,0,0,0,0,0
652291,0.03278079772790553,0,0,0,1,1
603775,0.030247862750448565,0,0,0,1,1
948404,0.020347268636380554,0,0,0,1,1
605877,0.023442632861086568,0,0,0,1,1
994377,0.02371355117029614,0,0,0,1,1
766927,0.03041470728942228,0,0,0,1,1
556492,0.22025018302166055,0,0,0,0,0
702588,0.02585590441311489,0,0,0,1,1
798248,0.012935033075602299,0,0,0,1,1
641448,0.022322949677317662,0,0,0,1,1
406047,0.030621251443663004,0,0,0,1,1
538902,0.15685598485084917,0,0,0,0,1
855602,0.16902318110777226,0,0,0,0,0
883242,0.21191706998323742,0,0,0,0,0
909134,0.026812828765007547,0,0,0,1,1
294753,0.019684484763744316,0,0,0,1,1
606076,0.17267310067510436,1,0,1,0,0
120613,0.14006083274051534,0,0,0,1,0
520094,0.02557783636422131,0,0,0,1,1
754539,0.05294729426852503,0,0,0,1,1
189611,0.030801303120157157,0,0,0,1,1
971599,0.026147288275722592,0,0,0,1,1
485189,0.9656372523150991,1,0,1,0,1
521384,0.028417091031702976,0,0,0,1,1
128039,0.02455065507217466,0,0,0,1,1
565133,0.024031669015099087,0,0,0,1,1
947876,0.2663297783617918,0,0,0,1,0
138746,0.040143689485189565,0,0,0,1,1
564707,0.028487010006683158,0,0,0,1,1
712114,0.18517764859338126,0,0,0,0,0
174996,0.025305622098730617,0,0,0,1,1
798854,0.09477312223680297,0,0,0,1,1
800075,0.021308089671469646,0,0,0,1,1
410384,0.011867943016357088,0,0,0,1,1
692304,0.022554968968340926,0,0,0,1,1
991672,0.03628125146911516,0,0,0,1,1
344180,0.09150794872710266,0,0,0,1,1
703338,0.21191706998323742,0,0,0,0,0
922388,0.023760793803442596,0,0,0,1,1
655743,0.02733972122675476,0,0,0,1,1
787472,0.10312447817284517,0,0,0,1,1
667687,0.20463531076357552,0,0,0,0,0
348920,0.019689328226687616,0,0,0,1,1
523394,0.024597912573244403,0,0,0,1,1
430521,0.17775942660009925,1,0,1,0,0
981581,0.027302245373462132,0,0,0,1,1
639510,0.013715270539151236,0,0,0,1,1
744675,0.027508302265560104,0,0,0,1,1
289177,0.037854788915138333,0,0,0,1,1
271641,0.22025018302166055,1,1,0,0,0
357149,0.02083015371687659,0,0,0,1,1
876207,0.022969915458557363,0,0,0,1,1
224384,0.019317646382507582,0,0,0,1,1
650445,0.028071077993699976,0,0,0,1,1
399982,0.022407965757458525,0,0,0,1,1
228984,0.018773809525008758,0,0,0,1,1
221388,0.021315552909006066,0,0,0,1,1
710053,0.03625042253333196,0,0,0,1,1
591576,0.9656372523150991,1,0,1,0,1
696577,0.16291063479027712,0,0,0,0,0
836475,0.024264303848076638,0,0,0,1,1
686223,0.19302260642449337,0,0,0,0,0
450979,0.15285598735673828,0,0,0,1,0
392235,0.02357869273326701,0,0,0,1,1
529218,0.024331948296541398,0,0,0,1,1
549132,0.10502854423967173,0,0,0,1,1
782523,0.20463531076357552,0,0,0,0,0
430880,0.18517764859338126,0,0,0,0,0
216652,0.22025018302166055,1,1,0,0,0
561092,0.17654265417389528,0,0,0,1,0
234866,0.030313418053058303,0,0,0,1,1
721984,0.025439142665918263,0,0,0,1,1
772397,0.019464738174897488,0,0,0,1,1
344199,0.010374664157245961,0,0,0,1,1
909385,0.012476818405632093,0,0,0,1,1
211043,0.009049861777625887,0,0,0,1,1
459801,0.02729978137289893,0,0,0,1,1
958243,0.025978591145304826,0,0,0,1,1
517758,0.010483267622758766,0,0,0,1,1
712062,0.07372836968469844,0,0,0,1,1
845945,0.03631819509021315,0,0,0,1,1
324707,0.019999173456241356,0,0,0,1,1
184635,0.02903615030604443,0,0,0,1,1
947123,0.14058332177320879,1,1,0,0,1
432598,0.022861678703615662,0,0,0,1,1
524483,0.026645489083191153,0,0,0,1,1
413445,0.13715340712338447,1,1,0,1,1
257575,0.031698659348044854,0,0,0,1,1
352834,0.10368534402432703,0,0,0,1,1
127590,0.02825168493722743,0,0,0,1,1
846374,0.022948259756692062,0,0,0,1,1
651054,0.2530179039988978,0,0,0,0,0
674637,0.20351870775476255,0,0,0,0,0
130368,0.0239777432618072,0,0,0,1,1
752331,0.024366228922424092,0,0,0,1,1
986825,0.025151427061639666,0,0,0,1,1
882024,0.17387451273709756,0,0,0,0,0
981343,0.009279190541620444,0,0,0,1,1
101581,0.012386007656098492,0,0,0,1,1
329358,0.2530179039988978,0,0,0,0,0
497494,0.023754491436272316,0,0,0,1,1
821379,0.12068595590905287,1,1,0,1,1
361816,0.029455985450174197,0,0,0,1,1
734192,0.02367330069995054,0,0,0,1,1
774724,0.02213846088986657,0,0,0,1,1
984824,0.18517764859338126,0,0,0,0,0
906396,0.023915385336190313,0,0,0,1,1
722976,0.020869739423905524,0,0,0,1,1
747304,0.0176827726561203,0,0,0,1,1
613804,0.022882230870486565,0,0,0,1,1
995877,0.1790735835060406,0,0,0,0,0
123928,0.16924334908255195,1,0,1,0,0
237105,0.17454617093982647,0,0,0,1,1
395026,0.029421697035118648,0,0,0,1,1
894466,0.02434857793698199,0,0,0,1,1
610393,0.032276825616804235,0,0,0,1,1
800726,0.024543040771757077,0,0,0,1,1
111171,0.026626521058720837,0,0,0,1,1
133324,0.16902318110777226,0,0,0,0,0
779434,0.020112827455334267,0,0,0,1,1
203184,0.028783525983969133,0,0,0,1,1
225077,0.013419581116865203,0,0,0,1,1
365816,0.02675942407629578,0,0,0,1,1
781463,0.024764059136151113,0,0,0,1,1
644786,0.024324051132298578,0,0,0,1,1
441440,0.029717288554799957,0,0,0,1,1
756791,0.03190968408363282,0,0,0,1,1
401858,0.17162860301753802,1,1,0,1,1
819569,0.028289654223310944,0,0,0,1,1
428826,0.17387451273709756,0,0,0,0,0
132563,0.22025018302166055,1,0,1,0,0
518533,0.1790735835060406,0,0,0,0,0
568547,0.023560751203254515,0,0,0,1,1
761007,0.9656372523150991,1,0,1,0,1
830931,0.016904486015818305,0,0,0,1,1
229204,0.1676219129436931,0,0,0,0,0
437269,0.020775836177295615,1,1,0,1,1
956005,0.03316116072739754,0,0,0,1,1
683361,0.14600424592216638,0,0,0,0,1
370486,0.11236017997315843,0,0,0,1,1
279919,0.036124517919595735,0,0,0,1,1
635249,0.029669347239568485,0,0,0,1,1
849415,0.0277964426898471,0,0,0,1,1
334003,0.019165404426590257,0,0,0,1,1
256323,0.022101772119271345,0,0,0,1,1
612555,0.02374924794787747,0,0,0,1,1
411242,0.9656372523150991,1,0,1,0,1
353128,0.008691121271091506,0,0,0,1,1
367961,0.019740751424983386,0,0,0,1,1
431899,0.039353200821367174,0,0,0,1,1
835491,0.02319703291389624,0,0,0,1,1
791355,0.02783854675508724,0,0,0,1,1
331258,0.02257474350614023,0,0,0,1,1
713329,0.032793243312562254,0,0,0,1,1
422805,0.03070519193590703,0,0,0,1,1
660376,0.011146258979891995,0,0,0,1,1
841677,0.1143802447688666,0,0,0,1,1
626326,0.9316898177160607,1,0,1,0,1
412854,0.02970245801923512,0,0,0,1,1
686728,0.22025018302166055,0,0,0,0,0
333621,0.023091728160665626,0,0,0,1,1
270570,0.022440130574700276,0,0,0,1,1
305171,0.028188495906007766,0,0,0,1,1
197529,0.19022626313867796,1,0,1,0,0
496325,0.008906569746353898,0,0,0,1,1
873180,0.17387451273709756,1,1,0,0,1
630320,0.02682830549733402,0,0,0,1,1
304944,0.028434379666219256,0,0,0,1,1
615662,0.029620671750473532,0,0,0,1,1
887192,0.21191706998323742,0,0,0,0,0
540497,0.08520899770416795,0,0,0,1,1
534794,0.9649002531640106,1,0,1,0,1
336341,0.011152637531396524,0,0,0,1,1
465530,0.08211450889032147,0,0,0,1,1
600598,0.026252616163467427,0,0,0,1,1
724720,0.030092421312614283,0,0,0,1,1
627489,0.01935387193161981,0,0,0,1,1
264064,0.29445557852747645,1,1,0,1,1
740762,0.02324629621672804,0,0,0,1,1
527622,0.028765867326428596,0,0,0,1,1
984636,0.021432720847282004,0,0,0,1,1
110691,0.019712835329632725,0,0,0,1,1
737791,0.021106082190259192,0,0,0,1,1
219413,0.04565702298603242,0,0,0,1,1
260685,0.09913637885844903,0,0,0,1,0
501363,0.052519482299692534,0,0,0,1,1
982202,0.1232063656598809,0,0,0,0,0
218529,0.02532966825032249,0,0,0,1,1
343051,0.16902318110777226,0,0,0,0,0
881157,0.022015517282965257,0,0,0,1,1
426185,0.026075860897510048,0,0,0,1,1
546758,0.023875576663101816,0,0,0,1,1
270723,0.027486163399033092,0,0,0,1,1
794248,0.22025018302166055,0,0,0,0,0
504715,0.029765158481440356,0,0,0,1,1
380183,0.027471007915277852,0,0,0,1,1
654817,0.02155056543536272,0,0,0,1,1
541078,0.12801564397258286,0,0,0,1,1
948327,0.17387451273709756,0,0,0,0,0
384269,0.03076373475295001,0,0,0,1,1
791852,0.12764829303628203,0,0,0,1,1
372183,0.030684624558043192,0,0,0,1,1
481857,0.03659282919952344,0,0,0,1,1
411523,0.019914498940594258,0,0,0,1,1
765252,0.021630646944934648,0,0,0,1,1
539358,0.02485104873963324,0,0,0,1,1
697837,0.02273675565393927,0,0,0,1,1
410921,0.025262146262493075,0,0,0,1,1
826304,0.014873845797197874,0,0,0,1,1
200077,0.1056213525445511,0,0,0,1,1
597897,0.1676219129436931,0,0,0,0,0
119408,0.1676219129436931,0,0,0,0,0
241167,0.019740751424983386,0,0,0,1,1
159275,0.021632273721069115,0,0,0,1,1
615439,0.018066237261781207,0,0,0,1,1
458697,0.0255958827192922,0,0,0,1,1
620465,0.037832019701829527,0,0,0,1,1
654578,0.02528079162050059,0,0,0,1,1
432451,0.03616812065366752,0,0,0,1,1
381786,0.15582987935591613,0,0,0,0,0
440967,0.021146396677710795,0,0,0,1,1
493677,0.023618358079498983,0,0,0,1,1
815207,0.16523481867103615,0,0,0,0,0
850418,0.021627148130113315,0,0,0,1,1
406574,0.027380340654081108,0,0,0,1,1
119837,0.024481642405554283,0,0,0,1,1
546039,0.009986473304131974,0,0,0,1,1
950914,0.1548246327712736,0,0,0,1,1
387129,0.03156780980332356,0,0,0,1,1
876006,0.029643225031544176,0,0,0,1,1
230311,0.02568191924907306,0,0,0,1,1
955991,0.020955601564455455,0,0,0,1,1
279409,0.03702888509744687,0,0,0,1,1
293531,0.037892651571647194,0,0,0,1,1
886127,0.031376507335768064,0,0,0,1,1
536021,0.5779510760481068,0,0,0,0,1
579005,0.02944736099131694,0,0,0,1,1
758372,0.0539863609201509,0,0,0,1,1
671764,0.1919341078047881,1,1,0,0,0
142290,0.255523143036898,0,0,0,0,0
605505,0.030883235165131313,0,0,0,1,1
413185,0.021187243482785376,0,0,0,1,1
715462,0.023236137480006195,0,0,0,1,1
739933,0.011230523556340147,0,0,0,1,1
675106,0.027474172277393107,0,0,0,1,1
767728,0.1790735835060406,0,0,0,0,0
244032,0.02644312670046503,0,0,0,1,1
872408,0.15010826731803098,1,0,1,0,0
583648,0.03186031816405159,0,0,0,1,1
250380,0.08880631600235363,0,0,0,1,1
935504,0.02120800033233883,0,0,0,1,1
311943,0.02414556561720536,0,0,0,1,1
811684,0.11066067106451771,0,0,0,1,1
672103,0.14019401309252022,0,0,0,1,0
657339,0.025133424141504705,0,0,0,1,1
433812,0.012688054106928049,0,0,0,1,1
559304,0.19655628570291403,0,0,0,1,1
290249,0.034205803719409476,0,0,0,1,1
948815,0.023104822075356475,0,0,0,1,1
513229,0.0276583115549624,0,0,0,1,1
501278,0.01345778726463242,0,0,0,1,1
500455,0.028417091031702976,0,0,0,1,1
615394,0.18267341452568076,0,0,0,1,0
158314,0.09968119862188367,0,0,0,1,1
418090,0.024073857283045105,0,0,0,1,1
769623,0.10756037891213131,0,0,0,1,0
685314,0.03952920030689871,0,0,0,1,1
413282,0.026702539410698178,0,0,0,1,1
884088,0.02534297595246162,0,0,0,1,1
445867,0.025803303530774445,0,0,0,1,1
568286,0.021769392094651868,0,0,0,1,1
965066,0.2530179039988978,1,1,0,0,1
105145,0.9656372523150991,1,0,1,0,1
516329,0.008737652630261116,0,0,0,1,1
945479,0.023631094705954266,0,0,0,1,1
363925,0.07135890698959457,0,0,0,1,1
798216,0.02823694339895647,0,0,0,1,1
822694,0.15740925278957274,0,0,0,1,0
747483,0.1790735835060406,0,0,0,0,0
784838,0.029774172025040464,0,0,0,1,1
405597,0.02560732851251133,0,0,0,1,1
502592,0.02593722956710502,0,0,0,1,1
134717,0.22281501033613754,0,0,0,0,0
416620,0.1790735835060406,0,0,0,0,0
198424,0.021876367624357723,0,0,0,1,1
455892,0.215261067196287,0,0,0,0,0
814653,0.0313054392573784,0,0,0,1,1
636505,0.021769392094651868,0,0,0,1,1
923268,0.16494899010239208,1,1,0,0,0
685346,0.027980093770437534,0,0,0,1,1
967634,0.17267310067510436,0,0,0,0,0
919506,0.13730091911040665,0,0,0,0,0
272944,0.037245654072340956,0,0,0,1,1
512906,0.07787720518773882,0,0,0,1,1
490984,0.02174271638031547,0,0,0,1,1
812042,0.020112827455334267,0,0,0,1,1
366719,0.12473267577069666,0,0,0,1,1
192177,0.04029070804930916,0,0,0,1,1
273353,0.2155467197789668,0,0,0,0,0
249555,0.029421697035118648,0,0,0,1,1
103862,0.030121034675534793,0,0,0,1,1
121935,0.05929109476135757,0,0,0,1,1
224402,0.025504482708533754,0,0,0,1,1
988839,0.18351626995452375,1,0,1,0,0
416768,0.02622795039583109,0,0,0,1,1
667767,0.030092421312614283,0,0,0,1,1
955178,0.034335539985566,0,0,0,1,1
534716,0.032327405351132606,0,0,0,1,1
565041,0.011689895786116528,0,0,0,1,1
596004,0.008154060717875817,0,0,0,1,1
340934,0.18344605735657682,1,0,1,0,0
335839,0.02669969556677717,0,0,0,1,1
621940,0.08971032685662199,0,0,0,1,1
308379,0.02722196942325353,0,0,0,1,1
683791,0.041204075595755556,0,0,0,1,1
715015,0.028877339582443207,0,0,0,1,1
835796,0.022202873277161573,0,0,0,1,1
564201,0.02405942554627318,0,0,0,1,1
572410,0.03076018144368262,0,0,0,1,1
306288,0.035397065016945485,1,1,0,1,1
568111,0.04416641939077665,0,0,0,1,1
201220,0.024857879920622498,0,0,0,1,1
533766,0.029224147466483115,0,0,0,1,1
990933,0.04416921883780436,0,0,0,1,1
968764,0.19817724326795194,0,0,0,0,0
613265,0.02217385948984547,0,0,0,1,1
163608,0.013672828057234996,0,0,0,1,1
237984,0.027324664441424323,0,0,0,1,1
288419,0.031418249348582866,0,0,0,1,1
666556,0.02216325353382606,0,0,0,1,1
698180,0.1456009978011221,0,0,0,0,0
807589,0.014538635531637669,0,0,0,1,1
135382,0.024381034549212168,0,0,0,1,1
444778,0.020695082601767088,0,0,0,1,1
502534,0.02123248076536616,0,0,0,1,1
589840,0.024953691642671506,0,0,0,1,1
551300,0.02500801131914346,0,0,0,1,1
990204,0.026408948528769145,0,0,0,1,1
148299,0.02387990368097713,0,0,0,1,1
412902,0.02762598143699184,0,0,0,1,1
602694,0.16312440362476424,0,0,0,0,0
662934,0.22281501033613754,0,0,0,0,0
205445,0.022882230870486565,0,0,0,1,1
773293,0.023929321143819106,0,0,0,1,1
957127,0.032741763459684076,0,0,0,1,1
176611,0.1790735835060406,0,0,0,0,1
848248,0.02649313544249638,0,0,0,1,1
162013,0.02690297241287512,0,0,0,1,1
706628,0.20463531076357552,0,0,0,0,0
495027,0.023612124892384793,0,0,0,1,1
731001,0.09535558802534812,0,0,0,1,1
106001,0.017889450182272715,0,0,0,1,1
692096,0.01844544210631469,0,0,0,1,1
544569,0.030556895964751224,0,0,0,1,1
616220,0.03337343531865989,0,0,0,1,1
890361,0.5612045360403859,0,0,0,0,1
778426,0.026774673351832888,0,0,0,1,1
211083,0.02335835008088777,0,0,0,1,1
693256,0.03258360638596295,0,0,0,1,1
343377,0.014708299747424502,0,0,0,1,1
608739,0.0349301173672556,0,0,0,1,1
421497,0.0521602874024097,0,0,0,1,1
268094,0.13454214453063876,0,0,0,0,1
703882,0.9644301495800426,1,0,1,0,1
821404,0.02576992772529495,0,0,0,1,1
544561,0.03219444503869297,0,0,0,1,1
528074,0.9644301495800426,1,0,1,0,1
709550,0.009438941410141942,0,0,0,1,1
601448,0.02726293973690355,0,0,0,1,1
264234,0.023071436743673325,0,0,0,1,1
989048,0.02387158098247244,0,0,0,1,1
788460,0.026211166410874755,1,1,0,1,1
831087,0.008398996116522457,0,0,0,1,1
750776,0.13738414786776126,1,1,0,1,1
401336,0.036928021380813913,0,0,0,1,1
785836,0.027222102657064838,0,0,0,1,1
161437,0.016358251860668926,0,0,0,1,1
654187,0.021432720847282004,0,0,0,1,1
801821,0.029079614028396015,0,0,0,1,1
655044,0.019823219740939375,0,0,0,1,1
223946,0.03718220591803445,0,0,0,1,1
531286,0.021626335667807053,0,0,0,1,1
101876,0.11358903212906855,1,1,0,1,1
908729,0.02402672557991631,0,0,0,1,1
929701,0.02847453002097794,0,0,0,1,1
622171,0.17267310067510436,0,0,0,0,0
708020,0.04655639212063169,0,0,0,1,1
919922,0.11345785575261878,1,1,0,1,1
479872,0.025228813804479264,0,0,0,1,1
277091,0.027023872725973303,0,0,0,1,1
386363,0.01861118277199846,0,0,0,1,1
307233,0.030727060424832486,1,1,0,1,1
199342,0.024854269588568283,0,0,0,1,1
810257,0.02623025743449264,0,0,0,1,1
252341,0.01920976538186367,0,0,0,1,1
485397,0.02694520704551637,0,0,0,1,1
328180,0.17112238262404106,0,0,0,0,0
687748,0.15685598485084917,0,0,0,0,1
249224,0.01949909314572981,0,0,0,1,1
444684,0.030837303738774084,0,0,0,1,1
181726,0.019122715546462537,0,0,0,1,1
275413,0.2462439858563222,0,0,0,0,0
530978,0.025017985019333475,0,0,0,1,1
372261,0.03878255996040909,0,0,0,1,1
738427,0.03863601296145276,0,0,0,1,1
295929,0.02200940263028668,0,0,0,1,1
381717,0.24476248970491027,0,0,0,0,0
437022,0.031297852796888605,0,0,0,1,1
582861,0.11282457594173372,0,0,0,1,1
945014,0.14154149183135456,0,0,0,1,1
809728,0.24476248970491027,1,1,0,0,0
460207,0.03237998818866943,0,0,0,1,1
567256,0.028421240734692172,0,0,0,1,1
649089,0.1953498012712196,0,0,0,0,0
290599,0.024856461235171493,0,0,0,1,1
878909,0.023637496958604155,0,0,0,1,1
941194,0.2081731857303604,0,0,0,0,0
600820,0.9632952068831673,1,0,1,0,1
430228,0.025597004176509834,0,0,0,1,1
646168,0.027403872264559797,0,0,0,1,1
866302,0.023139244371862,0,0,0,1,1
983524,0.17112238262404106,0,0,0,0,0
189146,0.14549916147941377,1,1,1,1,1
290517,0.1676219129436931,1,0,1,0,0
513000,0.21379591358914635,0,0,0,0,0
917352,0.15573783342239514,1,1,0,1,1
277910,0.02681264700533611,0,0,0,1,1
345014,0.13846351867552148,0,0,0,1,0
911744,0.16494899010239208,0,0,0,0,0
484194,0.02590309349351609,0,0,0,1,1
618309,0.029991962555674642,0,0,0,1,1
160686,0.01382237658040019,0,0,0,1,1
355995,0.01765609936848706,0,0,0,1,1
519203,0.023566595767090998,0,0,0,1,1
306402,0.022920662838307754,0,0,0,1,1
428590,0.17177327725839592,1,0,1,0,0
446315,0.013008715549199723,0,0,0,1,1
576716,0.025094781144022797,0,0,0,1,1
111646,0.03194252793408539,1,1,1,1,1
685982,0.022508503551091914,0,0,0,1,1
166037,0.008870118080713058,0,0,0,1,1
236593,0.025493699499897247,0,0,0,1,1
784113,0.014141764204921178,0,0,0,1,1
896790,0.015205626516702733,0,0,0,1,1
990595,0.032171827035732764,0,0,0,1,1
773261,0.013013662490899539,0,0,0,1,1
756907,0.03321134198110889,0,0,0,1,1
455287,0.15829909702644154,0,0,0,0,0
633999,0.18351626995452375,0,0,0,0,1
285484,0.029852281572051165,0,0,0,1,1
907743,0.21191706998323742,0,0,0,0,0
484733,0.12781172731996412,0,0,0,1,1
981848,0.031242178035439036,0,0,0,1,1
399575,0.02364498670706857,0,0,0,1,1
852310,0.030541767333094442,0,0,0,1,1
885007,0.028276374350693568,0,0,0,1,1
532813,0.018528580970498792,0,0,0,1,1
425445,0.02258150433829689,0,0,0,1,1
508854,0.013120966895501896,0,0,0,1,1
141233,0.026521235273187022,0,0,0,1,1
277769,0.15487631797793674,0,0,0,0,0
340479,0.02567271594118152,0,0,0,1,1
980651,0.028959618598943276,0,0,0,1,1
513708,0.03014443714263061,0,0,0,1,1
796508,0.02215703361256715,0,0,0,1,1
304770,0.029830893336482128,0,0,0,1,1
993350,0.215261067196287,1,0,1,0,0
654890,0.020246295743282926,0,0,0,1,1
716393,0.02496036514762268,0,0,0,1,1
751612,0.031172714073974254,0,0,0,1,1
493427,0.03240021767667356,0,0,0,1,1
908006,0.24945210987991895,0,0,0,0,0
827288,0.215261067196287,0,0,0,0,0
204042,0.03254474517624198,0,0,0,1,1
254683,0.01059065700841554,0,0,0,1,1
824259,0.021747585543434703,0,0,0,1,1
259634,0.03394350381541044,1,1,0,1,1
730742,0.1596170761945096,0,0,0,0,1
287593,0.017530292608011335,0,0,0,1,1
481450,0.21191706998323742,0,0,0,0,0
503598,0.021432720847282004,0,0,0,1,1
825593,0.020996642270414277,0,0,0,1,1
591608,0.04564269700194189,0,0,0,1,1
800923,0.03229941482056904,0,0,0,1,1
127128,0.08769805654994331,0,0,0,1,1
518249,0.15121230791308787,0,0,0,1,0
682308,0.03491730519224383,0,0,0,1,1
974114,0.027019826388972136,0,0,0,1,1
179719,0.0277528657936378,0,0,0,1,1
780944,0.02405942554627318,0,0,0,1,1
369458,0.029585001285635605,0,0,0,1,1
202585,0.02793869304163953,0,0,0,1,1
924719,0.008870118080713058,0,0,0,1,1
345608,0.04201330445170702,0,0,0,1,1
662268,0.028245400818146082,0,0,0,1,1
526747,0.025215940700857902,0,0,0,1,1
395121,0.028001977372863435,0,0,0,1,1
331698,0.024636793649405436,0,0,0,1,1
336539,0.03671001304649753,0,0,0,1,1
351513,0.9632952068831673,1,0,1,0,1
586542,0.03525068285326902,0,0,0,1,1
792383,0.031150486105357336,0,0,0,1,1
274264,0.035847026113895585,0,0,0,1,1
460711,0.17267310067510436,1,0,1,0,0
117408,0.02351229570171961,0,0,0,1,1
498644,0.022142219051087528,0,0,0,1,1
231273,0.02406078727129238,0,0,0,1,1
329587,0.011230523556340147,0,0,0,1,1
206992,0.031292742343341416,0,0,0,1,1
469684,0.02735594045358234,0,0,0,1,1
763520,0.0232357729732846,0,0,0,1,1
823112,0.030497687340752904,0,0,0,1,1
768012,0.02031242373437533,0,0,0,1,1
399418,0.036645650342281816,0,0,0,1,1
734035,0.027569403093621034,0,0,0,1,1
332983,0.2545325279734939,0,0,0,0,0
894340,0.02491729030119452,0,0,0,1,1
192096,0.15829909702644154,0,0,0,0,0
400702,0.030875171775711745,0,0,0,1,1
416124,0.018310245048063452,0,0,0,1,1
456752,0.1790735835060406,0,0,0,0,0
466147,0.1790735835060406,0,0,0,0,1
837646,0.021630646944934648,1,1,0,1,1
559279,0.019231591833184083,0,0,0,1,1
733693,0.024779218485985296,0,0,0,1,1
602900,0.02083015371687659,0,0,0,1,1
543978,0.030037191440954927,0,0,0,1,1
287212,0.2095590334390619,0,0,0,0,0
660436,0.07851233665825101,0,0,0,1,1
472726,0.9632952068831673,1,0,1,0,1
220358,0.04105894589266357,0,0,0,1,1
590301,0.01845850038840974,0,0,0,1,1
420464,0.9644301495800426,1,0,1,0,1
640244,0.02338477505121917,0,0,0,1,1
384920,0.02009342738393407,0,0,0,1,1
573332,0.013744012781696914,0,0,0,1,1
458320,0.03986369807991173,0,0,0,1,1
101663,0.026986728407390876,0,0,0,1,1
873458,0.02231272151197033,0,0,0,1,1
141497,0.16494899010239208,0,0,0,0,0
866815,0.1676219129436931,0,0,0,0,0
439296,0.02909600855102731,0,0,0,1,1
521311,0.09976499287812676,0,0,0,1,1
709059,0.16494899010239208,0,0,0,0,0
735605,0.17112238262404106,0,0,0,0,0
235629,0.2042123563778441,0,0,0,0,0
173212,0.024063064931571423,0,0,0,1,1
476875,0.026847316588972183,0,0,0,1,1
330464,0.021815844630600097,0,0,0,1,1
743768,0.026298211993899766,0,0,0,1,1
595325,0.0269737593313755,0,0,0,1,1
881198,0.0240787748881095,0,0,0,1,1
881584,0.1612698215420699,0,0,0,0,0
949175,0.02052072257923591,0,0,0,1,1
437810,0.024532199482274523,0,0,0,1,1
297869,0.02626889378002333,0,0,0,1,1
818391,0.16312440362476424,1,1,0,0,0
272812,0.027165884200849495,0,0,0,1,1
273357,0.023666015935511386,0,0,0,1,1
302908,0.032274397648168765,0,0,0,1,1
217616,0.2155467197789668,0,0,0,0,0
905497,0.9644301495800426,1,0,1,0,1
166577,0.01984896716487795,0,0,0,1,1
315851,0.015704494054448178,0,0,0,1,1
469977,0.030059566229475893,0,0,0,1,1
784570,0.033109549490094356,0,0,0,1,1
465931,0.024032449131632758,0,0,0,1,1
482256,0.022338711565257654,0,0,0,1,1
733746,0.026230685189530013,0,0,0,1,1
526064,0.19627950476302466,0,0,0,0,0
655453,0.028965501878934975,0,0,0,1,1
130326,0.025162667117299767,0,0,0,1,1
845275,0.011038515114360114,0,0,0,1,1
757634,0.03377746559778908,0,0,0,1,1
135808,0.021580016054395967,0,0,0,1,1
418281,0.029906849644281495,0,0,0,1,1
508115,0.020147721948331462,0,0,0,1,1
834522,0.9656372523150991,1,0,1,0,1
842379,0.1610893243444933,0,0,0,1,0
245066,0.215261067196287,0,0,0,0,0
821325,0.1790735835060406,0,0,0,0,0
436081,0.031825635157881914,0,0,0,1,1
812282,0.03041612176370711,0,0,0,1,1
431277,0.08305256994888825,0,0,0,1,1
631821,0.027015887902943965,0,0,0,1,1
282930,0.06163702971960624,0,0,0,1,1
577405,0.021809872012394267,0,0,0,1,1
753149,0.02535520514382205,0,0,0,1,1
222960,0.02753326289223757,0,0,0,1,1
397248,0.030445547553621784,0,0,0,1,1
785185,0.038012972748536066,0,0,0,1,1
418990,0.012799902980163048,0,0,0,1,1
205465,0.16924334908255195,0,0,0,0,0
738141,0.11176116144622848,0,0,0,1,1
751820,0.028189058354471275,0,0,0,1,1
956191,0.15339337321179408,0,0,0,1,1
342958,0.14096390929055194,0,0,0,1,1
842236,0.021187243482785376,0,0,0,1,1
444686,0.020470270346758954,0,0,0,1,1
950980,0.5288567022347387,0,0,0,0,1
728748,0.20165681558149948,0,0,0,1,1
746677,0.02774922861746922,0,0,0,1,1
630396,0.012569295875097383,0,0,0,1,1
833765,0.032436306137039995,0,0,0,1,1
462077,0.022546006119261,0,0,0,1,1
376929,0.14872376762954576,1,1,0,0,0
246775,0.06827622859250883,0,0,0,1,1
471440,0.0836491375372404,0,0,0,1,1
784945,0.022882230870486565,0,0,0,1,1
438120,0.20463531076357552,0,0,0,0,0
755538,0.020330170394864795,0,0,0,1,1
430712,0.08555011828079162,1,1,0,1,1
724818,0.022398507659664883,0,0,0,1,1
660030,0.019295210828255322,0,0,0,1,1
102982,0.05456866725314475,0,0,0,1,1
630880,0.024572755114986536,0,0,0,1,1
803796,0.012788313329956,0,0,0,1,1
917972,0.024015736079387014,0,0,0,1,1
906623,0.1092002163369419,0,0,0,1,1
241038,0.026690960387743063,0,0,0,1,1
541898,0.08158326929260253,0,0,0,1,1
235391,0.01185083012186623,0,0,0,1,1
220131,0.215261067196287,0,0,0,0,0
293266,0.02338477505121917,0,0,0,1,1
391357,0.11674363888192925,1,1,0,1,1
328173,0.024168791631141114,1,1,0,1,1
925850,0.16494899010239208,0,0,0,0,0
165056,0.025168903517445343,0,0,0,1,1
847359,0.02457641084334059,0,0,0,1,1
596390,0.03775530780243428,0,0,0,1,1
913981,0.020556200912466422,0,0,0,1,1
727175,0.029770802694227428,0,0,0,1,1
437197,0.0213352591008146,0,0,0,1,1
879462,0.0267252120187866,0,0,0,1,1
993054,0.02648916527538516,0,0,0,1,1
941361,0.022989877006747088,0,0,0,1,1
280603,0.03613386887874821,0,0,0,1,1
445370,0.02313014977164256,0,0,0,1,1
750710,0.03061186116445547,0,0,0,1,1
746171,0.057017073451581406,0,0,0,1,1
947641,0.17387451273709756,0,0,0,0,1
971370,0.007906375841134065,0,0,0,1,1
276746,0.02419714399722206,0,0,0,1,1
819765,0.025601041266662083,0,0,0,1,1
672170,0.01022625970722199,0,0,0,1,1
990268,0.011141645765365017,0,0,0,1,1
989256,0.0214142392804891,0,0,0,1,1
203864,0.024636688910562247,0,0,0,1,1
221014,0.2551431707667012,0,0,0,0,0
349342,0.02493398853956182,0,0,0,1,1
963410,0.023666015935511386,0,0,0,1,1
163445,0.20463531076357552,0,0,0,0,0
901231,0.023521601346779216,0,0,0,1,1
727053,0.3927334974235973,1,1,0,1,1
132319,0.024058612145537787,0,0,0,1,1
629642,0.023312535582777558,0,0,0,1,1
378181,0.02261825007779636,0,0,0,1,1
188668,0.11252430596259447,0,0,0,1,1
628169,0.021740430849923973,0,0,0,1,1
290362,0.02505190920799732,0,0,0,1,1
786525,0.025693748142029536,0,0,0,1,1
598398,0.03321995477207438,0,0,0,1,1
113316,0.17387451273709756,1,1,0,0,1
426351,0.03404849189466863,0,0,0,1,1
423201,0.018067286319342454,0,0,0,1,1
401036,0.01105283932115423,0,0,0,1,1
896792,0.025718060724056604,0,0,0,1,1
831948,0.028619698525471617,0,0,0,1,1
794202,0.14181680127054153,0,0,0,1,1
447962,0.02274817036296564,0,0,0,1,1
871094,0.016946399333285456,0,0,0,1,1
628258,0.023435213949222027,0,0,0,1,1
782654,0.027540673545081593,0,0,0,1,1
736813,0.17387451273709756,0,0,0,0,0
686509,0.2545325279734939,0,0,0,0,0
428249,0.022853310618573125,0,0,0,1,1
483768,0.028767157198193696,0,0,0,1,1
837237,0.01169403935044479,0,0,0,1,1
170903,0.9060009215898494,1,0,1,1,1
624929,0.012126310041365803,0,0,0,1,1
323821,0.0346768561715658,0,0,0,1,1
349539,0.030064420541494944,0,0,0,1,1
508821,0.02655899544953394,0,0,0,1,1
253609,0.16494899010239208,0,0,0,0,0
742612,0.03149795101378769,0,0,0,1,1
675535,0.020735073251881654,0,0,0,1,1
797120,0.20463531076357552,0,0,0,0,0
118632,0.0314614106356884,0,0,0,1,1
711567,0.025322033317200104,0,0,0,1,1
752704,0.02572338243191838,0,0,0,1,1
343001,0.028564751601854257,0,0,0,1,1
618100,0.03481343244822777,0,0,0,1,1
335554,0.025068467542305933,0,0,0,1,1
569603,0.02006243866559597,0,0,0,1,1
672679,0.21191706998323742,0,0,0,0,0
183020,0.01633713803282466,0,0,0,1,1
937071,0.16123422560367096,0,0,0,0,0
358900,0.024790340646946244,0,0,0,1,1
765323,0.08438451457279975,0,0,0,1,1
542976,0.14534351057161937,0,0,0,0,0
827147,0.0279919004961506,0,0,0,1,1
855026,0.02336018979467503,0,0,0,1,1
817136,0.03450626636839951,0,0,0,1,1
711577,0.02703958402926716,0,0,0,1,1
250696,0.017878116787099316,0,0,0,1,1
436247,0.09968119862188367,0,0,0,1,1
763113,0.03958043600292292,0,0,0,1,1
817191,0.18753102412687744,0,0,0,1,0
861877,0.0274311392639024,0,0,0,1,1
493358,0.21191706998323742,0,0,0,0,0
853894,0.030636359556562506,0,0,0,1,1
729094,0.027550892685187664,0,0,0,1,1
646038,0.02366495345128348,0,0,0,1,1
981160,0.016911500406065438,0,0,0,1,1
276494,0.027592647994010993,0,0,0,1,1
644938,0.02338477505121917,0,0,0,1,1
175967,0.1890390569543153,0,0,0,0,0
749459,0.12686884058293738,0,0,0,1,1
157729,0.2478039619863637,0,0,0,0,0
216500,0.9656372523150991,1,0,1,0,1
360435,0.023835554407619426,0,0,0,1,1
393604,0.17387451273709756,0,0,0,0,1
608241,0.021187243482785376,0,0,0,1,1
195368,0.022798399817360097,0,0,0,1,1
877945,0.01855743534564626,0,0,0,1,1
577535,0.028481879610697085,0,0,0,1,1
572263,0.023554952875253363,0,0,0,1,1
750739,0.4304404553964431,0,0,0,1,1
392774,0.028770485094268855,0,0,0,1,1
458202,0.025475307232524693,0,0,0,1,1
506190,0.023003010291887952,0,0,0,1,1
841219,0.03841974942455167,0,0,0,1,1
196779,0.0273445603538604,0,0,0,1,1
596586,0.01721930619166277,0,0,0,1,1
309230,0.013493276434235013,0,0,0,1,1
831253,0.02453683477704832,0,0,0,1,1
258141,0.2095590334390619,0,0,0,0,0
787525,0.02723743959311626,0,0,0,1,1
956861,0.026751453036967902,0,0,0,1,1
328576,0.029276686935933896,0,0,0,1,1
637655,0.01164434296322059,0,0,0,1,1
529106,0.024790340646946244,0,0,0,1,1
584285,0.019519445104489226,0,0,0,1,1
344749,0.24031677539735255,0,0,0,0,0
495632,0.19845987170977003,0,0,0,0,0
821515,0.16008003523495856,0,0,0,0,0
503494,0.09164098712231226,0,0,0,1,1
695250,0.018811654048999312,0,0,0,1,1
535525,0.4701802346457506,1,1,0,1,1
480732,0.024560599349654856,0,0,0,1,1
989666,0.021657256641092304,0,0,0,1,1
883574,0.02255790576342161,0,0,0,1,1
623144,0.0165920614038413,0,0,0,1,1
509108,0.20927919904776876,0,0,0,0,0
377471,0.20927919904776876,0,0,0,0,0
314941,0.026766030564809414,0,0,0,1,1
804710,0.020271443793140297,0,0,0,1,1
380031,0.022770006717289487,0,0,0,1,1
937163,0.011087378599922062,0,0,0,1,1
280545,0.02338477505121917,0,0,0,1,1
223354,0.025529926840366597,0,0,0,1,1
591579,0.20463531076357552,0,0,0,0,0
609184,0.03406886002728528,0,0,0,1,1
661274,0.0199589885250552,0,0,0,1,1
607548,0.03547938718280153,0,0,0,1,1
901857,0.13092006584778446,0,0,0,1,1
511642,0.010430393175002436,0,0,0,1,1
670371,0.031901046881522205,0,0,0,1,1
272123,0.6368817408832461,1,0,1,0,1
957061,0.008385367487649072,0,0,0,1,1
149549,0.21668118811504164,0,0,0,0,0
372290,0.028866690864322614,0,0,0,1,1
451839,0.20463531076357552,0,0,0,0,0
334273,0.042545450328896665,1,1,0,1,1
263763,0.022836444102373017,0,0,0,1,1
324801,0.04478754224743936,0,0,0,1,1
543478,0.1294296395129358,0,0,0,1,1
553558,0.031045302798296516,0,0,0,1,1
797391,0.6264415902921604,1,0,1,0,0
576690,0.023300269366272337,0,0,0,1,1
556755,0.2081731857303604,1,1,1,0,0
308629,0.030382843432117765,1,1,0,1,1
276990,0.03410653533523543,0,0,0,1,1
912293,0.036961808449767874,0,0,0,1,1
994676,0.032661127252435355,0,0,0,1,1
527640,0.029879897490076246,0,0,0,1,1
564141,0.023915385336190313,1,1,0,1,1
908123,0.023829239839282142,0,0,0,1,1
222453,0.024636793649405436,0,0,0,1,1
580356,0.02166066277559828,0,0,0,1,1
771713,0.042480876341148825,0,0,0,1,1
604116,0.2478039619863637,0,0,0,0,0
392989,0.1676219129436931,0,0,0,0,0
430817,0.02815849738893443,0,0,0,1,1
910157,0.1627855334946969,0,0,0,0,1
831180,0.03019412201870684,0,0,0,1,1
144633,0.013929170853570825,0,0,0,1,1
918564,0.02083015371687659,0,0,0,1,1
347515,0.15633046701146774,0,0,0,0,1
444931,0.030123837419572398,0,0,0,1,1
347955,0.026211166410874755,0,0,0,1,1
458074,0.02338477505121917,0,0,0,1,1
734307,0.022214031159685673,0,0,0,1,1
991568,0.03501281669236262,0,0,0,1,1
174439,0.02655899544953394,0,0,0,1,1
719192,0.02844571027741911,0,0,0,1,1
757127,0.2081731857303604,1,0,1,0,0
503096,0.21191706998323742,1,0,1,0,0
915638,0.029158284651128203,0,0,0,1,1
792514,0.018351060512749828,0,0,0,1,1
187010,0.20927919904776876,0,0,0,0,0
275387,0.18236151020940133,1,1,0,0,0
186729,0.21191706998323742,0,0,0,0,0
197855,0.17387451273709756,0,0,0,0,0
202864,0.019732411080617785,0,0,0,1,1
845273,0.021856958051406392,0,0,0,1,1
930900,0.029223389161885726,0,0,0,1,1
165022,0.24476248970491027,0,0,0,0,0
447544,0.03296252419023798,0,0,0,1,1
343994,0.03197881789752478,0,0,0,1,1
330316,0.02599005190014125,0,0,0,1,1
662723,0.16427257012847687,1,0,1,0,0
685408,0.00950755254227292,0,0,0,1,1
773598,0.02363408091580313,0,0,0,1,1
374266,0.028417091031702976,0,0,0,1,1
912757,0.03377890471796283,0,0,0,1,1
175249,0.02576828017459353,0,0,0,1,1
306068,0.027801185491191392,0,0,0,1,1
233084,0.022329025605002852,0,0,0,1,1
500374,0.14425101421967784,0,0,0,0,0
471460,0.18236151020940133,1,1,0,0,0
484495,0.01934337144961753,0,0,0,1,1
595978,0.0885056123812943,0,0,0,1,1
836603,0.1511813688002416,0,0,0,0,0
227906,0.03242481357240381,0,0,0,1,1
701954,0.0955944131021179,0,0,0,1,1
846277,0.02124997776829088,0,0,0,1,1
968034,0.028069364815928345,0,0,0,1,1
549238,0.026350253987534433,0,0,0,1,1
209172,0.019954612212368845,0,0,0,1,1
346633,0.10013243190988831,0,0,0,1,1
983872,0.1790735835060406,0,0,0,0,0
143730,0.019257735920470465,0,0,0,1,1
105688,0.02287369429032406,0,0,0,1,1
235063,0.028086469303976205,0,0,0,1,1
325082,0.023178920215851016,0,0,0,1,1
587284,0.21191706998323742,0,0,0,0,0
282542,0.02791252516669677,0,0,0,1,1
244676,0.12463700745502465,0,0,0,1,1
749328,0.026433953208445785,0,0,0,1,1
621750,0.02687489087767744,0,0,0,1,1
524234,0.009190232511491675,0,0,0,1,1
344121,0.021601449263587525,0,0,0,1,1
451240,0.02223156565126187,0,0,0,1,1
370744,0.046699439537846686,0,0,0,1,1
182130,0.026689139185720873,0,0,0,1,1
154194,0.20463531076357552,0,0,0,0,0
231047,0.05910037942410562,0,0,0,1,1
391313,0.17267310067510436,0,0,0,0,1
422358,0.024277628778368303,0,0,0,1,1
612233,0.021266234773085663,0,0,0,1,1
324295,0.11580802266369995,0,0,0,1,1
392430,0.03540815360031085,0,0,0,1,1
152423,0.010261728682547861,0,0,0,1,1
962472,0.24476248970491027,0,0,0,0,0
588516,0.030037191440954927,0,0,0,1,1
793549,0.027698413604846747,0,0,0,1,1
171137,0.15839309719998831,0,0,0,0,1
189666,0.19337291793888572,0,0,0,0,0
110142,0.21668118811504164,1,1,0,0,0
441509,0.02378395759933914,0,0,0,1,1
386446,0.1790735835060406,0,0,0,0,0
955567,0.20463531076357552,1,1,0,0,0
218362,0.021679820564026075,0,0,0,1,1
137251,0.17267310067510436,0,0,0,0,0
902634,0.2095590334390619,0,0,0,0,0
304600,0.07010686445194612,0,0,0,1,1
237770,0.09221823343177174,0,0,0,1,1
359091,0.08427887403684534,0,0,0,1,1
645986,0.024152909595911536,0,0,0,1,1
845947,0.20233749659674605,1,1,0,0,1
851871,0.011359621485540202,0,0,0,1,1
937976,0.1676219129436931,0,0,0,0,0
905907,0.02674788544894702,0,0,0,1,1
128475,0.02993566992532721,0,0,0,1,1
958026,0.1199459118366005,1,1,0,1,1
431201,0.08835016853493836,0,0,0,1,1
802316,0.007384453698825884,0,0,0,1,1
640833,0.025160730663779617,0,0,0,1,1
317094,0.03255268754592017,0,0,0,1,1
917725,0.02331269132364711,0,0,0,1,1
953307,0.17267310067510436,0,0,0,0,0
670289,0.20463531076357552,1,1,0,0,1
707276,0.03686108026039471,0,0,0,1,1
451819,0.01024433843778229,0,0,0,1,1
761966,0.028045262480422873,0,0,0,1,1
968370,0.032429548762669895,0,0,0,1,1
472314,0.2155467197789668,0,0,0,0,0
767385,0.031003983408261816,0,0,0,1,1
576498,0.030905121030803315,0,0,0,1,1
799992,0.03383056697993629,0,0,0,1,1
225482,0.01908570580589133,0,0,0,1,1
249381,0.15797720177703145,0,0,0,1,0
635531,0.018162549339072583,0,0,0,1,1
164559,0.16610745007874064,0,0,0,0,0
354150,0.1000767822826703,0,0,0,1,1
543956,0.20927919904776876,0,0,0,0,0
601131,0.022769356262177073,0,0,0,1,1
306965,0.02624424970345395,1,1,0,1,1
895972,0.02390001341079187,0,0,0,1,1
195848,0.03281159456266623,0,0,0,1,1
111912,0.021415955555232097,0,0,0,1,1
686838,0.031232673456274403,0,0,0,1,1
178331,0.024297973370369312,0,0,0,1,1
198167,0.022969915458557363,0,0,0,1,1
202859,0.021467777582986337,0,0,0,1,1
319901,0.2081731857303604,0,0,0,0,0
450802,0.2530179039988978,0,0,0,0,0
714123,0.14731113450168445,0,0,0,1,0
715514,0.20646650844652964,0,0,0,0,0
536082,0.029651142480719504,0,0,0,1,1
302669,0.20463531076357552,0,0,0,0,0
898423,0.023748703514539022,0,0,0,1,1
391402,0.1414377000280454,0,0,0,1,1
902040,0.019501695313043934,0,0,0,1,1
688058,0.02429317127253946,0,0,0,1,1
844582,0.02586608348227744,0,0,0,1,1
468542,0.2478039619863637,1,1,0,0,0
934912,0.0926373000774566,0,0,0,1,1
177345,0.18344605735657682,0,0,0,0,0
991356,0.028440353428897957,0,0,0,1,1
981920,0.012795938453152222,0,0,0,1,1
282896,0.029830893336482128,0,0,0,1,1
169661,0.013536783687387659,0,0,0,1,1
113919,0.02506383001672,0,0,0,1,1
738005,0.03303728701733536,0,0,0,1,1
866604,0.023915385336190313,0,0,0,1,1
546665,0.02401951376872881,0,0,0,1,1
701622,0.028004085021187227,0,0,0,1,1
943236,0.20947266933510925,0,0,0,0,0
423711,0.9644301495800426,1,0,1,0,1
836405,0.018811654048999312,0,0,0,1,1
690554,0.03223133130038632,0,0,0,1,1
856229,0.2478039619863637,0,0,0,0,0
197138,0.028793204644345257,0,0,0,1,1
752462,0.023343724416171056,0,0,0,1,1
172593,0.13357526481729995,0,0,0,1,0
403185,0.10709096698449651,0,0,0,1,1
585780,0.01506240215495717,0,0,0,1,1
766355,0.18236151020940133,0,0,0,0,0
748717,0.18236151020940133,0,0,0,0,0
701732,0.24476248970491027,0,0,0,0,0
349046,0.024560599349654856,0,0,0,1,1
646502,0.040370574587135964,0,0,0,1,1
678786,0.01611217992284897,0,0,0,1,1
159344,0.02266910388472159,0,0,0,1,1
345657,0.204853816712556,0,0,0,0,0
710003,0.5945315219670086,1,0,1,0,1
499932,0.12283139088072019,0,0,0,1,1
451446,0.01089280521308867,0,0,0,1,1
626149,0.019049201690494726,0,0,0,1,1
911655,0.020449111285746214,0,0,0,1,1
486359,0.022571920431003242,0,0,0,1,1
666597,0.10635543666669171,0,0,0,1,1
373898,0.02799905788451161,0,0,0,1,1
370405,0.9352156659180489,1,0,1,1,1
697680,0.21191706998323742,0,0,0,0,0
818484,0.03290592052367542,0,0,0,1,1
351461,0.21668118811504164,0,0,0,0,0
997322,0.15829909702644154,0,0,0,0,0
457536,0.024498592062529044,0,0,0,1,1
805890,0.00994897946081545,0,0,0,1,1
679437,0.03041612176370711,0,0,0,1,1
842980,0.21191706998323742,0,0,0,0,0
303682,0.025054055811602645,0,0,0,1,1
849178,0.028362110283760848,0,0,0,1,1
873554,0.2264523679746138,0,0,0,1,0
427329,0.029865149144538798,0,0,0,1,1
224676,0.9656372523150991,1,0,1,0,1
505680,0.010031947957350443,0,0,0,1,1
510513,0.02702085836094135,0,0,0,1,1
231530,0.029720767111211445,0,0,0,1,1
178160,0.02292817218853963,0,0,0,1,1
423096,0.02236793616268465,0,0,0,1,1
593885,0.17387451273709756,1,0,1,0,0
616835,0.16610745007874064,0,0,0,0,0
171908,0.18236151020940133,0,0,0,0,0
857946,0.025268294673659222,0,0,0,1,1
848973,0.032023289725357305,0,0,0,1,1
997359,0.012226537150809536,0,0,0,1,1
550839,0.022195217118981148,0,0,0,1,1
279408,0.02414116830822891,0,0,0,1,1
126262,0.02548726653555271,0,0,0,1,1
946932,0.17267310067510436,0,0,0,0,1
136473,0.1890390569543153,0,0,0,0,0
422750,0.021735491824560596,0,0,0,1,1
633734,0.47656457283040116,1,1,0,1,1
665763,0.9392095499158957,1,0,1,0,1
745792,0.021308018093738886,0,0,0,1,1
951616,0.021432720847282004,0,0,0,1,1
161728,0.2530179039988978,0,0,0,0,0
286883,0.058161802403802185,0,0,0,1,1
693138,0.025346710492400268,0,0,0,1,1
824414,0.027582329029375973,0,0,0,1,1
773648,0.026593069598694244,0,0,0,1,1
950252,0.20463531076357552,0,0,0,0,0
484625,0.008990689251110896,0,0,0,1,1
798375,0.027216295031726605,0,0,0,1,1
489443,0.9591208723568616,1,0,1,0,1
276673,0.04806656018834828,0,0,0,1,1
733226,0.13763469916441776,1,1,1,1,1
162472,0.2530179039988978,0,0,0,0,0
723186,0.028060023891588726,0,0,0,1,1
835693,0.029102615590944417,0,0,0,1,1
910093,0.2319356470253781,0,0,0,0,0
947367,0.019513476742288444,0,0,0,1,1
762715,0.1160514443653173,0,0,0,1,1
351966,0.1676219129436931,0,0,0,0,0
501209,0.023233294755658856,0,0,0,1,1
361237,0.03220225979509926,0,0,0,1,1
528693,0.01110914373308679,0,0,0,1,1
745600,0.029421697035118648,1,1,0,1,1
613709,0.20463531076357552,1,0,1,0,0
922703,0.1676219129436931,0,0,0,0,0
156959,0.027522834795964977,0,0,0,1,1
690971,0.02912947517477711,0,0,0,1,1
837704,0.1790735835060406,0,0,0,0,0
981508,0.48878044842993623,0,0,0,0,1
607847,0.13252491222291196,0,0,0,0,1
771056,0.023442632861086568,0,0,0,1,1
881741,0.2155467197789668,0,0,0,0,0
741313,0.023018344224583872,0,0,0,1,1
717232,0.012432134422696197,0,0,0,1,1
234973,0.020493618669761595,0,0,0,1,1
254853,0.08175590604557803,0,0,0,1,1
917423,0.03203007122123387,0,0,0,1,1
171902,0.1305988802920627,1,1,0,1,1
415441,0.14270810133666628,0,0,0,1,0
672893,0.01075429742255329,0,0,0,1,1
226191,0.03427309532700815,0,0,0,1,1
796627,0.20927919904776876,0,0,0,0,0
958941,0.21668118811504164,1,1,0,0,0
478792,0.012596880444801504,0,0,0,1,1
675385,0.026602102811029506,0,0,0,1,1
434620,0.2095590334390619,0,0,0,0,0
833436,0.02497049875421747,0,0,0,1,1
173666,0.023101745337936984,1,1,0,1,1
693659,0.020886591041905413,0,0,0,1,1
668624,0.026265677207823718,0,0,0,1,1
243294,0.1790735835060406,1,1,0,0,0
471170,0.023612124892384793,0,0,0,1,1
531514,0.01538387963014737,0,0,0,1,1
667692,0.021819843599361323,0,0,0,1,1
490824,0.021876367624357723,0,0,0,1,1
238607,0.02335000824135504,0,0,0,1,1
448896,0.028807660763223376,0,0,0,1,1
657865,0.029536879508740916,0,0,0,1,1
100428,0.00781956216552542,0,0,0,1,1
272686,0.22833911649148908,1,0,1,0,0
598369,0.03516649065783102,0,0,0,1,1
833844,0.09780210336189052,0,0,0,1,1
776795,0.03328607841885926,0,0,0,1,1
146215,0.042675478801163604,0,0,0,1,1
747704,0.019871247896863183,0,0,0,1,1
254428,0.21191706998323742,0,0,0,0,0
951941,0.02644224658389464,0,0,0,1,1
252450,0.16008003523495856,0,0,0,0,0
561621,0.08093334516619873,0,0,0,1,1
107649,0.012390980308154801,0,0,0,1,1
425687,0.11648657045498684,0,0,0,1,1
758113,0.02443632746371044,0,0,0,1,1
229094,0.02083015371687659,0,0,0,1,1
508824,0.012028960826610218,0,0,0,1,1
456839,0.028753897711353543,0,0,0,1,1
912064,0.020681069014633832,0,0,0,1,1
961177,0.09651613944845733,0,0,0,1,1
171582,0.13122013034538701,1,1,0,1,1
485845,0.055496628602555366,0,0,0,1,1
273179,0.026283310454121602,0,0,0,1,1
135016,0.029177145809397446,0,0,0,1,1
582930,0.026211166410874755,0,0,0,1,1
200663,0.1676219129436931,0,0,0,0,0
266541,0.18584985003499577,0,0,0,0,1
340782,0.11532549996872096,0,0,0,1,1
556453,0.022488861347169087,0,0,0,1,1
583415,0.03063453686760394,0,0,0,1,1
317664,0.08380540802884405,0,0,0,1,1
216445,0.2530179039988978,1,0,1,0,0
307785,0.023754817003175707,0,0,0,1,1
532333,0.02484885085613695,0,0,0,1,1
155795,0.16008003523495856,0,0,0,0,0
884089,0.025353614318212796,0,0,0,1,1
285202,0.1790735835060406,0,0,0,0,1
892079,0.018795362153608757,0,0,0,1,1
742356,0.9656372523150991,1,0,1,0,1
971582,0.023106454845346753,0,0,0,1,1
201115,0.21668118811504164,0,0,0,0,0
717026,0.03171720517969307,0,0,0,1,1
568953,0.028712916023244658,0,0,0,1,1
968666,0.0970970086154676,0,0,0,1,1
123393,0.029121832392904702,0,0,0,1,1
521217,0.026073910583475312,0,0,0,1,1
311363,0.023666015935511386,0,0,0,1,1
330988,0.139444727544233,0,0,0,1,1
696090,0.017744694075897217,0,0,0,1,1
465260,0.02498980959790496,0,0,0,1,1
989154,0.03533964179718653,0,0,0,1,1
403463,0.17991798117177876,0,0,0,0,0
775176,0.054664689985056684,0,0,0,1,1
983809,0.1624074676392071,0,0,0,0,0
424403,0.030652599550130593,0,0,0,1,1
283929,0.018477621771886395,0,0,0,1,1
996896,0.024277628778368303,0,0,0,1,1
376367,0.20463531076357552,0,0,0,0,0
892219,0.014736092918980244,0,0,0,1,1
929880,0.028684802936107423,0,0,0,1,1
390434,0.02633551608517081,0,0,0,1,1
644551,0.01818065287073724,0,0,0,1,1
300008,0.03639252133772784,0,0,0,1,1
354002,0.01935038981978911,0,0,0,1,1
389387,0.21379591358914635,0,0,0,0,1
409768,0.21191706998323742,0,0,0,0,0
515969,0.014884434253458182,0,0,0,1,1
595027,0.1197268532923305,0,0,0,1,1
642102,0.02802605130039914,0,0,0,1,1
109023,0.025038427571309786,0,0,0,1,1
199494,0.18351626995452375,1,0,1,0,0
351753,0.20463531076357552,0,0,0,0,1
408347,0.17387451273709756,0,0,0,0,0
735770,0.09271213924007575,0,0,0,1,1
369141,0.03286911388087759,0,0,0,1,1
690563,0.010740991073759839,0,0,0,1,1
229636,0.9656372523150991,1,0,1,0,1
304726,0.02346491297029642,0,0,0,1,1
187041,0.026551966469684617,0,0,0,1,1
510644,0.20463531076357552,0,0,0,0,1
488268,0.03312393433705672,0,0,0,1,1
452439,0.029996439212331256,0,0,0,1,1
441964,0.1253965840933367,0,0,0,1,1
381308,0.16427257012847687,0,0,0,0,0
718409,0.011133427875348049,0,0,0,1,1
395887,0.02595181764533409,0,0,0,1,1
348448,0.028275740042251467,0,0,0,1,1
736004,0.21687962438501157,0,0,0,0,0
878568,0.012702219335400187,0,0,0,1,1
608116,0.025998276817579085,0,0,0,1,1
825569,0.02753326289223757,0,0,0,1,1
705496,0.02597633568480045,0,0,0,1,1
772395,0.15829909702644154,0,0,0,0,0
153987,0.2155467197789668,0,0,0,0,1
759223,0.11791931519611361,0,0,0,1,1
793178,0.013663106686126289,0,0,0,1,1
114493,0.046526289963761125,0,0,0,1,1
896592,0.1768698056953476,0,0,0,1,0
873415,0.010418987520999134,0,0,0,1,1
804259,0.017627574642658683,0,0,0,1,1
906346,0.021699068540561826,0,0,0,1,1
212230,0.028886171090897292,0,0,0,1,1
391761,0.024285027301080755,0,0,0,1,1
760645,0.0400744856365414,0,0,0,1,1
485280,0.09229091502347096,0,0,0,1,1
818454,0.10499609494051705,0,0,0,1,1
591476,0.07572236874396224,1,0,1,1,1
593868,0.030641804914789687,0,0,0,1,1
136230,0.1511813688002416,0,0,0,0,0
749441,0.021298511277824814,0,0,0,1,1
392582,0.04313575413165292,0,0,0,1,1
458773,0.9656372523150991,1,0,1,0,1
567865,0.09458993496448666,0,0,0,1,1
292049,0.029462532912316226,0,0,0,1,1
606811,0.9656372523150991,1,0,1,0,1
444202,0.16924334908255195,0,0,0,0,0
353486,0.016180619854422835,0,0,0,1,1
952393,0.19022626313867796,0,0,0,0,0
729677,0.029421697035118648,0,0,0,1,1
450888,0.022023772862225656,0,0,0,1,1
238063,0.9656372523150991,1,0,1,0,1
853826,0.02601192266504951,0,0,0,1,1
864967,0.1214935358538615,0,0,0,1,1
312863,0.02402368038759899,0,0,0,1,1
582244,0.9656372523150991,1,0,1,0,1
412944,0.023662644201575215,0,0,0,1,1
899760,0.15231783916693797,0,0,0,1,0
506418,0.24281410017437316,0,0,0,0,0
846732,0.02578147851715117,0,0,0,1,1
505522,0.14294488114224527,0,0,0,1,0
766091,0.17387451273709756,0,0,0,0,0
642020,0.4605763438334095,0,0,0,1,0
417564,0.02131979501114802,0,0,0,1,1
708337,0.11496275211356649,0,0,0,1,1
703711,0.19845987170977003,0,0,0,0,0
246690,0.21668118811504164,0,0,0,0,0
669373,0.02118367926191109,0,0,0,1,1
836443,0.026006480807772046,0,0,0,1,1
485557,0.020166063775680584,0,0,0,1,1
504589,0.031776756384932166,0,0,0,1,1
840326,0.02540311812087871,0,0,0,1,1
514369,0.17267310067510436,0,0,0,0,0
756592,0.9656372523150991,1,0,1,0,1
455991,0.22076772232385594,0,0,0,1,0
625621,0.021432720847282004,0,0,0,1,1
603079,0.011190525763493027,0,0,0,1,1
388448,0.02119242775729616,0,0,0,1,1
832663,0.04726313517734001,0,0,0,1,1
454440,0.019010720197291695,0,0,0,1,1
902515,0.029036445686623922,0,0,0,1,1
876569,0.023881548861064937,0,0,0,1,1
839967,0.04229582575167501,0,0,0,1,1
151571,0.2081731857303604,0,0,0,0,0
570784,0.025940482930880863,0,0,0,1,1
170027,0.030131917147377365,0,0,0,1,1
464771,0.02866720927359862,1,0,1,1,1
292164,0.018668502932929636,0,0,0,1,1
738432,0.03214127980237053,0,0,0,1,1
101902,0.10273193496118964,0,0,0,1,1
463606,0.009816251132579732,0,0,0,1,1
902277,0.18236151020940133,0,0,0,0,0
352424,0.017895551841676797,0,0,0,1,1
100816,0.022414703061340704,0,0,0,1,1
986461,0.11897462641930273,0,0,0,1,1
183754,0.027627742998958302,0,0,0,1,1
931537,0.025207663982627634,0,0,0,1,1
221287,0.028596820279923125,0,0,0,1,1
797845,0.029381940729340663,0,0,0,1,1
391106,0.026598535077809442,0,0,0,1,1
519766,0.0573649497032426,1,1,0,1,1
442956,0.03266144287902544,0,0,0,1,1
713132,0.0254356064532514,0,0,0,1,1
241967,0.027685535445730165,0,0,0,1,1
419648,0.10951675432231095,0,0,0,1,1
253601,0.02606303196140682,0,0,0,1,1
941170,0.027486163399033092,0,0,0,1,1
333680,0.022676524896499593,0,0,0,1,1
545917,0.030119326477244062,0,0,0,1,1
444060,0.11031298808112841,0,0,0,1,1
572647,0.13215439273930718,0,0,0,1,1
311684,0.023968459977385323,0,0,0,1,1
357173,0.02954734372202617,0,0,0,1,1
193020,0.16610745007874064,0,0,0,0,0
418958,0.022977527412102974,0,0,0,1,1
146702,0.16610745007874064,0,0,0,0,0
719213,0.037285965036521096,0,0,0,1,1
774275,0.01996753207321249,0,0,0,1,1
158401,0.1937330146011049,0,0,0,0,0
687951,0.5443058414353368,0,0,0,0,1
472879,0.021799910398003827,0,0,0,1,1
382243,0.017041487818108873,0,0,0,1,1
178335,0.009549113138835866,0,0,0,1,1
150383,0.1587390595332544,0,0,0,0,0
263766,0.023889020803433473,0,0,0,1,1
702915,0.028030560011163216,0,0,0,1,1
249270,0.1624074676392071,0,0,0,0,0
142371,0.0253746490274957,0,0,0,1,1
887464,0.026569639951627227,0,0,0,1,1
892517,0.9656372523150991,1,0,1,0,1
428130,0.022660069509571577,0,0,0,1,1
605343,0.02227987014670248,0,0,0,1,1
204994,0.011750461426335405,0,0,0,1,1
260838,0.026782482839816844,0,0,0,1,1
611667,0.16008003523495856,0,0,0,0,0
565811,0.029814800609694443,0,0,0,1,1
801953,0.1691236736523902,0,0,0,1,0
241391,0.01429002256714457,0,0,0,1,1
331706,0.02450870730789075,0,0,0,1,1
287979,0.4191481467573147,1,1,0,1,1
566696,0.030778863759104477,0,0,0,1,1
954329,0.1676219129436931,0,0,0,0,1
263781,0.20015124108910837,0,0,0,0,0
894799,0.01673258422008598,0,0,0,1,1
401055,0.03277619161302915,0,0,0,1,1
498694,0.02247217447894885,0,0,0,1,1
113558,0.032946538520261685,0,0,0,1,1
781187,0.02520735423509636,0,0,0,1,1
452417,0.03052818402895415,0,0,0,1,1
323311,0.017849828639673097,0,0,0,1,1
519300,0.02898175909931648,0,0,0,1,1
522618,0.03779034382737007,0,0,0,1,1
583227,0.020806186067940796,0,0,0,1,1
857878,0.2347869696150482,0,0,0,0,0
153998,0.18236151020940133,0,0,0,0,0
790450,0.0277964426898471,0,0,0,1,1
650420,0.025556597254820637,0,0,0,1,1
482673,0.1676219129436931,0,0,0,0,0
708210,0.009602667564190677,0,0,0,1,1
169129,0.02083015371687659,0,0,0,1,1
700918,0.023745412418716458,0,0,0,1,1
307256,0.01341724222100612,0,0,0,1,1
378857,0.028417091031702976,0,0,0,1,1
448136,0.025091003653663842,0,0,0,1,1
791978,0.021432720847282004,0,0,0,1,1
274817,0.023047790992378,0,0,0,1,1
368675,0.20463531076357552,0,0,0,0,0
584463,0.01953944606107939,0,0,0,1,1
159800,0.7822047827289905,1,0,1,1,1
160773,0.02829655867986789,0,0,0,1,1
496014,0.013261156679222268,0,0,0,1,1
623222,0.030348878868749138,1,1,0,1,1
270266,0.021266246423133385,0,0,0,1,1
775407,0.17267310067510436,0,0,0,0,0
791282,0.18236151020940133,1,1,0,0,0
777561,0.03213806258276495,0,0,0,1,1
731540,0.012535402383320515,0,0,0,1,1
455319,0.02406688153252604,0,0,0,1,1
318199,0.024681440573583322,0,0,0,1,1
804510,0.1790735835060406,1,0,1,0,0
637396,0.013129782980015582,0,0,0,1,1
663133,0.02135842321109067,0,0,0,1,1
678722,0.10834186445032241,0,0,0,1,1
470998,0.1787963351252134,0,0,0,0,0
356618,0.0251939137319452,0,0,0,1,1
934893,0.02100902325138225,0,0,0,1,1
491369,0.025905585210874542,0,0,0,1,1
736504,0.007355273634078806,0,0,0,1,1
950336,0.04780308058370157,0,0,0,1,1
721786,0.03457959325666899,0,0,0,1,1
344570,0.17926005581893523,0,0,0,0,1
927165,0.687011655050181,1,0,1,0,0
197192,0.028828958945698802,0,0,0,1,1
711864,0.022660069509571577,0,0,0,1,1
576051,0.017169227088175643,0,0,0,1,1
272551,0.17387451273709756,1,1,0,0,1
385861,0.17267310067510436,0,0,0,0,0
730008,0.9656372523150991,1,0,1,0,1
313708,0.18351626995452375,0,0,0,0,1
502023,0.011467989271103594,0,0,0,1,1
713039,0.16071140840497214,0,0,0,1,1
937476,0.03036731127856791,0,0,0,1,1
792332,0.012100279276738658,0,0,0,1,1
857516,0.021908077903503163,0,0,0,1,1
180216,0.03198901223797459,0,0,0,1,1
301793,0.011333770858101245,0,0,0,1,1
308480,0.20463531076357552,0,0,0,0,0
802196,0.02386135358980269,0,0,0,1,1
465095,0.07456587601055854,0,0,0,1,1
639117,0.030095933376636814,0,0,0,1,1
942779,0.022546006119261,0,0,0,1,1
151554,0.02164361960639112,0,0,0,1,1
290091,0.027039184934444332,0,0,0,1,1
280216,0.1345734432946988,0,0,0,1,1
452684,0.24262039695112447,1,1,0,1,1
499482,0.2478039619863637,0,0,0,0,0
744711,0.20927919904776876,0,0,0,0,0
475233,0.05311845236124696,0,0,0,1,1
715184,0.11061475253333014,0,0,0,1,1
775768,0.00972934303212303,0,0,0,1,1
474305,0.015814838835670312,0,0,0,1,1
583565,0.008611488735717293,0,0,0,1,1
907038,0.20463531076357552,0,0,0,0,1
204375,0.025972100898959745,0,0,0,1,1
788515,0.03265163952362647,0,0,0,1,1
580508,0.18879317998939402,0,0,0,1,0
926106,0.02224146982770071,0,0,0,1,1
531976,0.0234545058817847,0,0,0,1,1
246421,0.2396640854419633,0,0,0,0,0
899287,0.03627156913424938,0,0,0,1,1
642901,0.02184460519389692,0,0,0,1,1
164224,0.20927919904776876,0,0,0,0,0
658310,0.04042674632424653,0,0,0,1,1
267474,0.02688659972793289,0,0,0,1,1
822555,0.024538412228493782,0,0,0,1,1
675057,0.01980037202204668,0,0,0,1,1
849330,0.010693373351200075,0,0,0,1,1
796541,0.02857821264405683,0,0,0,1,1
183224,0.02083015371687659,0,0,0,1,1
283709,0.1438325874992055,0,0,0,1,1
845488,0.10147577355082342,0,0,0,1,1
337818,0.025542987327775206,0,0,0,1,1
271043,0.029643225031544176,0,0,0,1,1
659882,0.03386733525367424,1,1,0,1,1
734727,0.022023772862225656,0,0,0,1,1
939103,0.024582772414459407,0,0,0,1,1
981434,0.012363653120134703,0,0,0,1,1
939319,0.020041096012010408,0,0,0,1,1
211524,0.1676219129436931,0,0,0,0,0
404920,0.039372900103936355,0,0,0,1,1
380059,0.018668502932929636,0,0,0,1,1
159680,0.026258940229916025,0,0,0,1,1
109612,0.43980870060501914,1,1,0,1,1
703621,0.020994564127448986,0,0,0,1,1
985757,0.15100600612228418,0,0,0,1,0
708160,0.026449366510119122,0,0,0,1,1
127185,0.028998196876364825,0,0,0,1,1
318945,0.030217650634037134,0,0,0,1,1
157300,0.16008003523495856,1,1,0,0,0
408990,0.02712685447295555,0,0,0,1,1
595624,0.17267310067510436,0,0,0,0,0
730715,0.03447647328444718,0,0,0,1,1
967241,0.02361386982207561,0,0,0,1,1
314713,0.09651613944845733,0,0,0,1,1
367685,0.1676219129436931,1,1,0,0,0
207576,0.011052502310214419,0,0,0,1,1
511226,0.2478039619863637,0,0,0,0,0
866417,0.24476248970491027,0,0,0,0,0
392206,0.009780647297087205,0,0,0,1,1
967727,0.17267310067510436,0,0,0,0,0
462833,0.026276730906786568,0,0,0,1,1
971097,0.04025156964505776,0,0,0,1,1
338346,0.024034038144074774,0,0,0,1,1
550173,0.021838363553914407,0,0,0,1,1
950896,0.15829909702644154,0,0,0,0,0
354442,0.031112563616607577,0,0,0,1,1
410373,0.9316898177160607,1,0,1,0,1
884505,0.04269910298238688,0,0,0,1,1
646756,0.17267310067510436,1,0,1,0,0
723707,0.2095590334390619,0,0,0,0,0
795820,0.03192473954103081,0,0,0,1,1
586076,0.21668118811504164,0,0,0,0,0
431392,0.17387451273709756,0,0,0,0,0
449084,0.010552274312711373,0,0,0,1,1
489549,0.17267310067510436,1,1,0,0,0
530613,0.022443125747323527,0,0,0,1,1
293685,0.039935030515532294,0,0,0,1,1
213979,0.025797137809939072,0,0,0,1,1
442980,0.018285888422158388,0,0,0,1,1
438383,0.08580225251707466,0,0,0,1,1
470802,0.1787963351252134,0,0,0,0,0
932453,0.021432720847282004,0,0,0,1,1
153953,0.1790735835060406,0,0,0,0,1
137999,0.010014837233609523,0,0,0,1,1
838553,0.14865330270277013,1,1,0,1,1
771943,0.02008733600988614,0,0,0,1,1
523188,0.21214127741277083,0,0,0,0,0
281328,0.02641713722175786,0,0,0,1,1
784271,0.037372262216296526,0,0,0,1,1
983242,0.020564688903152727,0,0,0,1,1
714206,0.03216411191360637,0,0,0,1,1
279468,0.029794219704160654,0,0,0,1,1
760166,0.2267714709287926,0,0,0,1,1
616667,0.024673642348178173,0,0,0,1,1
881818,0.11068206240712004,0,0,0,1,1
677963,0.03472377889046758,0,0,0,1,1
944454,0.1790735835060406,0,0,0,0,0
932270,0.020631012217827725,0,0,0,1,1
133065,0.024578735351967446,0,0,0,1,1
959977,0.18236151020940133,0,0,0,0,0
270730,0.010526801402802669,0,0,0,1,1
181852,0.025471041897533995,0,0,0,1,1
321457,0.03787553548494475,0,0,0,1,1
992986,0.03186144074141525,0,0,0,1,1
215952,0.012474665780796736,0,0,0,1,1
662973,0.021518274042540454,0,0,0,1,1
800450,0.02946011294281459,0,0,0,1,1
926494,0.02576992772529495,0,0,0,1,1
262574,0.16312440362476424,0,0,0,0,0
672649,0.16008003523495856,0,0,0,0,0
552364,0.039389847099077016,0,0,0,1,1
428922,0.023694950774049317,0,0,0,1,1
399973,0.022962264116444284,0,0,0,1,1
563386,0.12164299722882854,0,0,0,1,1
814067,0.013124563564131237,0,0,0,1,1
592145,0.024160014337872255,0,0,0,1,1
632974,0.2551431707667012,0,0,0,0,0
559622,0.03625042253333196,0,0,0,1,1
680569,0.02949881747429982,0,0,0,1,1
894532,0.16008003523495856,0,0,0,0,0
278928,0.20463531076357552,0,0,0,0,0
572448,0.17387451273709756,0,0,0,0,0
861480,0.17387451273709756,0,0,0,0,0
146086,0.0355875940361713,0,0,0,1,1
580341,0.0206434526978416,0,0,0,1,1
526349,0.010563325948923485,0,0,0,1,1
262351,0.13252491222291196,0,0,0,0,1
458745,0.15648911617086683,1,1,0,0,0
543852,0.02519716961677714,0,0,0,1,1
350059,0.21273314739806734,1,1,0,1,1
486776,0.04994377661403413,0,0,0,1,1
611247,0.9656372523150991,1,0,1,0,1
251095,0.02319612015471939,0,0,0,1,1
242812,0.03169779490392022,0,0,0,1,1
822727,0.029707134741807095,1,1,0,1,1
526344,0.1676219129436931,0,0,0,0,0
870522,0.022023772862225656,0,0,0,1,1
337925,0.036811734044654654,0,0,0,1,1
874363,0.2095590334390619,1,0,1,0,0
507555,0.021056356674556496,0,0,0,1,1
201273,0.13888459866742528,0,0,0,0,0
956558,0.17387451273709756,0,0,0,0,0
966580,0.023950869624841217,0,0,0,1,1
462993,0.028039088044011496,0,0,0,1,1
601027,0.02320816068821936,0,0,0,1,1
266536,0.034891638750916,0,0,0,1,1
184035,0.025683381488343225,0,0,0,1,1
632398,0.023817833329581654,0,0,0,1,1
290994,0.011832312928498826,0,0,0,1,1
760672,0.02028744236681862,0,0,0,1,1
489108,0.012738099565363037,0,0,0,1,1
475535,0.1624074676392071,0,0,0,0,0
430323,0.021170515516417358,0,0,0,1,1
883055,0.01995320465184278,0,0,0,1,1
762117,0.1951671041265806,0,0,0,1,0
309352,0.0253142233027837,0,0,0,1,1
631853,0.00968341638044441,0,0,0,1,1
470272,0.032288141577024906,0,0,0,1,1
486117,0.011359621485540202,0,0,0,1,1
472702,0.11531188918441648,0,0,0,0,0
805598,0.2396640854419633,0,0,0,0,0
328543,0.027644973321946858,0,0,0,1,1
129372,0.4500916880017347,0,0,0,1,0
483627,0.030625498731386074,0,0,0,1,1
493061,0.02405942554627318,0,0,0,1,1
802425,0.020112827455334267,0,0,0,1,1
110065,0.21668118811504164,0,0,0,0,0
268139,0.023541799838816876,0,0,0,1,1
933642,0.02323966242235814,0,0,0,1,1
399214,0.028793578110937714,0,0,0,1,1
634615,0.21668118811504164,0,0,0,0,0
289921,0.024602441464148788,0,0,0,1,1
910492,0.27940228277330265,1,1,0,1,1
456140,0.03246011929458471,0,0,0,1,1
760876,0.03690469389354959,0,0,0,1,1
884611,0.1790735835060406,0,0,0,0,0
155020,0.21668118811504164,1,1,0,0,0
498587,0.0355875940361713,0,0,0,1,1
512358,0.16008003523495856,0,0,0,0,0
262526,0.026812828765007547,0,0,0,1,1
155820,0.03119215257627195,0,0,0,1,1
163260,0.04495595603988471,0,0,0,1,1
213177,0.014458027186982964,0,0,0,1,1
482681,0.0371336527525034,0,0,0,1,1
327365,0.09216573548093634,0,0,0,0,0
725182,0.026837256904216882,0,0,0,1,1
865494,0.20233749659674605,0,0,0,0,0
119633,0.024843996444313513,0,0,0,1,1
979355,0.01010881411473797,0,0,0,1,1
471204,0.02869544345098864,0,0,0,1,1
278539,0.022508503551091914,1,1,0,1,1
903327,0.026468608008697426,0,0,0,1,1
723015,0.03127323817928665,0,0,0,1,1
661118,0.03605360016627233,0,0,0,1,1
661587,0.08531319189211603,0,0,0,1,1
902192,0.017422541907307295,0,0,0,1,1
568880,0.17072699019814064,0,0,0,1,0
994374,0.023555289518496832,0,0,0,1,1
208234,0.029421697035118648,0,0,0,1,1
874601,0.16924334908255195,0,0,0,0,0
588943,0.21191706998323742,1,1,0,0,0
950961,0.17267310067510436,1,0,1,0,0
368045,0.026669085858105315,0,0,0,1,1
374421,0.17267310067510436,0,0,0,0,0
586686,0.03242681950850128,0,0,0,1,1
180024,0.17387451273709756,0,0,0,0,0
616875,0.009780647297087205,0,0,0,1,1
642043,0.08653099081335948,0,0,0,1,1
736646,0.02409994279067086,0,0,0,1,1
871627,0.396789812262652,1,1,0,1,1
829505,0.024856461235171493,0,0,0,1,1
607538,0.0978157750220619,0,0,0,1,1
723112,0.026727958529038417,0,0,0,1,1
135134,0.20927919904776876,0,0,0,0,0
157212,0.02898864233478799,0,0,0,1,1
999902,0.02582704968585133,0,0,0,1,1
576911,0.024058251828067503,0,0,0,1,1
717150,0.0227580477811376,0,0,0,1,1
833397,0.02126319749356904,0,0,0,1,1
279380,0.16073327586539318,0,0,0,1,1
593252,0.030769557085285493,0,0,0,1,1
187459,0.16772034600670188,0,0,0,0,1
176688,0.02215703361256715,0,0,0,1,1
274473,0.02909952235009283,0,0,0,1,1
760111,0.018016080547148094,0,0,0,1,1
886803,0.15829909702644154,0,0,0,0,0
441631,0.21668118811504164,0,0,0,0,0
312490,0.02794548215282097,0,0,0,1,1
551248,0.021688457322308292,0,0,0,1,1
636413,0.020904016017641566,0,0,0,1,1
706962,0.024477724431007868,0,0,0,1,1
618871,0.17267310067510436,1,1,0,0,0
325778,0.029401619963739585,0,0,0,1,1
236395,0.021494764651732924,0,0,0,1,1
908246,0.018305192160257354,0,0,0,1,1
980575,0.022178997775868136,0,0,0,1,1
706125,0.01633713803282466,0,0,0,1,1
906158,0.010693373351200075,0,0,0,1,1
977303,0.024856461235171493,0,0,0,1,1
593190,0.019177268644849275,0,0,0,1,1
369188,0.9632952068831673,1,0,1,0,1
323776,0.15330620606124773,0,0,0,0,0
279777,0.009602667564190677,0,0,0,1,1
224691,0.05313878669127542,0,0,0,1,1
961264,0.2396640854419633,1,0,1,0,0
359029,0.20463531076357552,0,0,0,0,0
989262,0.17946124159580462,0,0,0,1,1
482922,0.16610745007874064,0,0,0,0,0
745354,0.20927919904776876,0,0,0,0,0
797704,0.2396640854419633,0,0,0,0,0
823319,0.11307968404012636,0,0,0,1,1
664008,0.1771580768498446,0,0,0,1,1
893266,0.027356593442392226,0,0,0,1,1
606875,0.025611507810969214,0,0,0,1,1
797216,0.02913907811180654,0,0,0,1,1
464117,0.1790735835060406,0,0,0,0,0
723438,0.20463531076357552,0,0,0,0,0
917191,0.02596189329395913,0,0,0,1,1
349577,0.028338127587658846,0,0,0,1,1
938031,0.010204421350025571,0,0,0,1,1
508456,0.17984018117321865,0,0,0,0,0
906946,0.01696634367922848,0,0,0,1,1
284782,0.02804214953398466,0,0,0,1,1
962455,0.022157819282334408,0,0,0,1,1
929455,0.17387451273709756,0,0,0,0,0
182205,0.15633046701146774,0,0,0,0,1
530770,0.07826255450645445,0,0,0,1,1
141047,0.031875884313215794,0,0,0,1,1
413243,0.009918816668673463,0,0,0,1,1
211842,0.02689599860869468,0,0,0,1,1
567319,0.023369286832847034,0,0,0,1,1
349220,0.0306358140711779,0,0,0,1,1
162180,0.05129578263001633,0,0,0,1,1
297702,0.151422716927201,0,0,0,1,0
994707,0.1068239202437964,0,0,0,1,1
796213,0.04455685446973418,0,0,0,1,1
883841,0.029555528563648445,0,0,0,1,1
244762,0.032778305160119356,0,0,0,1,1
271357,0.15685598485084917,0,0,0,0,1
338285,0.031051728698286887,0,0,0,1,1
855007,0.014480087202805931,0,0,0,1,1
614830,0.013392513829296964,0,0,0,1,1
664799,0.13713350267190935,0,0,0,1,1
381539,0.21191706998323742,0,0,0,0,0
609532,0.01577681423990282,0,0,0,1,1
666680,0.013264611264415345,0,0,0,1,1
789148,0.029685936116867775,0,0,0,1,1
404846,0.028700907583991613,0,0,0,1,1
315242,0.9656372523150991,1,0,1,0,1
455474,0.03090466265240149,0,0,0,1,1
650529,0.051494170014721945,0,0,0,1,1
915194,0.03238319471742521,0,0,0,1,1
738874,0.20035486845402728,0,0,0,0,0
288500,0.028188495906007766,0,0,0,1,1
352280,0.09865700778294002,0,0,0,1,1
599184,0.1526764672088002,0,0,0,1,1
196202,0.1413253124918043,0,0,0,1,1
164388,0.02466405038214899,0,0,0,1,1
317683,0.026508320540560303,0,0,0,1,1
224661,0.02613012712544613,0,0,0,1,1
239276,0.030775308757873914,0,0,0,1,1
123944,0.11395105336691433,0,0,0,1,1
258123,0.02130205212540418,0,0,0,1,1
822901,0.21191706998323742,0,0,0,0,1
229436,0.038792598514154855,0,0,0,1,1
574640,0.020679860427912426,0,0,0,1,1
914959,0.17267310067510436,1,1,1,0,0
352242,0.030190472462659653,0,0,0,1,1
443557,0.17387451273709756,1,0,1,0,0
632515,0.16405759162366693,0,0,0,0,0
429849,0.022031454386153466,0,0,0,1,1
728135,0.02619466037730527,1,0,1,1,1
373044,0.10670330508643389,0,0,0,1,1
762681,0.015645864336881744,0,0,0,1,1
919832,0.18644645681790373,0,0,0,0,0
540316,0.01633713803282466,0,0,0,1,1
942413,0.025174806759548505,0,0,0,1,1
668970,0.15809045706309446,0,0,0,0,0
480872,0.17984018117321865,0,0,0,0,0
662045,0.15809045706309446,0,0,0,0,0
264034,0.21416751041259696,1,0,1,0,0
107571,0.03197699868550303,0,0,0,1,1
549034,0.14785805315439224,0,0,0,1,1
896861,0.019395831753810645,0,0,0,1,1
603739,0.025626557238268056,0,0,0,1,1
210298,0.020886591041905413,0,0,0,1,1
536409,0.11171531549602576,0,0,0,1,1
557633,0.12371725309887462,0,0,0,1,1
345959,0.1790735835060406,0,0,0,0,0
216596,0.1603944866171158,0,0,0,0,0
573290,0.15809045706309446,0,0,0,0,0
308214,0.025017985019333475,0,0,0,1,1
396048,0.20463531076357552,0,0,0,0,0
147241,0.019260023018706066,0,0,0,1,1
951389,0.01568330699307365,0,0,0,1,1
390190,0.11346718692184325,0,0,0,1,1
407404,0.5841131085515618,1,0,1,0,1
604783,0.10702816607337387,0,0,0,1,1
638237,0.1390613201918385,0,0,0,1,1
744117,0.15316522836753677,0,0,0,0,1
948950,0.025970540867351094,0,0,0,1,1
106838,0.023468039032952324,0,0,0,1,1
221813,0.18644645681790373,0,0,0,0,0
877008,0.18676959160803214,0,0,0,0,0
674876,0.1676219129436931,0,0,0,0,1
898698,0.029265963921932318,0,0,0,1,1
536092,0.02139860366408176,0,0,0,1,1
120583,0.027617549943050986,0,0,0,1,1
761674,0.02365561345358213,0,0,0,1,1
544421,0.02291975218484402,0,0,0,1,1
537701,0.03063453686760394,0,0,0,1,1
372622,0.027622374111225548,0,0,0,1,1
601332,0.03547185913224797,0,0,0,1,1
741657,0.9656372523150991,1,0,1,0,1
948616,0.017870055249555945,0,0,0,1,1
883816,0.02570253908602375,1,1,0,1,1
834012,0.17387451273709756,0,0,0,0,0
922786,0.023963505792370755,0,0,0,1,1
932233,0.18239252216177687,0,0,0,0,0
296915,0.024546856610812358,0,0,0,1,1
250391,0.18537293268532518,0,0,0,0,0
249019,0.029296782895214,0,0,0,1,1
928153,0.03026511531752267,0,0,0,1,1
681984,0.012574102845725596,0,0,0,1,1
155965,0.22102400580838097,0,0,0,0,1
619548,0.05153476232087806,0,0,0,1,1
647933,0.17387451273709756,0,0,0,0,0
804438,0.15750387427558035,0,0,0,1,1
877384,0.028512415563659847,0,0,0,1,1
404431,0.027953614993699864,0,0,0,1,1
615214,0.029387785624022368,0,0,0,1,1
499913,0.20233749659674605,0,0,0,0,0
952573,0.10220215114312749,1,1,0,1,1
851845,0.17387451273709756,1,0,1,0,0
102615,0.18351626995452375,0,0,0,0,0
861104,0.14074450599828284,0,0,0,1,0
201709,0.02525456244175266,0,0,0,1,1
490487,0.033754117135142286,0,0,0,1,1
876062,0.017803118174698814,0,0,0,1,1
301094,0.1513590206823978,0,0,0,1,1
779468,0.17267310067510436,0,0,0,0,0
442792,0.023867859682468337,0,0,0,1,1
748810,0.060266484767628525,0,0,0,1,1
497476,0.49772262039476733,1,0,1,0,1
120434,0.12416445631302182,0,0,0,1,1
251432,0.02217385948984547,0,0,0,1,1
256731,0.07991069033386823,0,0,0,1,1
294005,0.08157647892674676,0,0,0,1,1
401769,0.02311724059619993,0,0,0,1,1
759785,0.027589243555050658,0,0,0,1,1
902241,0.029557457870612692,0,0,0,1,1
623537,0.02527082463449389,0,0,0,1,1
892502,0.013948917302591936,0,0,0,1,1
718199,0.20463531076357552,0,0,0,0,0
423473,0.2096661693993268,1,1,0,0,0
766024,0.027206098750560143,0,0,0,1,1
760508,0.03146700296613748,0,0,0,1,1
763615,0.024308314205895524,0,0,0,1,1
605341,0.02295528756054865,0,0,0,1,1
292843,0.029434616515189794,0,0,0,1,1
792707,0.027717438932620603,0,0,0,1,1
270389,0.02516615326769473,0,0,0,1,1
213303,0.008695117095972921,0,0,0,1,1
230687,0.11829129109384762,1,1,0,1,1
696502,0.011338522715552576,0,0,0,1,1
991213,0.17267310067510436,0,0,0,0,0
715678,0.020640476639853883,0,0,0,1,1
843919,0.3171990860545728,1,1,0,1,1
495403,0.16405759162366693,0,0,0,0,0
950193,0.027045473017286752,0,0,0,1,1
698937,0.19751809516453106,0,0,0,1,0
557739,0.01721134166467663,0,0,0,1,1
576658,0.20682871742190695,1,1,0,0,0
407768,0.011716308356676199,0,0,0,1,1
132914,0.030776431906341207,0,0,0,1,1
942819,0.023190012933118263,0,0,0,1,1
240141,0.181149971465252,1,1,0,1,1
173938,0.031285674160875646,0,0,0,1,1
263302,0.1790735835060406,0,0,0,0,0
594044,0.1320259792977541,1,1,0,1,1
896951,0.13334081222375163,0,0,0,1,1
302056,0.025026378341892013,0,0,0,1,1
223380,0.1790735835060406,0,0,0,0,0
583513,0.013420021198850822,0,0,0,1,1
958005,0.011110727310337083,0,0,0,1,1
858417,0.024758231595896643,0,0,0,1,1
282759,0.20463531076357552,0,0,0,0,0
189914,0.010438219066482818,0,0,0,1,1
384928,0.02958335485213014,0,0,0,1,1
127882,0.02511258368581745,0,0,0,1,1
934134,0.011820391943435373,0,0,0,1,1
223638,0.17267310067510436,1,0,1,0,0
224607,0.20463531076357552,0,0,0,0,0
611873,0.030160458125481415,0,0,0,1,1
316307,0.2007247314160019,0,0,0,0,0
923108,0.02594221028017818,0,0,0,1,1
472009,0.13310618494395007,0,0,0,1,1
162658,0.03491757413206352,0,0,0,1,1
705806,0.2096661693993268,0,0,0,0,0
861079,0.11976302754503633,0,0,0,1,1
809681,0.18072352381772153,0,0,0,1,0
614634,0.02594084402195073,0,0,0,1,1
649680,0.1676219129436931,0,0,0,0,1
440928,0.03745476128305856,0,0,0,1,1
835484,0.03061867882152658,0,0,0,1,1
366049,0.09192622297504878,0,0,0,0,0
767507,0.02947461872877235,0,0,0,1,1
104586,0.042485203787201976,0,0,0,1,1
387880,0.021065217945928097,0,0,0,1,1
484243,0.012082375503215887,0,0,0,1,1
873436,0.025651193448728547,0,0,0,1,1
633299,0.04592902346069674,0,0,0,1,1
817527,0.035566345157231186,0,0,0,1,1
345090,0.17267310067510436,0,0,0,0,0
579726,0.021348589777734933,0,0,0,1,1
371402,0.18676959160803214,0,0,0,0,0
388985,0.029888008272977405,0,0,0,1,1
399397,0.012304260783495695,0,0,0,1,1
631801,0.16405759162366693,1,1,0,0,0
456294,0.03424843598243039,0,0,0,1,1
131680,0.02324388462635516,0,0,0,1,1
433678,0.020419870893351122,0,0,0,1,1
933656,0.020431721647018126,0,0,0,1,1
979262,0.02742841055868487,0,0,0,1,1
544890,0.030454282075737162,0,0,0,1,1
298795,0.018754436484236515,0,0,0,1,1
135312,0.021892482085243487,0,0,0,1,1
551313,0.20463531076357552,0,0,0,0,0
476571,0.02009822844493495,0,0,0,1,1
568442,0.020781256080863647,0,0,0,1,1
417838,0.02338477505121917,0,0,0,1,1
941092,0.20646650844652964,1,1,0,0,1
952955,0.027088723926355,0,0,0,1,1
994609,0.027471007915277852,0,0,0,1,1
433017,0.08227207578754847,0,0,0,1,1
842054,0.02641800257387317,0,0,0,1,1
149884,0.1827523196885195,0,0,0,1,1
957214,0.025737417834866667,0,0,0,1,1
909262,0.027741893613225786,1,1,0,1,1
295795,0.24684132813502074,1,0,1,0,0
556879,0.16980865733937597,0,0,0,0,0
616920,0.03771765022792134,0,0,0,1,1
725086,0.11238948272662753,0,0,0,1,1
391939,0.028013079368869046,0,0,0,1,1
787001,0.032781099504185764,0,0,0,1,1
426720,0.033445056072616615,0,0,0,1,1
891516,0.2530179039988978,0,0,0,0,0
663757,0.3918042478926394,1,1,0,1,1
830503,0.020094950419080982,0,0,0,1,1
106397,0.013949824449746783,0,0,0,1,1
883212,0.026006480807772046,0,0,0,1,1
829684,0.011316338664156069,0,0,0,1,1
806168,0.012267458299416011,0,0,0,1,1
621951,0.02505875745628433,0,0,0,1,1
439350,0.014583445173269958,0,0,0,1,1
837215,0.02453683477704832,0,0,0,1,1
419776,0.028053694179689965,0,0,0,1,1
313538,0.02614730389015998,0,0,0,1,1
797854,0.1790735835060406,0,0,0,0,0
100018,0.02335000824135504,0,0,0,1,1
383969,0.1409026888771618,0,0,0,1,1
611436,0.031301906476242376,0,0,0,1,1
552936,0.19152814101728952,0,0,0,0,0
127311,0.03183619213624781,0,0,0,1,1
132705,0.03334156607649249,0,0,0,1,1
384336,0.019953784065533525,0,0,0,1,1
828353,0.0274925020325583,0,0,0,1,1
502708,0.023728629422635386,0,0,0,1,1
535233,0.025699470276878248,0,0,0,1,1
276937,0.02028744236681862,0,0,0,1,1
971670,0.16405759162366693,0,0,0,0,0
730726,0.020112827455334267,0,0,0,1,1
749257,0.1790735835060406,0,0,0,0,0
298813,0.17387451273709756,0,0,0,0,0
817168,0.011032386809681001,0,0,0,1,1
425436,0.02463742845849469,0,0,0,1,1
620858,0.025042052544094938,0,0,0,1,1
170799,0.024546856610812358,0,0,0,1,1
442879,0.024441033678112366,0,0,0,1,1
507503,0.03247507257190109,0,0,0,1,1
952717,0.03025346703242135,0,0,0,1,1
119009,0.009438941410141942,0,0,0,1,1
734459,0.025302854908105667,0,0,0,1,1
554712,0.17387451273709756,0,0,0,0,0
307848,0.023916559699485432,0,0,0,1,1
581913,0.17926005581893523,0,0,0,0,1
159272,0.029436294910608403,0,0,0,1,1
914352,0.21191706998323742,0,0,0,0,0
562661,0.20682871742190695,0,0,0,0,0
181139,0.03228047838275178,1,1,0,1,1
969313,0.01657384392812222,0,0,0,1,1
702884,0.020138384309500414,0,0,0,1,1
357381,0.024792378287843923,0,0,0,1,1
464447,0.0160624952235542,0,0,0,1,1
823740,0.03264126323182732,0,0,0,1,1
950660,0.02628831273240016,0,0,0,1,1
935420,0.013680974885782623,0,0,0,1,1
119015,0.1676219129436931,0,0,0,0,0
686371,0.20682871742190695,0,0,0,0,0
299359,0.023152540102819055,0,0,0,1,1
474342,0.18190494777566996,0,0,0,1,1
157902,0.20463531076357552,0,0,0,0,0
383421,0.009828932443733358,0,0,0,1,1
670294,0.026649854183534747,0,0,0,1,1
874044,0.021160397711461,0,0,0,1,1
167016,0.036101534180702805,0,0,0,1,1
131036,0.03822170038188545,0,0,0,1,1
253635,0.023233531796774544,0,0,0,1,1
886299,0.21379591358914635,0,0,0,0,1
184754,0.0192412576024256,0,0,0,1,1
644945,0.01832363705603529,0,0,0,1,1
797714,0.028030560011163216,0,0,0,1,1
419893,0.028615684087416694,0,0,0,1,1
509223,0.13327429001087399,1,1,0,1,1
883255,0.03167372948032029,0,0,0,1,1
953784,0.18644645681790373,0,0,0,0,0
558451,0.01948101421266045,0,0,0,1,1
638004,0.0997650755289272,0,0,0,1,1
204935,0.013271846059089385,0,0,0,1,1
799690,0.029948044593438562,0,0,0,1,1
485281,0.021448304512566997,0,0,0,1,1
146560,0.17267310067510436,0,0,0,0,0
615561,0.03630753674923747,0,0,0,1,1
157674,0.016654632920362414,0,0,0,1,1
330343,0.02269060228624167,0,0,0,1,1
828817,0.009232512039631642,0,0,0,1,1
953795,0.029099292992179268,0,0,0,1,1
255333,0.025531365124579465,0,0,0,1,1
412803,0.024273175755415318,0,0,0,1,1
515165,0.033490287069803976,0,0,0,1,1
119460,0.023717919785503038,0,0,0,1,1
532945,0.21416751041259696,1,1,0,0,0
209022,0.02753326289223757,0,0,0,1,1
691262,0.10939453578440411,0,0,0,1,1
480909,0.022920987996121685,0,0,0,1,1
690797,0.03208921013136841,0,0,0,1,1
635084,0.03108167485591099,0,0,0,1,1
614307,0.12243349996286072,0,0,0,1,1
992476,0.03585593159142398,0,0,0,1,1
215955,0.1083748765339028,0,0,0,1,1
436235,0.020560202524437146,0,0,0,1,1
566961,0.0255249639469269,0,0,0,1,1
517867,0.03280971589271345,0,0,0,1,1
457535,0.03175343120438155,0,0,0,1,1
205111,0.026267252400929,1,1,0,1,1
733370,0.02448601418284339,0,0,0,1,1
191150,0.21416751041259696,0,0,0,0,0
352092,0.06296472618797293,0,0,0,1,1
120126,0.12269019002185799,0,0,0,1,1
585978,0.14486224235345044,0,0,0,1,1
516474,0.012233436047933005,0,0,0,1,1
463971,0.03302296631894373,0,0,0,1,1
365468,0.03582998527356391,0,0,0,1,1
967233,0.1790735835060406,1,0,1,0,0
478912,0.012868422266471707,0,0,0,1,1
492226,0.17984018117321865,0,0,0,0,0
638207,0.021463086732458416,0,0,0,1,1
808399,0.18271020889411263,0,0,0,0,0
203698,0.02878976520653098,0,0,0,1,1
293343,0.1790735835060406,0,0,0,0,0
545421,0.029812094566592305,0,0,0,1,1
621006,0.02405942554627318,0,0,0,1,1
799630,0.05925105209436354,0,0,0,1,1
534905,0.023787150876894758,0,0,0,1,1
244734,0.17387451273709756,1,0,1,0,0
275287,0.10414875426887459,0,0,0,1,1
205197,0.025202020685181754,0,0,0,1,1
501877,0.17984018117321865,0,0,0,0,0
748682,0.02326448492730845,0,0,0,1,1
230101,0.03257266580948379,0,0,0,1,1
916317,0.2095590334390619,0,0,0,0,0
586199,0.13711544650735547,0,0,0,0,0
146028,0.031084097374627244,0,0,0,1,1
330783,0.031041868331740018,1,1,0,1,1
226804,0.19712911908908076,0,0,0,0,0
575574,0.022712881653458607,0,0,0,1,1
259532,0.017471793214867217,0,0,0,1,1
506149,0.1676219129436931,1,0,1,0,0
184755,0.18644645681790373,0,0,0,0,0
222050,0.17984018117321865,0,0,0,0,0
625183,0.025147946522126,0,0,0,1,1
901819,0.020745258189925477,0,0,0,1,1
752826,0.029725506747585884,0,0,0,1,1
443595,0.03422598151027343,0,0,0,1,1
116164,0.1363161830041874,0,0,0,0,1
612703,0.028835283990237874,0,0,0,1,1
444300,0.10613203009868608,0,0,0,1,1
173343,0.15809045706309446,0,0,0,0,0
651959,0.021738497559879093,0,0,0,1,1
763702,0.02083015371687659,0,0,0,1,1
876326,0.028545360280103915,0,0,0,1,1
684889,0.031324345823989054,0,0,0,1,1
726980,0.14596312374907,0,0,0,1,0
652499,0.2530179039988978,0,0,0,0,0
863432,0.016646641218881986,0,0,0,1,1
661451,0.026408948528769145,0,0,0,1,1
384548,0.2095590334390619,0,0,0,0,0
928238,0.012025508877070287,0,0,0,1,1
943756,0.018757569616514577,0,0,0,1,1
680444,0.011333869045982572,0,0,0,1,1
232755,0.1713659382986427,0,0,0,0,0
405602,0.187408522102523,0,0,0,0,0
298063,0.05127086354795025,0,0,0,1,1
756646,0.03706765258208645,0,0,0,1,1
996745,0.009989114562191592,0,0,0,1,1
995662,0.022622269581683983,0,0,0,1,1
272568,0.023464392420940602,0,0,0,1,1
276255,0.02323255113369999,0,0,0,1,1
390203,0.010717107987410364,0,0,0,1,1
439572,0.16405759162366693,0,0,0,0,0
549415,0.020575906720644282,0,0,0,1,1
716690,0.02215703361256715,0,0,0,1,1
406564,0.02218089826014515,0,0,0,1,1
581999,0.03231005426115586,0,0,0,1,1
328198,0.023525510502762637,0,0,0,1,1
436874,0.020624547203708807,0,0,0,1,1
169131,0.1790735835060406,0,0,0,0,0
381472,0.03244516604025102,0,0,0,1,1
149912,0.17267310067510436,0,0,0,0,0
564841,0.02921589640699055,0,0,0,1,1
136464,0.9656372523150991,1,0,1,0,1
416783,0.02371641745636592,0,0,0,1,1
452464,0.17515400519879465,0,0,0,1,1
590621,0.17267310067510436,0,0,0,0,0
909238,0.15809045706309446,0,0,0,0,0
389741,0.11788466360301875,0,0,0,1,1
522866,0.02440194135407894,0,0,0,1,1
103970,0.025958484568429932,0,0,0,1,1
115322,0.024307424024594026,0,0,0,1,1
725129,0.022400063256642302,0,0,0,1,1
849549,0.022023772862225656,0,0,0,1,1
680878,0.20463531076357552,0,0,0,0,0
303246,0.026586674217321183,0,0,0,1,1
523979,0.21191706998323742,0,0,0,0,0
898514,0.15010826731803098,0,0,0,0,0
487228,0.2007247314160019,0,0,0,0,0
857619,0.032516369569798566,0,0,0,1,1
393130,0.21191706998323742,0,0,0,0,0
238434,0.016732812763748682,0,0,0,1,1
276100,0.022797066617488166,0,0,0,1,1
733181,0.02394629711784751,0,0,0,1,1
971318,0.01908916162533321,0,0,0,1,1
350271,0.12298251014356537,0,0,0,1,1
838993,0.1510221897996481,1,1,0,1,1
232450,0.02301852225127714,0,0,0,1,1
874780,0.5117959606750534,0,0,0,0,1
704559,0.010364170779570315,0,0,0,1,1
885474,0.03309431025249881,0,0,0,1,1
804890,0.2007247314160019,0,0,0,0,0
752140,0.0257256707730196,0,0,0,1,1
514652,0.16405759162366693,0,0,0,0,0
522572,0.023235021020600724,0,0,0,1,1
963502,0.030170692913715255,0,0,0,1,1
429238,0.022061497930122114,0,0,0,1,1
647133,0.027671497997216354,0,0,0,1,1
165759,0.029906849644281495,0,0,0,1,1
393309,0.0240787748881095,0,0,0,1,1
969800,0.15647381976315175,1,0,1,0,0
311907,0.022142219051087528,0,0,0,1,1
437074,0.010223048569934846,0,0,0,1,1
200065,0.0313242566135692,0,0,0,1,1
910391,0.010204421350025571,0,0,0,1,1
548565,0.01756312617355768,0,0,0,1,1
795283,0.03722550860212488,0,0,0,1,1
137968,0.21191706998323742,0,0,0,0,0
836550,0.11244266964778618,0,0,0,1,1
840515,0.012282684707804697,0,0,0,1,1
649802,0.02573125460598281,0,0,0,1,1
435156,0.020558808093961885,0,0,0,1,1
663270,0.023848837504992643,0,0,0,1,1
314705,0.16405759162366693,0,0,0,0,0
355126,0.029143926440394728,0,0,0,1,1
258184,0.019684484763744316,0,0,0,1,1
279693,0.024422932503043577,0,0,0,1,1
928942,0.154501573375806,0,0,0,0,0
390980,0.029328711428930003,1,1,0,1,1
669065,0.026851016289130402,0,0,0,1,1
267566,0.025682491583624713,0,0,0,1,1
711319,0.9129080737136684,1,0,1,1,1
683239,0.23057843251328133,1,1,0,1,1
387834,0.1663012243087435,0,0,0,1,0
101709,0.02374924794787747,1,1,0,1,1
200321,0.03175343120438155,0,0,0,1,1
620480,0.02195864023363094,0,0,0,1,1
926277,0.036074825946388625,0,0,0,1,1
216517,0.026389463266841797,0,0,0,1,1
345238,0.0276839479351085,0,0,0,1,1
434965,0.20646650844652964,1,0,1,0,0
515981,0.02575539629208509,0,0,0,1,1
270337,0.034248659841689004,0,0,0,1,1
117169,0.020257439753864515,0,0,0,1,1
652194,0.03565830989450152,0,0,0,1,1
193917,0.028751724000951003,0,0,0,1,1
813868,0.2530179039988978,0,0,0,0,0
152936,0.9632952068831673,1,0,1,0,1
364137,0.010455053142802434,0,0,0,1,1
454668,0.023959437605487636,0,0,0,1,1
493088,0.025045211402371297,0,0,0,1,1
508402,0.08136236362793987,0,0,0,1,1
843233,0.019854579263355387,0,0,0,1,1
106444,0.16427257012847687,0,0,0,0,1
833576,0.027329964437527596,0,0,0,1,1
114131,0.21416751041259696,0,0,0,0,0
574542,0.02737800055859712,0,0,0,1,1
623903,0.025026508113070497,0,0,0,1,1
175711,0.029052774541346752,0,0,0,1,1
239606,0.0291694577673175,0,0,0,1,1
272225,0.20463531076357552,0,0,0,0,0
334224,0.021807123875267766,0,0,0,1,1
314718,0.02074002491453316,0,0,0,1,1
830975,0.13421809138289098,0,0,0,1,1
258323,0.012032025353420066,0,0,0,1,1
117240,0.20463531076357552,0,0,0,0,1
362823,0.1457412932456395,1,0,1,0,0
312074,0.03076295671125387,0,0,0,1,1
322169,0.17584099135946202,0,0,0,1,1
700705,0.02962494872291198,0,0,0,1,1
281979,0.010159948073450224,0,0,0,1,1
670606,0.027559847590774136,0,0,0,1,1
551055,0.011603429839776008,0,0,0,1,1
207484,0.9651272626564189,1,0,1,0,1
777875,0.032325731396043014,0,0,0,1,1
803407,0.024758231595896643,0,0,0,1,1
128534,0.028672233699017644,0,0,0,1,1
513446,0.023252767715623783,0,0,0,1,1
607555,0.07703614741491828,0,0,0,1,1
709415,0.026046164440005196,0,0,0,1,1
855198,0.018202607902510156,0,0,0,1,1
261957,0.02811533085789051,0,0,0,1,1
210734,0.028705366434123844,0,0,0,1,1
425940,0.02368791788363236,0,0,0,1,1
541410,0.20646650844652964,0,0,0,0,0
561321,0.02608838826235555,0,0,0,1,1
186942,0.09452595680152723,0,0,0,1,1
250280,0.022853310618573125,0,0,0,1,1
500437,0.1790735835060406,1,0,1,0,0
163301,0.2081731857303604,0,0,0,0,0
742822,0.1297224589718149,0,0,0,1,1
697477,0.025049795097720044,0,0,0,1,1
364067,0.011741742946550768,0,0,0,1,1
534505,0.9632952068831673,1,0,1,0,1
878582,0.09812686481267306,0,0,0,1,1
444646,0.029763584774081937,0,0,0,1,1
799655,0.0305270923728859,0,0,0,1,1
677717,0.1790735835060406,0,0,0,0,1
756065,0.023330441154506585,0,0,0,1,1
956438,0.013751803025705786,0,0,0,1,1
244652,0.033445309900295025,0,0,0,1,1
366654,0.02156171387600901,0,0,0,1,1
461937,0.023693224276654826,0,0,0,1,1
758210,0.0311173415022238,0,0,0,1,1
262366,0.024300598304680374,0,0,0,1,1
575844,0.02246051177585138,0,0,0,1,1
577795,0.02600087993625004,0,0,0,1,1
644630,0.023832440088784736,0,0,0,1,1
779066,0.01892813178818598,0,0,0,1,1
901582,0.9656372523150991,1,0,1,0,1
914088,0.02378459472588234,0,0,0,1,1
974630,0.012216605841937383,0,0,0,1,1
426981,0.05268351321664691,0,0,0,1,1
539322,0.24134399362896355,0,0,0,1,1
789932,0.20682871742190695,0,0,0,0,0
732524,0.02856059330795151,0,0,0,1,1
701235,0.030932187379426365,0,0,0,1,1
178081,0.17387451273709756,0,0,0,0,0
679638,0.026986728407390876,0,0,0,1,1
199810,0.027165884200849495,0,0,0,1,1
411533,0.010841885064757532,0,0,0,1,1
747939,0.02338477505121917,0,0,0,1,1
641970,0.010848563265381533,0,0,0,1,1
924153,0.025369413628985673,0,0,0,1,1
625557,0.022318596889668835,0,0,0,1,1
906615,0.022398507659664883,0,0,0,1,1
682819,0.030977542474990828,0,0,0,1,1
179944,0.012772522776617267,0,0,0,1,1
795235,0.2095590334390619,1,1,0,0,0
168385,0.03456406828587266,0,0,0,1,1
480675,0.1424248093859802,0,0,0,0,0
472225,0.02561737039313136,0,0,0,1,1
331598,0.014771621089911103,0,0,0,1,1
311636,0.031139047108764577,0,0,0,1,1
496668,0.2095590334390619,0,0,0,0,0
153439,0.17267310067510436,0,0,0,0,0
402251,0.11297188713538121,0,0,0,1,1
367782,0.17984018117321865,1,1,0,0,0
960050,0.5945315219670086,1,0,1,0,1
525918,0.07950003891809902,0,0,0,1,1
782282,0.022023772862225656,0,0,0,1,1
341728,0.021467917537258522,0,0,0,1,1
155253,0.3009348051812765,1,1,0,1,1
258067,0.21824144617162425,0,0,0,1,1
950437,0.024353885773064268,0,0,0,1,1
243734,0.10455351802050085,0,0,0,1,1
613185,0.03496136903490476,0,0,0,1,1
809733,0.010197188926867969,0,0,0,1,1
547407,0.04443879713316712,0,0,0,1,1
169603,0.2319356470253781,0,0,0,0,0
275954,0.23234686973987112,0,0,0,0,0
538877,0.02259971525459825,0,0,0,1,1
812899,0.011846391803108538,0,0,0,1,1
875232,0.01881063490529034,0,0,0,1,1
834306,0.015287401400763484,0,0,0,1,1
256483,0.020112827455334267,0,0,0,1,1
565452,0.03584361184900493,0,0,0,1,1
638389,0.03075548100768562,0,0,0,1,1
809216,0.01877233457201837,0,0,0,1,1
203815,0.42154943438540976,1,1,0,1,1
997395,0.024298561405420298,0,0,0,1,1
426439,0.03074771459323675,0,0,0,1,1
465891,0.16772034600670188,0,0,0,0,1
380247,0.01181278754451995,0,0,0,1,1
662380,0.026944840718351168,0,0,0,1,1
753814,0.01980220598846143,0,0,0,1,1
917585,0.18811171145223,0,0,0,1,0
544493,0.009438288381431152,0,0,0,1,1
919055,0.1790735835060406,0,0,0,0,0
290638,0.12414087612527473,0,0,0,1,1
632556,0.034758946505234,0,0,0,1,1
815541,0.02459570243034466,0,0,0,1,1
840120,0.021396923472513926,0,0,0,1,1
177814,0.17387451273709756,0,0,0,0,0
817822,0.016815777953720263,0,0,0,1,1
248461,0.010917701632544888,0,0,0,1,1
351615,0.02023625249355869,0,0,0,1,1
636293,0.011351020583197138,0,0,0,1,1
210205,0.23973127065693467,0,0,0,1,1
262336,0.026166822278865957,0,0,0,1,1
583718,0.10800584567465152,0,0,0,1,1
927887,0.025449242175249756,0,0,0,1,1
166537,0.0233307501980559,0,0,0,1,1
597156,0.17984018117321865,0,0,0,0,0
233958,0.012864440710739476,0,0,0,1,1
216661,0.1801544018612486,0,0,0,0,0
675405,0.021005294771542206,0,0,0,1,1
705633,0.1937330146011049,0,0,0,0,0
203033,0.02992776550139351,0,0,0,1,1
427036,0.01920976538186367,0,0,0,1,1
549982,0.024297973370369312,0,0,0,1,1
184735,0.023505134072610307,0,0,0,1,1
298712,0.14602904790486218,0,0,0,1,1
453448,0.10634780659962581,0,0,0,1,1
608159,0.029447805501523316,0,0,0,1,1
455068,0.027937806773042258,0,0,0,1,1
139974,0.17387451273709756,0,0,0,0,0
568205,0.1801544018612486,0,0,0,0,0
942703,0.026388561504114113,0,0,0,1,1
688168,0.032634826243514846,0,0,0,1,1
530051,0.024261079423510395,0,0,0,1,1
917998,0.02322520660800003,0,0,0,1,1
288735,0.04194946779579971,0,0,0,1,1
529579,0.17387451273709756,0,0,0,0,0
891179,0.022476277764246284,0,0,0,1,1
882353,0.031292742343341416,0,0,0,1,1
899883,0.2530179039988978,1,1,0,0,1
597981,0.02410329887971066,0,0,0,1,1
391927,0.01530843000142206,0,0,0,1,1
454022,0.01633713803282466,0,0,0,1,1
784608,0.017908131903895418,0,0,0,1,1
357138,0.024652343360317526,0,0,0,1,1
538770,0.026983316537296458,0,0,0,1,1
670215,0.02453683477704832,0,0,0,1,1
794502,0.02931790825167338,0,0,0,1,1
327098,0.0357916320178819,0,0,0,1,1
963757,0.030116176436179067,0,0,0,1,1
640163,0.2155467197789668,0,0,0,0,0
398819,0.02547605399220604,0,0,0,1,1
369091,0.021480336410829193,0,0,0,1,1
716961,0.028405577429816316,0,0,0,1,1
250586,0.020694481583508003,0,0,0,1,1
769361,0.02558724655765944,0,0,0,1,1
735666,0.03185745643548516,0,0,0,1,1
190791,0.026955004245959757,0,0,0,1,1
657842,0.1777283771910125,0,0,0,0,0
416575,0.019917813878622258,0,0,0,1,1
500788,0.011245971406199744,0,0,0,1,1
396267,0.026742784221740215,0,0,0,1,1
952222,0.010312548597607241,0,0,0,1,1
873045,0.027668890082502937,0,0,0,1,1
990598,0.02338477505121917,0,0,0,1,1
384750,0.023824908205678296,0,0,0,1,1
665100,0.019787480182861875,0,0,0,1,1
235454,0.02988813994301519,1,1,0,1,1
833998,0.02434857793698199,0,0,0,1,1
175804,0.19321303509253504,0,0,0,1,1
443985,0.039980242766817733,0,0,0,1,1
701617,0.0288276753577339,0,0,0,1,1
394979,0.02048567065477099,0,0,0,1,1
464220,0.027329964437527596,0,0,0,1,1
245800,0.011060677443511108,0,0,0,1,1
952959,0.013270035389820823,0,0,0,1,1
617484,0.028142051605067248,0,0,0,1,1
430618,0.010346437531655055,0,0,0,1,1
119638,0.20682871742190695,0,0,0,0,0
417825,0.03327004898208618,0,0,0,1,1
622302,0.1790735835060406,0,0,0,0,0
397947,0.019590734023256173,0,0,0,1,1
139518,0.02582675466011928,0,0,0,1,1
592966,0.012508173604699312,0,0,0,1,1
321734,0.21191706998323742,0,0,0,0,0
912128,0.13996920157530385,0,0,0,1,1
135578,0.011912148502721598,0,0,0,1,1
933807,0.09654920165288919,0,0,0,1,1
847283,0.17267310067510436,1,0,1,0,0
142190,0.22970679392274784,0,0,0,1,0
574506,0.21191706998323742,0,0,0,0,1
408886,0.01907018661220757,0,0,0,1,1
101664,0.028850566426083604,0,0,0,1,1
307049,0.026577275501989347,0,0,0,1,1
726544,0.13830836966614055,0,0,0,1,1
337453,0.021777760727600293,0,0,0,1,1
166239,0.012795311138909433,0,0,0,1,1
711625,0.028835283990237874,0,0,0,1,1
223313,0.1676219129436931,0,0,0,0,1
988392,0.008523758734899417,0,0,0,1,1
833052,0.035686158147773435,0,0,0,1,1
194009,0.025311523436737548,0,0,0,1,1
288636,0.23234686973987112,0,0,0,0,1
391900,0.1692887998150773,0,0,0,1,1
499128,0.02338477505121917,0,0,0,1,1
743798,0.02242385389856081,0,0,0,1,1
779159,0.07268663011234107,0,0,0,1,1
899825,0.011948730877153889,0,0,0,1,1
756355,0.023927104883965634,0,0,0,1,1
175584,0.023128521338642117,0,0,0,1,1
435097,0.017575668896981433,0,0,0,1,1
612162,0.0955944131021179,0,0,0,1,1
797991,0.013088640652379694,0,0,0,1,1
996086,0.028692967610808764,0,0,0,1,1
499945,0.023738162719222963,0,0,0,1,1
878929,0.1444155026747684,0,0,0,1,0
362841,0.03387294187381086,0,0,0,1,1
921489,0.012892066042897696,0,0,0,1,1
166705,0.02280762797160921,0,0,0,1,1
927676,0.02564955342954335,0,0,0,1,1
439068,0.1790735835060406,0,0,0,0,0
926058,0.2081731857303604,0,0,0,0,0
765223,0.20463531076357552,1,0,1,0,0
880580,0.21191706998323742,0,0,0,0,0
970637,0.02373459554973278,0,0,0,1,1
979703,0.019260023018706066,0,0,0,1,1
213480,0.17387451273709756,0,0,0,0,1
921403,0.12660530202274498,1,1,1,1,1
216040,0.0241168949951153,0,0,0,1,1
981536,0.027760012149463973,0,0,0,1,1
404801,0.20463531076357552,0,0,0,0,0
400272,0.09043245966966085,0,0,0,1,1
772081,0.1756867018555138,0,0,0,0,1
817074,0.1790735835060406,0,0,0,0,1
756317,0.057705732992802086,0,0,0,1,1
950593,0.04702526641381856,0,0,0,1,1
794677,0.019725041526352398,0,0,0,1,1
123344,0.023759599350875068,0,0,0,1,1
323249,0.18676959160803214,0,0,0,0,0
469238,0.20682871742190695,0,0,0,0,0
713465,0.028394356915075775,0,0,0,1,1
716533,0.02443632746371044,0,0,0,1,1
411583,0.03486828078008912,0,0,0,1,1
572505,0.2155467197789668,0,0,0,0,0
601625,0.154501573375806,0,0,0,0,0
394927,0.20463531076357552,0,0,0,0,0
523210,0.13531951762763084,0,0,0,1,0
532592,0.011651862780718818,0,0,0,1,1
116016,0.032059800663917476,0,0,0,1,1
376072,0.028314906837068537,0,0,0,1,1
494498,0.02100033176626015,0,0,0,1,1
618409,0.02870837343572607,0,0,0,1,1
201365,0.026356350046204683,0,0,0,1,1
206108,0.01287945584333125,0,0,0,1,1
997121,0.2530179039988978,1,1,0,0,1
379446,0.11362097888892664,0,0,0,1,1
337980,0.022739648062651174,0,0,0,1,1
876269,0.03521193257405836,0,0,0,1,1
322606,0.0663552839142339,0,0,0,1,1
342583,0.030653210515719835,0,0,0,1,1
770634,0.029056619424187434,0,0,0,1,1
979115,0.049393685335520465,0,0,0,1,1
191869,0.01986967641243922,0,0,0,1,1
138565,0.030199503103381667,0,0,0,1,1
420439,0.0259190048398011,0,0,0,1,1
991638,0.03128478914354558,1,1,0,1,1
850828,0.02757671432190273,0,0,0,1,1
950356,0.03175343120438155,0,0,0,1,1
212848,0.21191706998323742,0,0,0,0,0
208584,0.02649628857293512,0,0,0,1,1
401645,0.020764240064045498,0,0,0,1,1
135554,0.023068838310561595,0,0,0,1,1
422204,0.018668502932929636,0,0,0,1,1
663402,0.09896373486778347,0,0,0,1,1
908120,0.017651582447793777,0,0,0,1,1
327285,0.017833634524625386,0,0,0,1,1
454073,0.020695082601767088,0,0,0,1,1
778865,0.012858040517770723,0,0,0,1,1
542636,0.20233749659674605,1,0,1,0,0
593651,0.051223320173932746,0,0,0,1,1
152007,0.17267310067510436,1,1,0,0,0
195684,0.1627855334946969,0,0,0,0,1
737477,0.0240787748881095,0,0,0,1,1
975749,0.024849740102020984,0,0,0,1,1
966512,0.16562344120945283,0,0,0,1,1
396018,0.03772888285868734,0,0,0,1,1
550575,0.20233749659674605,0,0,0,0,0
917983,0.02924411989370537,0,0,0,1,1
555947,0.21191706998323742,0,0,0,0,1
879177,0.022230774887161752,0,0,0,1,1
936010,0.20463531076357552,0,0,0,0,0
116332,0.00960101612504953,0,0,0,1,1
313681,0.026551703648083944,0,0,0,1,1
118514,0.20463531076357552,0,0,0,0,0
624065,0.026123921811829362,0,0,0,1,1
589765,0.021487220416891713,0,0,0,1,1
812149,0.01151687065439351,0,0,0,1,1
820541,0.02801152583594688,0,0,0,1,1
496233,0.015590328066426606,0,0,0,1,1
579438,0.2155467197789668,0,0,0,0,0
955479,0.033304402025524094,0,0,0,1,1
159856,0.02223983786926287,0,0,0,1,1
113476,0.022129661525004025,0,0,0,1,1
707754,0.017572363841229163,0,0,0,1,1
918042,0.021331423580423434,0,0,0,1,1
972994,0.01726056015397942,0,0,0,1,1
352809,0.15809045706309446,0,0,0,0,0
304764,0.3052832213089223,1,1,0,1,1
923680,0.024782504530404103,0,0,0,1,1
261468,0.030110977954120287,0,0,0,1,1
240761,0.029838269473607477,0,0,0,1,1
689477,0.029721700843546427,0,0,0,1,1
939320,0.220718226860624,1,1,0,0,0
858013,0.10813504770222722,0,0,0,1,1
941380,0.0240787748881095,0,0,0,1,1
773986,0.028219824473766243,0,0,0,1,1
464114,0.21191706998323742,0,0,0,0,0
268293,0.023915385336190313,0,0,0,1,1
929097,0.028281949032070864,0,0,0,1,1
492159,0.022842734019755347,0,0,0,1,1
565876,0.03118217885154317,0,0,0,1,1
248885,0.02225583194498431,0,0,0,1,1
768010,0.13793879862601835,0,0,0,1,1
817573,0.025473077681437466,0,0,0,1,1
263339,0.020633127767510057,0,0,0,1,1
848804,0.023253056979677486,0,0,0,1,1
871045,0.028966784836462492,0,0,0,1,1
123420,0.022395320331389235,0,0,0,1,1
179042,0.02532531928675388,0,0,0,1,1
883002,0.012567484980136427,0,0,0,1,1
693852,0.021947778873048846,0,0,0,1,1
618817,0.026339054266739458,0,0,0,1,1
446096,0.1676219129436931,0,0,0,0,0
201898,0.12891224797523787,1,1,0,1,1
243455,0.04271126993618634,0,0,0,1,1
514235,0.08893489137287232,0,0,0,1,1
858453,0.009795568189943944,0,0,0,1,1
972795,0.024546856610812358,0,0,0,1,1
831797,0.15809045706309446,0,0,0,0,0
547522,0.5384059534555048,0,0,0,0,1
980494,0.1676219129436931,0,0,0,0,0
699397,0.008117330869079134,0,0,0,1,1
561053,0.032351461482724386,0,0,0,1,1
898229,0.020211149109731683,0,0,0,1,1
173356,0.023058309392622958,0,0,0,1,1
663382,0.028721550753148323,0,0,0,1,1
462247,0.17267310067510436,0,0,0,0,0
533365,0.03376947697456797,0,0,0,1,1
619404,0.029393819776928762,0,0,0,1,1
370014,0.03332860302305345,0,0,0,1,1
672308,0.03527931295240423,0,0,0,1,1
517472,0.21416751041259696,1,1,0,0,0
647726,0.030173429667853878,0,0,0,1,1
112026,0.039202891315038964,0,0,0,1,1
853540,0.03322330213885888,0,0,0,1,1
400513,0.9694019824500396,1,0,1,0,1
755014,0.015088962284622547,0,0,0,1,1
212707,0.011494819703077188,0,0,0,1,1
120192,0.0194867896614281,0,0,0,1,1
711500,0.21416751041259696,0,0,0,0,0
374941,0.12169662519620747,0,0,0,1,1
502141,0.12110275590720714,0,0,0,1,1
332430,0.026857189795264195,0,0,0,1,1
941882,0.01862788389607441,0,0,0,1,1
872814,0.010914104622573867,0,0,0,1,1
969378,0.02700939848329104,0,0,0,1,1
608504,0.9644301495800426,1,0,1,0,1
902562,0.023782662949292283,0,0,0,1,1
998580,0.024990994575215197,0,0,0,1,1
606600,0.03023915762537605,1,1,0,1,1
329826,0.022101772119271345,0,0,0,1,1
297167,0.16405759162366693,0,0,0,0,0
491513,0.038631641717730855,0,0,0,1,1
192355,0.024194017881591447,0,0,0,1,1
689839,0.21416751041259696,0,0,0,0,0
147602,0.023328166524139403,0,0,0,1,1
514042,0.0240787748881095,0,0,0,1,1
284892,0.21416751041259696,0,0,0,0,0
828852,0.38397677431180544,0,0,0,1,0
505871,0.9644301495800426,1,0,1,0,1
381748,0.0283468056299399,0,0,0,1,1
533950,0.01014477246454167,0,0,0,1,1
131721,0.029546484960889758,0,0,0,1,1
314842,0.015421974801637366,0,0,0,1,1
863093,0.1749374998816577,0,0,0,0,0
812373,0.024305872965662067,0,0,0,1,1
618523,0.037058408500741144,1,1,0,1,1
705113,0.025527961734882552,0,0,0,1,1
659112,0.02769656258512247,0,0,0,1,1
765955,0.022169535634996063,0,0,0,1,1
375814,0.009795568189943944,0,0,0,1,1
969687,0.02368515993393763,0,0,0,1,1
289732,0.021624996971625694,0,0,0,1,1
585275,0.028382436332490896,0,0,0,1,1
710364,0.03296772346831834,0,0,0,1,1
419275,0.02083015371687659,0,0,0,1,1
264145,0.027937806773042258,0,0,0,1,1
256920,0.21379591358914635,0,0,0,0,0
314898,0.02781626223175444,0,0,0,1,1
284362,0.023694950774049317,0,0,0,1,1
198713,0.0347422812919141,0,0,0,1,1
713853,0.03879071557461669,0,0,0,1,1
349490,0.022535117354196013,0,0,0,1,1
369242,0.03023103636260847,0,0,0,1,1
985320,0.1316371055517457,1,1,1,1,1
921886,0.020254595945946096,0,0,0,1,1
189836,0.03451104151254498,0,0,0,1,1
788870,0.02341234224531486,0,0,0,1,1
753456,0.10117854227182575,0,0,0,1,1
759847,0.024498830118195362,0,0,0,1,1
605790,0.01969784621304432,0,0,0,1,1
984086,0.02083015371687659,0,0,0,1,1
442249,0.051395380409181464,0,0,0,1,1
858222,0.1787963351252134,0,0,0,0,0
866295,0.15784126426216885,1,1,0,1,1
546827,0.02902110215159794,0,0,0,1,1
938822,0.12212741283157882,0,0,0,1,1
300606,0.01894027480778681,0,0,0,1,1
392335,0.021628365106847104,0,0,0,1,1
189822,0.012550836126461507,0,0,0,1,1
678243,0.027246364615702498,0,0,0,1,1
290554,0.02312522436859179,0,0,0,1,1
653081,0.014131938049773808,0,0,0,1,1
681593,0.17387451273709756,0,0,0,0,0
705006,0.025248606497664115,0,0,0,1,1
907077,0.031161867159971175,1,1,0,1,1
842793,0.026046164440005196,0,0,0,1,1
273144,0.023801074165880454,0,0,0,1,1
311857,0.2530179039988978,1,0,1,0,0
112894,0.21191706998323742,1,0,1,0,0
895346,0.02570253908602375,0,0,0,1,1
826149,0.02593722956710502,0,0,0,1,1
459128,0.02443632746371044,0,0,0,1,1
524951,0.20463531076357552,1,0,1,0,0
649994,0.020513461857529346,0,0,0,1,1
413101,0.023032572966083416,0,0,0,1,1
165893,0.014212805524099113,0,0,0,1,1
206207,0.02658434893291579,0,0,0,1,1
584833,0.14600424592216638,0,0,0,0,1
592034,0.18644645681790373,0,0,0,0,0
222102,0.01999026794955802,0,0,0,1,1
752259,0.031905961149928025,0,0,0,1,1
577278,0.015541954075940256,0,0,0,1,1
685546,0.02524386306383521,0,0,0,1,1
455758,0.2007247314160019,0,0,0,0,1
931657,0.012630521679316253,0,0,0,1,1
486143,0.16532223884711972,0,0,0,1,0
148767,0.011949104221857321,0,0,0,1,1
696864,0.03481721594196766,0,0,0,1,1
239525,0.15809045706309446,0,0,0,0,0
827353,0.20682871742190695,1,0,1,0,0
767648,0.10624473627069746,0,0,0,1,1
521225,0.03179577421153903,0,0,0,1,1
521486,0.02342013302342084,0,0,0,1,1
956477,0.054223105280186444,0,0,0,1,1
225920,0.02847760732648875,0,0,0,1,1
311692,0.20682871742190695,0,0,0,0,0
251874,0.024551486546935484,0,0,0,1,1
660684,0.02484576222034628,0,0,0,1,1
944243,0.20682871742190695,0,0,0,0,0
432200,0.026406482408324373,0,0,0,1,1
467631,0.024276193089266093,0,0,0,1,1
540109,0.014282394324833662,0,0,0,1,1
893294,0.021345128115713367,0,0,0,1,1
919285,0.014862480112864465,0,0,0,1,1
684491,0.025504482708533754,0,0,0,1,1
405318,0.030269209083152407,0,0,0,1,1
266757,0.02656026355774334,0,0,0,1,1
643912,0.016713146613489605,0,0,0,1,1
169529,0.18644645681790373,0,0,0,0,0
654122,0.028853190847182682,0,0,0,1,1
668843,0.16972183251375939,0,0,0,1,1
707424,0.023925231723976755,0,0,0,1,1
725962,0.17177327725839592,0,0,0,0,0
411686,0.009638894003516103,0,0,0,1,1
481860,0.20463531076357552,0,0,0,0,1
164017,0.12734691110862703,0,0,0,1,1
812417,0.027889014965139815,0,0,0,1,1
473786,0.035012343859015756,1,1,0,1,1
438698,0.17387451273709756,1,0,1,0,0
732368,0.009399297457709864,0,0,0,1,1
124761,0.02500801131914346,0,0,0,1,1
126581,0.03219053077724439,0,0,0,1,1
502390,0.025693219715356923,0,0,0,1,1
940760,0.02346174448904025,0,0,0,1,1
914609,0.03182514000264195,0,0,0,1,1
717250,0.2479683472896514,0,0,0,1,0
768996,0.013008715549199723,0,0,0,1,1
932526,0.12037611429698335,0,0,0,1,1
323542,0.0270534532857865,0,0,0,1,1
637580,0.012156199567339952,0,0,0,1,1
183208,0.025755416038070748,0,0,0,1,1
131342,0.022286868211823654,0,0,0,1,1
331094,0.1937330146011049,0,0,0,0,0
424126,0.02863754215383612,0,0,0,1,1
869226,0.025263647883809463,0,0,0,1,1
437357,0.024572755114986536,0,0,0,1,1
485040,0.028507492094131764,0,0,0,1,1
840376,0.02196090640363945,0,0,0,1,1
187887,0.02524386306383521,0,0,0,1,1
113679,0.02947961471874589,0,0,0,1,1
188542,0.029921570260154934,0,0,0,1,1
579990,0.0288489245120002,0,0,0,1,1
295412,0.027844532629979317,0,0,0,1,1
523904,0.03169429273530284,0,0,0,1,1
702269,0.07614262440454654,0,0,0,1,1
561917,0.16924334908255195,0,0,0,0,0
169665,0.025702427800494733,0,0,0,1,1
178720,0.022546006119261,0,0,0,1,1
813725,0.0346624663926085,0,0,0,1,1
819315,0.17387451273709756,0,0,0,0,0
882544,0.02670929312114313,0,0,0,1,1
853704,0.02188113480009313,0,0,0,1,1
521252,0.021504408951937747,0,0,0,1,1
538550,0.02053741126166725,0,0,0,1,1
851931,0.02840157689661397,0,0,0,1,1
704603,0.031817046668217205,0,0,0,1,1
872079,0.11767820592683766,0,0,0,1,1
622527,0.03909366989771383,0,0,0,1,1
992488,0.029128242168595223,0,0,0,1,1
616746,0.20463531076357552,0,0,0,0,1
714379,0.11140944755906877,0,0,0,1,1
242917,0.021769392094651868,0,0,0,1,1
986055,0.026654312971553764,0,0,0,1,1
601940,0.027033532499170183,0,0,0,1,1
740754,0.11792409541340775,0,0,0,1,1
690191,0.1777283771910125,0,0,0,0,0
882466,0.020886591041905413,0,0,0,1,1
216139,0.022259195464545772,0,0,0,1,1
286614,0.1676219129436931,1,0,1,0,0
759899,0.023884479959824578,0,0,0,1,1
122283,0.019427032580087433,0,0,0,1,1
227293,0.008693548211083386,0,0,0,1,1
669368,0.022547904201329617,0,0,0,1,1
696199,0.02964255683215609,0,0,0,1,1
904920,0.02608494689230566,0,0,0,1,1
781777,0.021508672875477704,0,0,0,1,1
344671,0.16224397250674535,0,0,0,0,1
274204,0.02876808854116507,0,0,0,1,1
312933,0.02633551608517081,0,0,0,1,1
576184,0.17665794615818287,0,0,0,1,1
682356,0.03301158358162356,0,0,0,1,1
861470,0.022644823749813876,0,0,0,1,1
904736,0.025023860694121037,0,0,0,1,1
262770,0.20682871742190695,0,0,0,0,0
213934,0.03225507695290845,0,0,0,1,1
461199,0.02834343739862421,0,0,0,1,1
818940,0.13892744405724697,0,0,0,1,1
563217,0.022931821731597832,0,0,0,1,1
679155,0.9656372523150991,1,0,1,0,1
362293,0.03523551061073913,0,0,0,1,1
172971,0.18644645681790373,0,0,0,0,0
659205,0.010823432905654488,0,0,0,1,1
329302,0.046759294020615245,0,0,0,1,1
280588,0.024702667072058593,0,0,0,1,1
694512,0.02154267685339148,0,0,0,1,1
744612,0.036715904513212376,0,0,0,1,1
444154,0.010520448822706162,0,0,0,1,1
828040,0.21191706998323742,0,0,0,0,0
127279,0.026892991089703427,0,0,0,1,1
584564,0.02684579616221879,0,0,0,1,1
296141,0.2155467197789668,0,0,0,0,0
171192,0.16405759162366693,0,0,0,0,0
314317,0.013101364690865022,0,0,0,1,1
357567,0.018305192160257354,1,1,0,1,1
827790,0.15453595678924478,0,0,0,0,0
977274,0.09747391619639084,0,0,0,1,1
202182,0.031100378149034342,0,0,0,1,1
522758,0.025881641337580984,0,0,0,1,1
389488,0.1338541020297314,0,0,0,1,1
355515,0.01971246034177085,0,0,0,1,1
979983,0.06742728788960493,0,0,0,1,1
974606,0.021975584293285055,0,0,0,1,1
360730,0.0310182789408599,0,0,0,1,1
221775,0.03179979942131727,0,0,0,1,1
116045,0.028030560011163216,0,0,0,1,1
492433,0.023123404853163908,0,0,0,1,1
516133,0.02534692516812082,0,0,0,1,1
351897,0.028303870131601974,0,0,0,1,1
399704,0.16675911638587262,0,0,0,1,1
423254,0.025091003653663842,0,0,0,1,1
687463,0.0262138216307065,0,0,0,1,1
915286,0.009268321567598908,0,0,0,1,1
696504,0.11138241887712032,0,0,0,1,1
954293,0.2530179039988978,0,0,0,0,0
290250,0.17620764484052678,1,1,0,0,0
605269,0.030323092620446853,0,0,0,1,1
726688,0.02921195282728209,0,0,0,1,1
875819,0.20682871742190695,0,0,0,0,0
802002,0.028217905103147596,0,0,0,1,1
883155,0.023017164292352267,0,0,0,1,1
664493,0.030633737445869277,0,0,0,1,1
967502,0.15582987935591613,0,0,0,0,1
560990,0.1213325035072278,0,0,0,1,1
530955,0.02118254200227565,0,0,0,1,1
929302,0.028331743417808038,0,0,0,1,1
515134,0.022962676064808295,0,0,0,1,1
645244,0.03538316715248595,0,0,0,1,1
959673,0.018136725883319667,0,0,0,1,1
856830,0.02467890231369548,0,0,0,1,1
339573,0.013311831796977015,0,0,0,1,1
267717,0.1676219129436931,0,0,0,0,0
108481,0.17267310067510436,1,0,1,0,0
676408,0.03814213861918852,0,0,0,1,1
423228,0.02242385389856081,0,0,0,1,1
307033,0.10258706000880412,0,0,0,1,0
484774,0.1495038177791438,0,0,0,1,1
573458,0.032474070078409654,0,0,0,1,1
372755,0.15261887575100727,0,0,0,1,0
909260,0.011180851780753396,0,0,0,1,1
811335,0.021960343717690047,0,0,0,1,1
460770,0.1937330146011049,0,0,0,0,0
742281,0.013144517414473103,0,0,0,1,1
238442,0.020541102149653184,0,0,0,1,1
510182,0.3341513257624133,1,0,1,1,1
535482,0.02839342860507546,0,0,0,1,1
131321,0.026211166410874755,0,0,0,1,1
645114,0.1676219129436931,0,0,0,0,0
429244,0.020739207578712383,0,0,0,1,1
951719,0.0253746490274957,0,0,0,1,1
336281,0.10404915567955188,0,0,0,1,1
673424,0.011091660943219972,0,0,0,1,1
927703,0.023939639383922552,0,0,0,1,1
636813,0.03091027294675266,0,0,0,1,1
967490,0.014791754641470879,0,0,0,1,1
256360,0.1174125892054154,0,0,0,1,1
658076,0.2155467197789668,0,0,0,0,0
933682,0.2081731857303604,0,0,0,0,0
241468,0.17267310067510436,0,0,0,0,0
728386,0.1790735835060406,0,0,0,0,0
405928,0.010740991073759839,0,0,0,1,1
475532,0.02466906876106683,0,0,0,1,1
198147,0.022457911686664278,0,0,0,1,1
234435,0.011516462552522798,0,0,0,1,1
302839,0.01676853317608624,0,0,0,1,1
566182,0.08234209870350957,0,0,0,1,1
721973,0.03272747181145334,0,0,0,1,1
936761,0.1801544018612486,0,0,0,0,0
246736,0.15054648053748404,0,0,0,1,0
703374,0.09579293623467247,0,0,0,1,1
275637,0.032142727240876766,0,0,0,1,1
148487,0.03521690702109072,0,0,0,1,1
581531,0.03247193244901324,0,0,0,1,1
863223,0.025743524172927707,0,0,0,1,1
519742,0.031370953576278525,0,0,0,1,1
526481,0.023771592522086993,0,0,0,1,1
517538,0.02526279482460411,0,0,0,1,1
707762,0.15582987935591613,0,0,0,0,0
261125,0.021523245362818265,0,0,0,1,1
108666,0.029170281292439048,0,0,0,1,1
560149,0.028886171090897292,0,0,0,1,1
624487,0.022757263829449377,0,0,0,1,1
884875,0.013375367839738932,0,0,0,1,1
199603,0.021432720847282004,0,0,0,1,1
444652,0.11305479585102565,0,0,0,1,1
698510,0.028039949829077915,0,0,0,1,1
565602,0.022660069509571577,0,0,0,1,1
891604,0.02453683477704832,0,0,0,1,1
356828,0.02748031837587675,0,0,0,1,1
478890,0.023932398150706045,0,0,0,1,1
930774,0.23234686973987112,0,0,0,0,0
789892,0.023557031565265795,0,0,0,1,1
856348,0.026074175832741797,0,0,0,1,1
932623,0.024883600696153873,0,0,0,1,1
436041,0.2648477232014144,1,1,0,1,1
372111,0.02547339095506756,0,0,0,1,1
278464,0.9656372523150991,1,0,1,0,1
878518,0.15829909702644154,0,0,0,0,0
872752,0.1790735835060406,0,0,0,0,0
607997,0.037280102117155656,0,0,0,1,1
720131,0.20233749659674605,0,0,0,0,0
913153,0.2095590334390619,0,0,0,0,0
263592,0.02325223275414796,0,0,0,1,1
472719,0.030002498750107544,0,0,0,1,1
869276,0.008963159110547098,0,0,0,1,1
924630,0.02220813755506276,0,0,0,1,1
786255,0.029029819725950208,0,0,0,1,1
803177,0.15582987935591613,0,0,0,0,0
717891,0.026591371003754014,0,0,0,1,1
946070,0.025525187081209426,0,0,0,1,1
580554,0.027811724260372584,0,0,0,1,1
891727,0.03150202769356115,0,0,0,1,1
973846,0.1777283771910125,0,0,0,0,0
354547,0.010519779336412224,0,0,0,1,1
941683,0.02655899544953394,0,0,0,1,1
412429,0.029743660288487496,0,0,0,1,1
912252,0.027287408976019403,0,0,0,1,1
343884,0.17267310067510436,1,0,1,0,0
628475,0.028458044074389798,0,0,0,1,1
941545,0.15809045706309446,1,1,0,0,0
733728,0.20696432562257758,0,0,0,1,0
733096,0.014209527852054758,0,0,0,1,1
776453,0.02753326289223757,0,0,0,1,1
761613,0.035666147119795946,0,0,0,1,1
932244,0.22833911649148908,0,0,0,0,0
630711,0.023923703093449742,0,0,0,1,1
589101,0.02422734946724366,0,0,0,1,1
782804,0.10851915489419393,1,0,1,0,0
980338,0.029305949881364677,0,0,0,1,1
828731,0.021556217086384513,0,0,0,1,1
456367,0.024065768730848477,0,0,0,1,1
242304,0.023402608364396442,0,0,0,1,1
929913,0.025913242712855035,0,0,0,1,1
709238,0.031463957573002695,0,0,0,1,1
606214,0.025511280688060845,0,0,0,1,1
295327,0.009110243598590749,0,0,0,1,1
419748,0.01075429742255329,0,0,0,1,1
540380,0.17267310067510436,0,0,0,0,0
851981,0.02188113480009313,0,0,0,1,1
948693,0.028681438387342266,0,0,0,1,1
247391,0.20463531076357552,1,1,0,0,1
937228,0.019407524240774333,0,0,0,1,1
667634,0.029181969116550407,0,0,0,1,1
840059,0.024257091330652954,0,0,0,1,1
884522,0.018668502932929636,0,0,0,1,1
950107,0.21416751041259696,0,0,0,0,0
259110,0.02918948645302276,0,0,0,1,1
470671,0.024470490993281534,0,0,0,1,1
189775,0.025441417641127482,0,0,0,1,1
646189,0.02606303196140682,0,0,0,1,1
253466,0.16224397250674535,0,0,0,0,1
283807,0.009110243598590749,0,0,0,1,1
312630,0.023660918880793233,0,0,0,1,1
918017,0.2095590334390619,1,1,0,0,0
663098,0.17387451273709756,1,0,1,0,0
939856,0.11703609507155714,0,0,0,1,1
515826,0.023495339275383036,0,0,0,1,1
896283,0.17984018117321865,0,0,0,0,0
725120,0.031129500946045153,0,0,0,1,1
151036,0.17267310067510436,0,0,0,0,0
887511,0.028426119770407238,1,1,0,1,1
254230,0.019752719723252037,0,0,0,1,1
439361,0.023666015935511386,0,0,0,1,1
362471,0.03466534801864998,0,0,0,1,1
928644,0.09293200088588201,0,0,0,1,1
185830,0.021432720847282004,0,0,0,1,1
187318,0.010991986963926696,0,0,0,1,1
389928,0.039629841109427154,1,1,0,1,1
444366,0.021070455967848935,0,0,0,1,1
939098,0.026561867362396185,0,0,0,1,1
418793,0.009452250281844076,0,0,0,1,1
445496,0.01917671027894339,0,0,0,1,1
773865,0.031040550835866987,0,0,0,1,1
329735,0.026802012144017003,0,0,0,1,1
151327,0.024012055786518067,0,0,0,1,1
347231,0.029546570602033452,0,0,0,1,1
835973,0.011822373487537677,0,0,0,1,1
372663,0.2042123563778441,0,0,0,0,0
672904,0.02877788265351322,0,0,0,1,1
841373,0.02156117499795329,0,0,0,1,1
579931,0.02484877728888797,0,0,0,1,1
157704,0.02323720638874893,0,0,0,1,1
319052,0.029443433224661184,0,0,0,1,1
229265,0.03027887109178121,0,0,0,1,1
741244,0.24684132813502074,0,0,0,0,0
618390,0.022050644408711767,0,0,0,1,1
814112,0.1143802447688666,0,0,0,1,1
277565,0.021965308658051453,0,0,0,1,1
377928,0.2095590334390619,0,0,0,0,0
328116,0.03143852658483418,0,0,0,1,1
609664,0.2095590334390619,0,0,0,0,0
192994,0.018112051440171244,0,0,0,1,1
298671,0.020685434027698582,0,0,0,1,1
166273,0.20682871742190695,0,0,0,0,0
301603,0.023044398167008196,0,0,0,1,1
307047,0.16964118689835567,1,1,0,1,1
847772,0.027287408976019403,0,0,0,1,1
683503,0.023355165692184803,0,0,0,1,1
220794,0.03352420162224307,0,0,0,1,1
655995,0.9656372523150991,1,0,1,0,1
757416,0.9644301495800426,1,0,1,0,1
826589,0.028794803370589497,0,0,0,1,1
703104,0.012041960947298903,0,0,0,1,1
523399,0.12171683305033766,1,1,0,1,1
648586,0.028809717994437083,0,0,0,1,1
575833,0.02230904363812478,0,0,0,1,1
161956,0.20463531076357552,1,1,0,0,1
489279,0.027486163399033092,0,0,0,1,1
366977,0.20682871742190695,0,0,0,0,0
867757,0.028119780291346885,0,0,0,1,1
652518,0.025242735859006767,0,0,0,1,1
207001,0.03632489370110291,0,0,0,1,1
975846,0.011625743396459949,0,0,0,1,1
198010,0.021948897616366096,0,0,0,1,1
543285,0.0728453957570274,0,0,0,1,1
432843,0.07553042758036892,0,0,0,1,1
373242,0.10109639271884405,0,0,0,1,1
263246,0.033219208562896445,0,0,0,1,1
721366,0.1603944866171158,0,0,0,0,0
172491,0.23234686973987112,0,0,0,0,0
200519,0.025915518995254683,0,0,0,1,1
788001,0.026591371003754014,0,0,0,1,1
600712,0.10287683497154183,0,0,0,1,1
218278,0.1801544018612486,0,0,0,0,0
738473,0.02223983786926287,1,1,0,1,1
256003,0.018888223598504603,0,0,0,1,1
881000,0.025322328918807917,0,0,0,1,1
889569,0.02697738087124408,0,0,0,1,1
165742,0.024964265950065335,0,0,0,1,1
576074,0.025084933269305703,0,0,0,1,1
315235,0.020197892255541774,0,0,0,1,1
426429,0.018141487680989447,0,0,0,1,1
116732,0.17387451273709756,0,0,0,0,1
436010,0.02716356785504373,0,0,0,1,1
745920,0.10137756428846782,0,0,0,1,1
988638,0.02661707115211176,0,0,0,1,1
285335,0.028330840259396167,0,0,0,1,1
722003,0.022400856631681374,0,0,0,1,1
770452,0.03711082923586584,0,0,0,1,1
195960,0.02333098534563891,0,0,0,1,1
390297,0.2530179039988978,0,0,0,0,0
655957,0.020558019084860636,0,0,0,1,1
257417,0.013260907892753195,0,0,0,1,1
599394,0.1790735835060406,0,0,0,0,0
953198,0.026998256278921537,0,0,0,1,1
728228,0.03084522326710759,0,0,0,1,1
863459,0.025216865716060948,0,0,0,1,1
901461,0.1790735835060406,0,0,0,0,0
460894,0.023271272000302264,0,0,0,1,1
486909,0.027498548697785407,1,1,0,1,1
160740,0.036886716199186736,0,0,0,1,1
326028,0.1790735835060406,0,0,0,0,0
573681,0.0240787748881095,0,0,0,1,1
912633,0.20682871742190695,0,0,0,0,0
981195,0.023951644012791776,0,0,0,1,1
333064,0.02338477505121917,0,0,0,1,1
290356,0.20927919904776876,1,1,0,0,0
426223,0.020197892255541774,0,0,0,1,1
545410,0.03090466265240149,1,1,0,1,1
990218,0.09314605094890123,0,0,0,1,1
614000,0.042724195661995944,0,0,0,1,1
721406,0.012621564692151302,0,0,0,1,1
302258,0.019486207321994325,0,0,0,1,1
101487,0.008912040663078376,0,0,0,1,1
286636,0.023351994945230065,0,0,0,1,1
397934,0.10793874716438089,0,0,0,1,1
238342,0.21668118811504164,0,0,0,0,0
555118,0.02596386673111673,0,0,0,1,1
874267,0.020678882118530188,0,0,0,1,1
182235,0.02944398921318856,0,0,0,1,1
290620,0.17267310067510436,0,0,0,0,0
697393,0.023047790992378,1,1,0,1,1
829316,0.9656372523150991,1,0,1,0,1
397099,0.1790735835060406,0,0,0,0,0
886439,0.024109746794657144,0,0,0,1,1
161338,0.019927170454767964,0,0,0,1,1
688139,0.20927919904776876,0,0,0,0,0
966210,0.24281410017437316,0,0,0,0,0
728302,0.0279343797483314,0,0,0,1,1
148982,0.20927919904776876,0,0,0,0,0
929871,0.21886715568289272,0,0,0,1,0
645508,0.38888948786244426,0,0,0,1,0
116999,0.035015281647896926,0,0,0,1,1
631854,0.021897037210096244,0,0,0,1,1
762671,0.0970970086154676,0,0,0,1,1
969938,0.013475660822777843,0,0,0,1,1
290564,0.04031142678313045,0,0,0,1,1
217364,0.18236151020940133,0,0,0,0,0
999524,0.02857085801284597,0,0,0,1,1
111573,0.021769392094651868,0,0,0,1,1
975477,0.021827042413225296,0,0,0,1,1
581513,0.024230273513765214,0,0,0,1,1
145322,0.011839929746143925,0,0,0,1,1
243005,0.015418046534438259,0,0,0,1,1
306400,0.03690610268347765,0,0,0,1,1
823590,0.032518820504059624,0,0,0,1,1
121139,0.01917671027894339,0,0,0,1,1
307623,0.010373929761422781,0,0,0,1,1
331697,0.029457456636717054,0,0,0,1,1
719736,0.035018011916133136,0,0,0,1,1
434489,0.14425101421967784,0,0,0,0,0
408170,0.15010826731803098,1,0,1,0,0
919338,0.09555254287715313,0,0,0,1,1
905787,0.03512894482152831,0,0,0,1,1
536794,0.03049393484255126,0,0,0,1,1
665679,0.029797798049167788,0,0,0,1,1
340927,0.027015534183558065,0,0,0,1,1
809107,0.17387451273709756,0,0,0,0,0
218917,0.023717801926260388,0,0,0,1,1
334192,0.20035486845402728,1,0,1,0,0
739808,0.020246295743282926,0,0,0,1,1
855635,0.02415285946146155,0,0,0,1,1
522763,0.18236151020940133,0,0,0,0,0
645145,0.029265294058723496,0,0,0,1,1
681399,0.024435568309010135,0,0,0,1,1
986623,0.09616709300507997,0,0,0,1,1
211058,0.0302494654970169,0,0,0,1,1
104673,0.013626601835724773,0,0,0,1,1
525245,0.28146752174027606,0,0,0,0,0
209994,0.02158858958952238,0,0,0,1,1
611084,0.027517457021454056,0,0,0,1,1
654433,0.4321831340846251,1,1,0,1,1
200708,0.02340492106524447,0,0,0,1,1
907252,0.025732794567133472,0,0,0,1,1
893040,0.11571519488726796,0,0,0,1,1
251012,0.13453927692308032,0,0,0,1,1
276484,0.21191706998323742,1,0,1,0,0
377464,0.03288117260884462,0,0,0,1,1
462701,0.03402112265870436,0,0,0,1,1
715797,0.16312440362476424,0,0,0,0,0
445251,0.022171948647256457,0,0,0,1,1
772484,0.02596231436011327,0,0,0,1,1
858817,0.12226241372076734,0,0,0,1,1
182543,0.024318604428568924,0,0,0,1,1
228557,0.17387451273709756,0,0,0,0,0
968225,0.01276352064981959,0,0,0,1,1
886876,0.10610684783361943,0,0,0,1,1
368027,0.02738560358323349,0,0,0,1,1
384409,0.24684132813502074,0,0,0,0,0
257506,0.025022735521131666,0,0,0,1,1
299464,0.019300029614638416,0,0,0,1,1
117053,0.024713011302053802,0,0,0,1,1
136106,0.034268512033511514,0,0,0,1,1
289476,0.20927919904776876,0,0,0,0,0
545127,0.022018998397917496,0,0,0,1,1
128975,0.11545639892365583,0,0,0,1,1
866403,0.02497280121297489,0,0,0,1,1
742009,0.025424425298613662,0,0,0,1,1
950467,0.21668118811504164,0,0,0,0,0
356613,0.034340729929481215,0,0,0,1,1
952911,0.1616457501818821,0,0,0,0,1
967637,0.01819880701075617,0,0,0,1,1
445704,0.021533594455637173,0,0,0,1,1
332027,0.029948044593438562,0,0,0,1,1
778027,0.1676219129436931,0,0,0,0,0
225363,0.02847174952876715,0,0,0,1,1
571180,0.024968287258083248,0,0,0,1,1
700566,0.21668118811504164,0,0,0,0,0
619537,0.0236837577274742,0,0,0,1,1
780298,0.03819808721000492,0,0,0,1,1
968312,0.09085521070489855,0,0,0,1,1
487486,0.02308474059215228,0,0,0,1,1
807769,0.03449425449043226,0,0,0,1,1
287266,0.02219389400938222,0,0,0,1,1
445599,0.20646650844652964,1,0,1,0,0
738096,0.031530946304927414,0,0,0,1,1
703109,0.033823954545876236,0,0,0,1,1
779444,0.16008003523495856,1,0,1,0,0
380843,0.019841625476739306,0,0,0,1,1
633640,0.035040913805302054,0,0,0,1,1
194886,0.02143795253845737,0,0,0,1,1
594200,0.20463531076357552,1,0,1,0,0
776931,0.21191706998323742,0,0,0,0,0
768415,0.02602175244885702,0,0,0,1,1
469702,0.24476248970491027,1,0,1,0,0
485795,0.02070039858173279,0,0,0,1,1
308362,0.010381286224428328,0,0,0,1,1
350692,0.03406391297366555,0,0,0,1,1
850359,0.025967623281856426,0,0,0,1,1
107420,0.5732777259148548,1,1,0,1,1
366500,0.025498385984723874,0,0,0,1,1
860032,0.24476248970491027,0,0,0,0,1
274803,0.15648911617086683,0,0,0,0,0
456632,0.027132859660409278,0,0,0,1,1
459517,0.013160370906863637,0,0,0,1,1
708807,0.021561439126074604,0,0,0,1,1
474846,0.042023583971760925,1,1,0,1,1
370660,0.16008003523495856,0,0,0,0,0
612186,0.023091737571414677,0,0,0,1,1
828232,0.024729894778340745,0,0,0,1,1
130077,0.031158416533974706,0,0,0,1,1
695978,0.030168582808582402,0,0,0,1,1
488044,0.027246364615702498,0,0,0,1,1
998085,0.025558720234145044,0,0,0,1,1
916880,0.02766685276354947,0,0,0,1,1
328111,0.03400282662143943,0,0,0,1,1
928922,0.011284037107964065,0,0,0,1,1
851390,0.14095558301498654,0,0,0,0,0
112863,0.02278949648088469,0,0,0,1,1
497784,0.011450806812438066,0,0,0,1,1
651694,0.03893193267714597,0,0,0,1,1
952602,0.16021036143896247,0,0,0,0,1
112142,0.07673757671443232,0,0,0,1,1
219555,0.014907799312240136,0,0,0,1,1
828862,0.2081731857303604,0,0,0,0,0
487727,0.024136658058634273,0,0,0,1,1
493819,0.011971464638870754,0,0,0,1,1
746296,0.04145200424105724,0,0,0,1,1
709982,0.015974728698754343,0,0,0,1,1
511437,0.7939133909684999,0,0,0,0,0
227398,0.21191706998323742,0,0,0,0,0
520660,0.010294565938610051,0,0,0,1,1
732694,0.10049009567967256,0,0,0,1,1
855530,0.020849671837159304,0,0,0,1,1
513123,0.021432720847282004,0,0,0,1,1
139022,0.1429283732578637,0,0,0,1,1
973728,0.026858351453590997,0,0,0,1,1
504919,0.02551420827412968,0,0,0,1,1
263069,0.026408948528769145,0,0,0,1,1
885176,0.10293926654673509,0,0,0,1,1
659731,0.9644301495800426,1,0,1,0,1
914074,0.1676219129436931,0,0,0,0,0
696128,0.2558464350539471,0,0,0,1,0
729084,0.040540808850099634,0,0,0,1,1
188136,0.014899375240580983,0,0,0,1,1
457127,0.2949165913311204,1,0,1,0,0
438593,0.1790735835060406,0,0,0,0,0
935161,0.02606303196140682,0,0,0,1,1
577360,0.03175343120438155,0,0,0,1,1
292546,0.2396640854419633,0,0,0,0,0
197890,0.017518678644713383,0,0,0,1,1
984429,0.030554740029425164,0,0,0,1,1
615411,0.02528077342071429,0,0,0,1,1
843665,0.025539465869697905,0,0,0,1,1
732813,0.02320863823243781,0,0,0,1,1
376144,0.09250053902677069,0,0,0,1,1
460272,0.0672213247808389,0,0,0,1,1
550598,0.2396640854419633,0,0,0,0,0
740763,0.03060149319818502,0,0,0,1,1
894448,0.02381496066837338,0,0,0,1,1
881749,0.012378591362011998,0,0,0,1,1
199478,0.010995784965510442,0,0,0,1,1
350979,0.025706799425599804,0,0,0,1,1
214095,0.2478039619863637,0,0,0,0,0
232884,0.16074529780380495,0,0,0,0,0
572663,0.009918816668673463,0,0,0,1,1
212350,0.011202974459434223,0,0,0,1,1
352501,0.027075341588344237,0,0,0,1,1
328623,0.03572337717248102,0,0,0,1,1
634900,0.028503624260124507,0,0,0,1,1
824712,0.03101192896077052,0,0,0,1,1
115705,0.014907753487725196,0,0,0,1,1
135421,0.0273445603538604,0,0,0,1,1
396471,0.026977510398719505,0,0,0,1,1
408915,0.17387451273709756,0,0,0,0,0
491310,0.10028918477813285,0,0,0,1,1
505798,0.019588431528449402,0,0,0,1,1
252271,0.029421697035118648,0,0,0,1,1
428765,0.07315035937502393,0,0,0,1,1
824163,0.027601588430472536,0,0,0,1,1
757834,0.035395944419735544,0,0,0,1,1
244398,0.031068520612363884,0,0,0,1,1
868154,0.01037127049505775,0,0,0,1,1
107037,0.1543570414332568,0,0,0,1,1
219160,0.9656372523150991,1,0,1,0,1
448273,0.03296791905921717,0,0,0,1,1
731286,0.9656372523150991,1,0,1,0,1
755145,0.20233749659674605,0,0,0,0,0
172200,0.2478039619863637,0,0,0,0,0
546177,0.028270824807952556,0,0,0,1,1
937911,0.032351461482724386,0,0,0,1,1
667157,0.17267310067510436,0,0,0,0,0
472692,0.027963081548070732,0,0,0,1,1
566951,0.028669376783059575,0,0,0,1,1
716548,0.03129410743110471,0,0,0,1,1
936273,0.02452078198521704,0,0,0,1,1
424216,0.028648453710213753,0,0,0,1,1
962989,0.025691141245372848,1,1,0,1,1
823998,0.022522086968782665,0,0,0,1,1
745870,0.24476248970491027,1,0,1,0,0
363983,0.20463531076357552,0,0,0,0,0
189613,0.17267310067510436,0,0,0,0,0
494515,0.13011915996767207,0,0,0,1,1
553879,0.08948732230410979,0,0,0,1,1
573830,0.21379591358914635,0,0,0,0,0
968497,0.2912190837108012,0,0,0,1,1
793384,0.029421697035118648,0,0,0,1,1
430197,0.021574098005393866,0,0,0,1,1
447387,0.03214415007567224,0,0,0,1,1
772362,0.12937310579420888,0,0,0,1,1
447675,0.012794071279950378,0,0,0,1,1
413659,0.1790735835060406,0,0,0,0,0
675956,0.024496134865779045,0,0,0,1,1
396920,0.02119484726275735,0,0,0,1,1
319947,0.05559496446765808,0,0,0,1,1
276037,0.02541457850883061,0,0,0,1,1
758840,0.032805151902529577,0,0,0,1,1
166846,0.052472876078440756,0,0,0,1,1
314372,0.029035305841507694,0,0,0,1,1
727573,0.032156244599290965,0,0,0,1,1
153395,0.02531147711788088,0,0,0,1,1
522677,0.013521824829152623,0,0,0,1,1
184678,0.02486666213188688,1,1,0,1,1
449555,0.02883262387191916,0,0,0,1,1
528226,0.030969030900437084,0,0,0,1,1
644265,0.03236992149453592,0,0,0,1,1
953614,0.014581881422592419,0,0,0,1,1
390880,0.04678019242004618,0,0,0,1,1
676877,0.030225311056271003,0,0,0,1,1
415446,0.20463531076357552,0,0,0,0,0
282678,0.023319932981185443,0,0,0,1,1
815850,0.036217177334691764,0,0,0,1,1
828182,0.01650876578611411,0,0,0,1,1
687262,0.010951331589728795,0,0,0,1,1
472373,0.025856502840279377,0,0,0,1,1
131253,0.02007743806591456,0,0,0,1,1
194480,0.16074529780380495,0,0,0,0,0
376484,0.02912057177221411,0,0,0,1,1
684305,0.0337695209163728,0,0,0,1,1
905161,0.15829909702644154,1,0,1,0,0
278164,0.03257277334126392,0,0,0,1,1
561801,0.2008351924492766,0,0,0,0,0
652431,0.9656372523150991,1,0,1,0,1
277375,0.01938164451523383,0,0,0,1,1
678925,0.036330708453651946,0,0,0,1,1
703507,0.021594085511183532,0,0,0,1,1
133128,0.1890390569543153,0,0,0,0,0
400802,0.03139989833581245,0,0,0,1,1
640831,0.02028744236681862,0,0,0,1,1
670002,0.011530001695799949,0,0,0,1,1
550434,0.024604958257868383,0,0,0,1,1
492505,0.02821520395025116,0,0,0,1,1
548037,0.026553907568039093,0,0,0,1,1
569940,0.029421697035118648,0,0,0,1,1
987530,0.03233350391431083,0,0,0,1,1
396155,0.016146052502174643,0,0,0,1,1
605134,0.019778139721629725,0,0,0,1,1
137850,0.013803304742529547,0,0,0,1,1
661411,0.03212694091507541,0,0,0,1,1
711565,0.02299942423053953,0,0,0,1,1
241677,0.013913778059127808,0,0,0,1,1
825484,0.03161406324530065,0,0,0,1,1
721494,0.1723902967763974,0,0,0,1,1
118376,0.1676219129436931,1,1,0,0,1
905806,0.02186743471130355,0,0,0,1,1
197086,0.021607780591329423,0,0,0,1,1
304080,0.15829909702644154,0,0,0,0,0
409051,0.02913706846509261,0,0,0,1,1
590280,0.024399757207680874,0,0,0,1,1
737842,0.021221295526685193,0,0,0,1,1
296095,0.17387451273709756,1,0,1,0,0
430097,0.021432720847282004,0,0,0,1,1
432366,0.023916679704316327,0,0,0,1,1
175169,0.04175130914982433,0,0,0,1,1
117915,0.20927919904776876,0,0,0,0,0
406411,0.01649066245140578,0,0,0,1,1
258166,0.03378237156063259,0,0,0,1,1
357298,0.020991054205125002,0,0,0,1,1
730214,0.045720823991414014,0,0,0,1,1
811333,0.021188257007518387,0,0,0,1,1
157751,0.02083015371687659,0,0,0,1,1
789149,0.026321166766367098,0,0,0,1,1
540112,0.010619092690567938,0,0,0,1,1
823113,0.01744340973835564,0,0,0,1,1
382889,0.15648911617086683,0,0,0,0,0
467222,0.021432720847282004,0,0,0,1,1
204424,0.02083015371687659,0,0,0,1,1
477219,0.034098290532014706,0,0,0,1,1
817298,0.17692297398335144,0,0,0,0,0
106757,0.021432720847282004,0,0,0,1,1
210755,0.02242385389856081,0,0,0,1,1
272476,0.06971218433907603,0,0,0,1,1
476648,0.03501281669236262,0,0,0,1,1
676669,0.051904173566358826,0,0,0,1,1
922815,0.022112106523258075,0,0,0,1,1
947026,0.027051831367198746,0,0,0,1,1
234807,0.025990220010318983,0,0,0,1,1
715271,0.021385793515801083,0,0,0,1,1
496329,0.030531605268887083,0,0,0,1,1
259446,0.0233307501980559,0,0,0,1,1
695987,0.1283434965300936,0,0,0,1,1
375371,0.1676219129436931,1,0,1,0,0
414433,0.014438960105876515,0,0,0,1,1
107296,0.12794962528778123,0,0,0,1,1
521043,0.20233749659674605,1,0,1,0,0
481851,0.17926005581893523,0,0,0,0,1
885763,0.02474079510581431,0,0,0,1,1
488647,0.12747991032248168,0,0,0,1,1
503832,0.16237166920818288,0,0,0,0,0
686232,0.008300885884872154,0,0,0,1,1
835240,0.026694380995808186,0,0,0,1,1
916269,0.020624547203708807,0,0,0,1,1
965713,0.12244224465522123,0,0,0,1,0
356237,0.204853816712556,0,0,0,0,0
504564,0.18351626995452375,0,0,0,0,1
519419,0.020383831512376514,0,0,0,1,1
671115,0.027275260649119504,0,0,0,1,1
471000,0.010384051123130214,0,0,0,1,1
677404,0.03285733924948428,0,0,0,1,1
772194,0.025357013913919355,0,0,0,1,1
869804,0.02528514310555666,0,0,0,1,1
983440,0.9649002531640106,1,0,1,0,1
851901,0.030802043360549362,0,0,0,1,1
337148,0.02682830549733402,0,0,0,1,1
847704,0.17693503732608348,0,0,0,1,0
248265,0.034846913563608035,0,0,0,1,1
875789,0.20463531076357552,1,0,1,0,0
822995,0.022628307061311588,0,0,0,1,1
219779,0.03228007512355853,0,0,0,1,1
205697,0.03546796443402205,0,0,0,1,1
827215,0.0227681936744558,0,0,0,1,1
411420,0.031268481613271296,0,0,0,1,1
179153,0.01429313464318993,0,0,0,1,1
205826,0.1676219129436931,0,0,0,0,0
602931,0.026387508971361013,0,0,0,1,1
346560,0.2736641982851266,1,1,1,1,1
277855,0.03324793180187215,0,0,0,1,1
348600,0.15685598485084917,0,0,0,0,1
863219,0.013817041246502262,0,0,0,1,1
524055,0.01304167617059042,0,0,0,1,1
859516,0.02612380494686847,0,0,0,1,1
737534,0.024496134865779045,0,0,0,1,1
677217,0.019426713390485937,0,0,0,1,1
600432,0.03155028583876644,0,0,0,1,1
170152,0.1676219129436931,0,0,0,0,0
958283,0.1790735835060406,0,0,0,0,0
705020,0.026957000308267476,0,0,0,1,1
194722,0.03661796992463756,0,0,0,1,1
225486,0.02312522436859179,0,0,0,1,1
885871,0.10690212258243481,0,0,0,1,1
670751,0.03249083629963354,0,0,0,1,1
347914,0.1790735835060406,0,0,0,0,0
167569,0.16008003523495856,1,0,1,0,0
283326,0.16008003523495856,0,0,0,0,0
796900,0.10823870923707747,0,0,0,1,1
823567,0.153827637897089,0,0,0,1,1
921777,0.025137821834474848,1,1,0,1,1
603070,0.18236151020940133,0,0,0,0,0
107993,0.024160014337872255,0,0,0,1,1
412186,0.009564960763540183,0,0,0,1,1
670131,0.024722619294239558,0,0,0,1,1
143151,0.021947517501459905,0,0,0,1,1
643643,0.21191706998323742,0,0,0,0,0
955750,0.02556501360360327,0,0,0,1,1
577398,0.02201689399641665,0,0,0,1,1
736685,0.03272656394881056,0,0,0,1,1
781963,0.1790735835060406,1,1,0,0,0
398965,0.03475470884751965,0,0,0,1,1
410202,0.03185265011865591,0,0,0,1,1
555745,0.04044608490136345,0,0,0,1,1
977550,0.022382190802290123,0,0,0,1,1
448812,0.02702959228350931,0,0,0,1,1
636213,0.016198875640453296,0,0,0,1,1
864128,0.024764864123915504,0,0,0,1,1
424098,0.028417091031702976,0,0,0,1,1
740083,0.013706346983103926,0,0,0,1,1
292384,0.022547904201329617,0,0,0,1,1
596911,0.030133676824514913,0,0,0,1,1
636749,0.025102937255576146,0,0,0,1,1
681032,0.009698836572114166,0,0,0,1,1
896095,0.02414116830822891,0,0,0,1,1
719300,0.21687962438501157,0,0,0,0,0
767175,0.17387451273709756,0,0,0,0,0
605768,0.1790735835060406,1,0,1,0,0
963067,0.02225583194498431,0,0,0,1,1
348994,0.020782334077357766,0,0,0,1,1
376725,0.03445233761589326,0,0,0,1,1
324997,0.026196404715050726,0,0,0,1,1
464256,0.11251187403663045,0,0,0,1,1
160905,0.023881548861064937,0,0,0,1,1
365557,0.02857821264405683,0,0,0,1,1
321027,0.025671848559041914,0,0,0,1,1
113779,0.027115903230135786,0,0,0,1,1
624881,0.1293572633455653,0,0,0,1,1
219270,0.16947167782735684,1,1,0,1,1
282259,0.026056021913357715,0,0,0,1,1
529544,0.22833911649148908,1,1,0,0,1
870281,0.2214924881912132,0,0,0,1,0
399943,0.02580582511111455,0,0,0,1,1
763406,0.024230577859067754,0,0,0,1,1
280822,0.04915228264002456,0,0,0,1,1
572073,0.02463754227255911,0,0,0,1,1
683901,0.03147376570234614,0,0,0,1,1
790008,0.03235318162401003,0,0,0,1,1
699281,0.10153909607927329,1,1,1,1,1
667275,0.1676219129436931,0,0,0,0,1
953693,0.024980008391665965,0,0,0,1,1
150301,0.018292052463623403,0,0,0,1,1
606004,0.19549063116219806,0,0,0,0,0
268414,0.008380071185718025,0,0,0,1,1
643669,0.019855419763244172,0,0,0,1,1
267306,0.030305378790911733,0,0,0,1,1
846313,0.02262592212679464,0,0,0,1,1
266640,0.02213712177720785,0,0,0,1,1
107730,0.2126603981514625,0,0,0,1,1
649194,0.021806189243986817,0,0,0,1,1
450665,0.024490162630958344,0,0,0,1,1
574688,0.9620090690346247,1,0,1,0,1
403764,0.1676219129436931,0,0,0,0,0
999513,0.03513185507737143,0,0,0,1,1
600541,0.24476248970491027,0,0,0,0,0
116735,0.021731219015368876,0,0,0,1,1
247551,0.011797983446195263,0,0,0,1,1
675409,0.0100646447770644,0,0,0,1,1
144615,0.021586614185385468,0,0,0,1,1
933187,0.020224953084694127,0,0,0,1,1
239476,0.028982604767378663,0,0,0,1,1
568870,0.13170481366023476,0,0,0,1,0
351937,0.22065106416704344,0,0,0,0,0
717229,0.03300396228228481,0,0,0,1,1
996900,0.02298201164973802,0,0,0,1,1
260000,0.023297780401549506,0,0,0,1,1
615131,0.013482986085762849,0,0,0,1,1
993241,0.18236151020940133,0,0,0,0,0
206925,0.022364744254574315,0,0,0,1,1
467359,0.12358935134899648,0,0,0,1,1
191626,0.24476248970491027,1,1,0,0,0
644865,0.024065768730848477,0,0,0,1,1
821918,0.014362056764273259,0,0,0,1,1
972129,0.021081669406381145,0,0,0,1,1
149348,0.024410743031168795,0,0,0,1,1
837269,0.1550380038118184,0,0,0,1,1
611029,0.05311432091896103,0,0,0,1,1
602585,0.024466908793523312,0,0,0,1,1
960441,0.022766622584103554,0,0,0,1,1
709724,0.02688412419279752,0,0,0,1,1
355578,0.1790735835060406,0,0,0,0,0
740063,0.028189058354471275,0,0,0,1,1
961965,0.021442598639323185,0,0,0,1,1
651377,0.01558439883699018,0,0,0,1,1
680738,0.02255288857793729,0,0,0,1,1
108430,0.018989254336083627,0,0,0,1,1
776443,0.012512398613446062,0,0,0,1,1
398839,0.02087464483031273,0,0,0,1,1
243273,0.2155467197789668,1,0,1,0,0
187838,0.026641271532221428,0,0,0,1,1
946439,0.1790735835060406,1,0,1,0,0
530880,0.020444447963238847,0,0,0,1,1
904397,0.23862136324097716,1,1,0,1,1
939399,0.025975145401571708,0,0,0,1,1
300371,0.028037416088683886,0,0,0,1,1
499874,0.019921925223948412,0,0,0,1,1
532997,0.031063337538346843,0,0,0,1,1
103969,0.02083015371687659,0,0,0,1,1
173673,0.028657874944917096,0,0,0,1,1
183129,0.01352964237539628,0,0,0,1,1
880402,0.13948821207420434,0,0,0,1,0
525612,0.015277289190327453,0,0,0,1,1
103151,0.01938755908542708,0,0,0,1,1
171350,0.028833682159791166,0,0,0,1,1
944636,0.023515886243111267,0,0,0,1,1
300460,0.18351626995452375,1,1,0,0,0
224178,0.9656372523150991,1,0,1,0,1
212301,0.03533052262069341,1,0,1,1,1
798533,0.024418226588896808,0,0,0,1,1
905854,0.029347990654527846,0,0,0,1,1
571992,0.010443706023719069,0,0,0,1,1
974875,0.02453941910290381,0,0,0,1,1
191656,0.2530179039988978,0,0,0,0,0
501551,0.20927919904776876,0,0,0,0,0
255320,0.018297962354477393,0,0,0,1,1
688132,0.9620090690346247,1,0,1,0,1
720626,0.204853816712556,0,0,0,0,0
498028,0.017510503892092664,0,0,0,1,1
339880,0.025885259436180374,0,0,0,1,1
181184,0.03663167845507875,0,0,0,1,1
906217,0.21879025090028703,0,0,0,0,0
273054,0.15829909702644154,0,0,0,0,0
728009,0.17267310067510436,1,0,1,0,0
401824,0.03188676051404308,0,0,0,1,1
278013,0.1295577812634025,0,0,0,1,0
759551,0.025880079746845676,0,0,0,1,1
512471,0.01904898995795895,0,0,0,1,1
402966,0.06091018832397878,0,0,0,1,1
834576,0.025220806848215583,0,0,0,1,1
867561,0.24476248970491027,0,0,0,0,0
578998,0.021326498236505967,0,0,0,1,1
863262,0.035507132732966955,0,0,0,1,1
744181,0.17387451273709756,0,0,0,0,0
380001,0.030043299414103063,0,0,0,1,1
648455,0.011526385939335205,0,0,0,1,1
545534,0.01965967068631204,0,0,0,1,1
923527,0.031046783855687314,0,0,0,1,1
491481,0.021252348083865735,0,0,0,1,1
309041,0.029040477270568944,0,0,0,1,1
187077,0.06811946200976197,0,0,0,1,1
939571,0.022216822623874553,0,0,0,1,1
912940,0.2530179039988978,0,0,0,0,0
302827,0.9656372523150991,1,0,1,0,1
647658,0.2396640854419633,1,1,0,0,0
168290,0.030025399061479614,0,0,0,1,1
856496,0.20463531076357552,0,0,0,0,0
491907,0.01270860751685107,0,0,0,1,1
447771,0.06529496372395321,0,0,0,1,1
849510,0.026856544803558813,0,0,0,1,1
687533,0.0249580785495078,0,0,0,1,1
767971,0.9656372523150991,1,0,1,0,1
683276,0.163847173601466,0,0,0,0,0
225746,0.03501858881634121,0,0,0,1,1
379562,0.026545838765587387,0,0,0,1,1
343139,0.01647886380910236,0,0,0,1,1
345765,0.02303754184956204,0,0,0,1,1
123525,0.02796590926039817,0,0,0,1,1
175528,0.024534545890364537,0,0,0,1,1
374967,0.029185068300032393,0,0,0,1,1
607565,0.023867586244691204,0,0,0,1,1
749430,0.051696681770529905,0,0,0,1,1
902966,0.019096821689030458,0,0,0,1,1
559111,0.17267310067510436,0,0,0,0,1
190524,0.0295319653888708,0,0,0,1,1
266561,0.17267310067510436,0,0,0,0,0
563086,0.29085671595860896,0,0,0,1,0
625033,0.02278931317334375,0,0,0,1,1
643300,0.14179740636731866,0,0,0,1,1
353369,0.1790735835060406,0,0,0,0,0
309456,0.020883853116961525,0,0,0,1,1
923959,0.024127889578178168,0,0,0,1,1
651097,0.02883595797425339,0,0,0,1,1
570299,0.030265227099381817,0,0,0,1,1
258296,0.26043831266320394,1,0,1,1,1
710029,0.007632036249211019,0,0,0,1,1
219431,0.21214127741277083,0,0,0,0,0
746031,0.02098839134861272,0,0,0,1,1
125068,0.18236151020940133,0,0,0,0,0
566374,0.031191698170436752,0,0,0,1,1
302057,0.16610745007874064,0,0,0,0,0
642323,0.21191706998323742,0,0,0,0,1
798869,0.1790735835060406,0,0,0,0,0
977244,0.027516373356020876,0,0,0,1,1
220808,0.15648911617086683,0,0,0,0,0
219139,0.025549389370622726,0,0,0,1,1
228030,0.17387451273709756,0,0,0,0,0
592992,0.06415525424124667,0,0,0,1,1
179870,0.12865219086737995,0,0,0,1,1
838263,0.9656372523150991,1,0,1,0,1
142726,0.2347869696150482,0,0,0,0,0
433172,0.029591003876981693,0,0,0,1,1
697356,0.029523841225239145,0,0,0,1,1
225318,0.012754956479963869,0,0,0,1,1
926083,0.025285735646816382,0,0,0,1,1
240044,0.028504003622378208,0,0,0,1,1
583327,0.151001987392784,0,0,0,1,1
586944,0.026899125646408898,0,0,0,1,1
856406,0.14928273186329089,0,0,0,0,0
946771,0.02959036359879958,0,0,0,1,1
994044,0.029928524414560356,1,1,0,1,1
262422,0.04539308486300412,0,0,0,1,1
864485,0.0328946684827649,0,0,0,1,1
571942,0.030068662049034335,0,0,0,1,1
298853,0.02818288122548978,0,0,0,1,1
336882,0.12800751497196225,0,0,0,1,1
343547,0.024503680413619527,0,0,0,1,1
434922,0.024543076470875384,0,0,0,1,1
302921,0.03023972250580786,0,0,0,1,1
973897,0.029028359819075377,0,0,0,1,1
142763,0.1957858119165765,1,0,1,0,0
291148,0.02392015080484852,0,0,0,1,1
302804,0.01872817353902215,0,0,0,1,1
746853,0.16555707566142222,0,0,0,0,0
332780,0.02336406328341118,0,0,0,1,1
373204,0.1499928518888076,0,0,0,0,0
602384,0.3027190823424796,1,1,0,1,1
758432,0.024107689996992115,0,0,0,1,1
203745,0.021681199419297754,0,0,0,1,1
156138,0.024564511962014295,0,0,0,1,1
373950,0.025584685915791307,0,0,0,1,1
161557,0.17161617550677596,1,0,1,0,0
326699,0.01776402376010769,0,0,0,1,1
823663,0.9659984677160494,1,0,1,0,1
854812,0.030717105418631176,0,0,0,1,1
890232,0.1657544378649592,1,1,1,1,1
780525,0.18892546544218675,1,0,1,0,0
346205,0.023385825556290898,0,0,0,1,1
850245,0.13117176799489808,0,0,0,1,1
915948,0.021843322737413677,0,0,0,1,1
479015,0.021224977412553695,0,0,0,1,1
659251,0.02828068275941064,0,0,0,1,1
949829,0.032584731939771024,0,0,0,1,1
426536,0.027936767485968284,0,0,0,1,1
621695,0.04139277824129079,0,0,0,1,1
370090,0.019707905196205553,0,0,0,1,1
653636,0.028386692580835447,0,0,0,1,1
663514,0.03101352190403169,0,0,0,1,1
260726,0.03504826236311312,0,0,0,1,1
405339,0.025223476145108673,0,0,0,1,1
836226,0.14425101421967784,0,0,0,0,0
576057,0.18037952506966304,1,0,1,1,0
614373,0.014082266525778365,0,0,0,1,1
724272,0.010993164781736514,0,0,0,1,1
582067,0.16047232391517835,0,0,0,0,0
628596,0.031007641947870403,0,0,0,1,1
113363,0.16313399362009065,0,0,0,0,1
172345,0.0337774467061655,0,0,0,1,1
103985,0.1957858119165765,0,0,0,0,0
357903,0.1779859095525094,0,0,0,0,0
860684,0.02829463520660383,0,0,0,1,1
531515,0.10921293928267803,0,0,0,1,1
653539,0.023678244343115863,0,0,0,1,1
150134,0.014149980891844723,0,0,0,1,1
316527,0.014437678963540602,0,0,0,1,1
401422,0.2478039619863637,0,0,0,0,0
123697,0.02834210092771002,0,0,0,1,1
467151,0.021611013897099053,0,0,0,1,1
613195,0.024841530066011298,0,0,0,1,1
976834,0.170558790496394,0,0,0,0,0
136049,0.18892546544218675,0,0,0,0,0
173873,0.03414317273097682,0,0,0,1,1
203973,0.14270486363712145,0,0,0,1,1
276204,0.0973742765120554,0,0,0,1,1
291595,0.12935355815979552,0,0,0,1,1
606852,0.030018469328646647,0,0,0,1,1
952532,0.15215678689626436,0,0,0,0,1
971637,0.03736070738212237,0,0,0,1,1
746772,0.024761161705203344,0,0,0,1,1
454750,0.03001900374509673,0,0,0,1,1
141139,0.025360043126814915,0,0,0,1,1
308144,0.1568297481110421,0,0,0,0,1
691626,0.20927919904776876,0,0,0,0,0
840882,0.02855702494969031,0,0,0,1,1
437262,0.8229151850425795,1,0,1,0,1
825315,0.023206399876422347,0,0,0,1,1
760061,0.028675706871338868,0,0,0,1,1
450698,0.16610745007874064,0,0,0,0,0
127289,0.02008547138977796,0,0,0,1,1
537124,0.03125323358696214,0,0,0,1,1
849884,0.025344678958192972,0,0,0,1,1
523246,0.02374157543767074,0,0,0,1,1
859972,0.024521234810611258,0,0,0,1,1
833783,0.02773011792697765,0,0,0,1,1
779929,0.14286563644672634,0,0,0,1,1
196583,0.03235661457393389,0,0,0,1,1
735627,0.029252690493325018,0,0,0,1,1
549537,0.024386620208983537,0,0,0,1,1
461353,0.025294873972780827,0,0,0,1,1
920321,0.023459699532446622,0,0,0,1,1
185129,0.02124675934506455,0,0,0,1,1
891097,0.00933081269022323,0,0,0,1,1
443130,0.02447936487801087,0,0,0,1,1
607480,0.021739585176939337,0,0,0,1,1
365421,0.029456601228029938,0,0,0,1,1
369943,0.025439786071233407,0,0,0,1,1
727497,0.031482491269676824,0,0,0,1,1
600792,0.14941065831730582,0,0,0,0,1
688691,0.014384353634994525,0,0,0,1,1
623946,0.1414838710712986,0,0,0,0,0
302134,0.033053396422436335,0,0,0,1,1
767494,0.9659984677160494,1,0,1,0,1
637765,0.030134210489310462,0,0,0,1,1
647791,0.10536487671640615,0,0,0,1,1
278987,0.07944054133060349,0,0,0,1,1
695076,0.02002162338806139,0,0,0,1,1
702686,0.20927919904776876,0,0,0,0,0
456167,0.023462562546202315,0,0,0,1,1
488303,0.034447893361512244,0,0,0,1,1
895537,0.029768788874129662,0,0,0,1,1
529415,0.025082661219766114,0,0,0,1,1
591547,0.031259434622711364,0,0,0,1,1
142224,0.023865695204699226,0,0,0,1,1
106689,0.12632067783026948,0,0,0,1,1
410341,0.027644756549099588,0,0,0,1,1
948825,0.030118673367401642,0,0,0,1,1
525525,0.01748539342878042,0,0,0,1,1
683699,0.027637078689070182,0,0,0,1,1
717780,0.031285171695417245,0,0,0,1,1
546869,0.2120489698313779,0,0,0,1,1
261423,0.5787083576716455,1,1,0,1,1
715369,0.00988718566451648,0,0,0,1,1
766401,0.16610745007874064,1,0,1,0,0
579943,0.027925372095633384,0,0,0,1,1
174923,0.02396114480507137,0,0,0,1,1
105074,0.028107509404101932,0,0,0,1,1
724222,0.024793072502668597,0,0,0,1,1
327019,0.21130667819460228,0,0,0,0,0
451740,0.170558790496394,0,0,0,0,0
987482,0.030579084562263385,0,0,0,1,1
555398,0.02557807397462645,0,0,0,1,1
778317,0.03488819843267582,1,1,0,1,1
176848,0.1768976592908228,0,0,0,0,0
626070,0.170558790496394,1,0,1,0,0
323735,0.013774450557321502,0,0,0,1,1
958743,0.1458854513322786,0,0,0,0,0
137209,0.1768976592908228,0,0,0,0,0
390209,0.02551011048553898,0,0,0,1,1
286975,0.03161630150890765,0,0,0,1,1
989527,0.2396640854419633,1,1,0,0,0
387553,0.15632753376175132,0,0,0,0,0
867801,0.02616554060503724,0,0,0,1,1
609650,0.1668786984252677,0,0,0,0,1
298535,0.03287048439687828,0,0,0,1,1
424139,0.14777633939461066,0,0,0,1,1
459163,0.13265772461008538,0,0,0,1,1
593116,0.02870911097558204,0,0,0,1,1
955773,0.2478039619863637,0,0,0,0,0
707974,0.08348228506250129,0,0,0,1,1
831987,0.16555707566142222,1,0,1,0,0
372522,0.3942576528967096,1,1,0,1,1
792229,0.18298875404019374,0,0,0,0,0
816705,0.04531693113158164,0,0,0,1,1
527067,0.02923138796321607,0,0,0,1,1
802200,0.028968253587134382,0,0,0,1,1
853421,0.0289820663162983,0,0,0,1,1
574005,0.170558790496394,0,0,0,0,0
377173,0.026449029203416918,0,0,0,1,1
706792,0.024055539418110505,0,0,0,1,1
346828,0.01273680405191158,0,0,0,1,1
370959,0.16555707566142222,0,0,0,0,0
104849,0.022641720790619557,0,0,0,1,1
339220,0.03185069564206993,0,0,0,1,1
836523,0.02536871864503766,0,0,0,1,1
526579,0.05272560698837986,0,0,0,1,1
331184,0.08459094528173179,0,0,0,1,1
479950,0.028516040366177484,0,0,0,1,1
371368,0.09965573453560214,0,0,0,1,1
780150,0.02351737282398333,0,0,0,1,1
849569,0.16047232391517835,0,0,0,0,0
684826,0.023635962959364563,0,0,0,1,1
862932,0.13018104733115082,0,0,0,1,1
104431,0.02955683472603459,0,0,0,1,1
243018,0.015216355117916155,0,0,0,1,1
718922,0.030961129418804714,1,1,0,1,1
472405,0.036178550767593305,0,0,0,1,1
305100,0.01885445754382337,0,0,0,1,1
648231,0.16437135784583057,0,0,0,0,0
810028,0.026994213314559513,0,0,0,1,1
331857,0.03943751848492864,0,0,0,1,1
456117,0.013951182769167462,0,0,0,1,1
873977,0.03161967339618384,0,0,0,1,1
261273,0.16008003523495856,0,0,0,0,0
250089,0.16237166920818288,1,0,1,0,0
801607,0.20404046257318878,1,0,1,0,0
249811,0.11317187554992919,0,0,0,1,1
826230,0.1499928518888076,0,0,0,0,0
480203,0.02857833069350912,0,0,0,1,1
486890,0.02949941619669672,0,0,0,1,1
273070,0.03699642264103537,0,0,0,1,1
444748,0.01620339046585981,0,0,0,1,1
526479,0.1852451792564548,0,0,0,0,0
945166,0.02687287944749599,0,0,0,1,1
396996,0.02879170621353565,0,0,0,1,1
639466,0.16047232391517835,0,0,0,0,0
732144,0.034642723099319025,0,0,0,1,1
998078,0.02600039818730745,0,0,0,1,1
100140,0.02767073107566163,0,0,0,1,1
646225,0.03060137696623111,0,0,0,1,1
279580,0.02378485587113642,0,0,0,1,1
664771,0.009901785084747537,0,0,0,1,1
482940,0.027237797611388427,0,0,0,1,1
178403,0.16008003523495856,0,0,0,0,0
666877,0.03707603623180201,0,0,0,1,1
444371,0.021608000352849488,0,0,0,1,1
512640,0.125934108996284,0,0,0,1,0
952026,0.02291572605350017,0,0,0,1,1
766861,0.16008003523495856,0,0,0,0,0
509962,0.009541793519571554,0,0,0,1,1
347982,0.2478039619863637,0,0,0,0,0
868719,0.027031726385046646,0,0,0,1,1
400958,0.02891536551329683,0,0,0,1,1
641586,0.022608454532050105,0,0,0,1,1
737755,0.024406165268494966,0,0,0,1,1
234630,0.03582008631124783,0,0,0,1,1
622975,0.8988496516718881,0,0,0,0,1
641162,0.16716254945742018,0,0,0,0,0
614441,0.0203612164779382,0,0,0,1,1
652756,0.1510779941014062,0,0,0,0,1
463882,0.044685746431838175,0,0,0,1,1
904669,0.010857875543605573,0,0,0,1,1
955666,0.03962204044237173,0,0,0,1,1
359133,0.16610745007874064,0,0,0,0,0
574081,0.18129828458089872,0,0,0,0,1
712521,0.029728112813913264,0,0,0,1,1
369867,0.18892546544218675,0,0,0,0,0
181377,0.025723744986658557,0,0,0,1,1
407468,0.022142701616532322,0,0,0,1,1
882263,0.1768097678605094,0,0,0,1,0
499583,0.1514747916163276,1,0,1,0,0
376618,0.029420986602164093,0,0,0,1,1
154644,0.051626440094200934,0,0,0,1,1
683356,0.02901861978667566,0,0,0,1,1
753637,0.12777074627294122,0,0,0,1,1
923062,0.025245231979349025,0,0,0,1,1
723969,0.1768976592908228,1,0,1,0,0
231084,0.03081138039988077,0,0,0,1,1
765793,0.024687784318533187,0,0,0,1,1
562358,0.1957858119165765,0,0,0,0,0
550352,0.011824299189832911,0,0,0,1,1
746554,0.028727960288411614,0,0,0,1,1
336541,0.1726230444727811,0,0,0,1,1
872340,0.1779859095525094,1,0,1,0,0
967838,0.015463516398427638,0,0,0,1,1
429471,0.020804848201674952,0,0,0,1,1
544619,0.12419395673269891,1,1,0,1,1
829627,0.02431685786423614,0,0,0,1,1
392713,0.1957858119165765,0,0,0,0,0
213086,0.03308697906650374,0,0,0,1,1
735964,0.029830211328653516,0,0,0,1,1
130446,0.20927919904776876,0,0,0,0,0
887328,0.022356725095643376,0,0,0,1,1
911585,0.02735149699234709,0,0,0,1,1
130331,0.5499935532127647,0,0,0,0,1
239457,0.16610745007874064,0,0,0,0,0
102877,0.02748522690252005,0,0,0,1,1
546456,0.030729211830335754,0,0,0,1,1
272148,0.0210813159961483,0,0,0,1,1
939992,0.07973906521934258,0,0,0,1,1
403052,0.1957858119165765,0,0,0,0,0
856609,0.16008003523495856,1,1,0,0,0
700225,0.03261458190485238,0,0,0,1,1
894608,0.018756069360842304,0,0,0,1,1
140381,0.015028700348717358,0,0,0,1,1
262774,0.026709474953883774,0,0,0,1,1
315736,0.019536361856609206,0,0,0,1,1
549064,0.023298847922927426,0,0,0,1,1
608537,0.1621144729393403,0,0,0,0,0
808206,0.05041764952033757,0,0,0,1,1
813739,0.11007491269686177,0,0,0,1,0
939683,0.0126887202925889,0,0,0,1,1
188120,0.029550419040052824,0,0,0,1,1
893866,0.2347869696150482,1,1,0,0,0
897229,0.20461963815851855,0,0,0,1,1
889687,0.025640470915078765,0,0,0,1,1
427976,0.027201338178690554,0,0,0,1,1
497756,0.170558790496394,0,0,0,0,0
916300,0.022493648319706443,0,0,0,1,1
294027,0.026427362566590118,0,0,0,1,1
982543,0.18892546544218675,0,0,0,0,0
267739,0.024337231637079976,0,0,0,1,1
535413,0.1768976592908228,0,0,0,0,0
629706,0.026285071866618614,0,0,0,1,1
132552,0.09068477463312966,0,0,0,1,1
336770,0.13809396844056265,0,0,0,1,0
159486,0.025132214719235855,1,1,1,1,1
576345,0.025101781206791744,0,0,0,1,1
561570,0.017983412957073563,0,0,0,1,1
710598,0.16610745007874064,0,0,0,0,0
497891,0.02221285864906179,0,0,0,1,1
755374,0.02422724215764086,0,0,0,1,1
321762,0.03068764335580008,0,0,0,1,1
612955,0.03232046159365169,0,0,0,1,1
260464,0.03556683207713398,0,0,0,1,1
963595,0.036894748807158866,0,0,0,1,1
193150,0.03178102260478315,0,0,0,1,1
369416,0.1709971857255811,0,0,0,0,1
888506,0.022219591469169523,0,0,0,1,1
410790,0.02523249112619351,0,0,0,1,1
865401,0.012220856107420543,0,0,0,1,1
894099,0.07929091072610564,0,0,0,1,1
797158,0.03070299369183822,0,0,0,1,1
918272,0.03263526609245652,0,0,0,1,1
195994,0.16610745007874064,0,0,0,0,0
687186,0.13583617425139013,0,0,0,1,1
458614,0.02495545833108969,0,0,0,1,1
231013,0.03319891790175707,0,0,0,1,1
277884,0.17174854564791228,0,0,0,0,0
452873,0.026093583444805744,0,0,0,1,1
465741,0.022170789139208558,0,0,0,1,1
515860,0.012554527990044388,0,0,0,1,1
777549,0.012384128302747132,0,0,0,1,1
916358,0.14771453991571354,0,0,0,1,1
100102,0.02265882263508752,0,0,0,1,1
319430,0.16610745007874064,0,0,0,0,0
675516,0.030385745725127956,0,0,0,1,1
751823,0.015581049217589179,0,0,0,1,1
933053,0.2949165913311204,0,0,0,0,0
375683,0.034142232828636356,0,0,0,1,1
631406,0.29437988854705344,0,0,0,1,1
864161,0.019097090622175874,0,0,0,1,1
976423,0.296192836607642,1,1,0,1,1
959280,0.03273331791042242,0,0,0,1,1
531619,0.024743134853569854,0,0,0,1,1
728563,0.08288872446834707,0,0,0,1,1
552016,0.026044073606586803,0,0,0,1,1
982296,0.011279553328657274,0,0,0,1,1
921776,0.20927919904776876,0,0,0,0,0
562404,0.04285283070254437,0,0,0,1,1
135841,0.21027391178182886,0,0,0,1,0
926611,0.04302315402928605,0,0,0,1,1
426958,0.02254092944988621,0,0,0,1,1
442479,0.030961129418804714,0,0,0,1,1
870687,0.021054492701889825,0,0,0,1,1
569347,0.028666707293647203,0,0,0,1,1
831860,0.02492075177719435,0,0,0,1,1
857235,0.9659984677160494,1,0,1,0,1
465729,0.02576468784092404,0,0,0,1,1
192816,0.21668118811504164,0,0,0,0,0
336831,0.18892546544218675,0,0,0,0,0
942083,0.20942416094773156,0,0,0,1,0
851549,0.021054492701889825,0,0,0,1,1
333207,0.1645436625572089,0,0,0,1,1
677560,0.022641720790619557,0,0,0,1,1
757420,0.033134081094308904,0,0,0,1,1
347634,0.04304196906667181,0,0,0,1,1
421752,0.1957858119165765,0,0,0,0,0
663416,0.02010249671217011,0,0,0,1,1
500248,0.16610745007874064,0,0,0,0,0
747187,0.03797576623290647,0,0,0,1,1
283980,0.02963448574143695,0,0,0,1,1
487212,0.4254906320275254,1,1,0,1,1
288612,0.18892546544218675,0,0,0,0,0
385092,0.2396640854419633,0,0,0,0,0
638085,0.1779859095525094,1,0,1,0,0
835440,0.37685048825755146,1,1,0,1,1
700207,0.024902366460686883,0,0,0,1,1
747668,0.022490462756319936,0,0,0,1,1
203607,0.09063892303412686,0,0,0,0,0
260245,0.051436471286124615,0,0,0,1,1
417904,0.03345069527958421,0,0,0,1,1
973059,0.1768976592908228,0,0,0,0,0
459563,0.025201722173055423,0,0,0,1,1
332289,0.03474500114095093,0,0,0,1,1
400313,0.02897486808822303,0,0,0,1,1
373886,0.0170734941019319,0,0,0,1,1
409908,0.027671364813104275,0,0,0,1,1
210647,0.030042840153647533,0,0,0,1,1
904602,0.02845946804706626,0,0,0,1,1
346704,0.023262883368123294,0,0,0,1,1
926867,0.17161617550677596,0,0,0,0,0
485062,0.038355383988005136,0,0,0,1,1
635517,0.5838778902481893,0,0,0,0,0
906780,0.03675818656833609,0,0,0,1,1
715255,0.1557108706827905,0,0,0,0,1
948489,0.030421706283471357,0,0,0,1,1
397272,0.1514747916163276,1,0,1,0,0
478700,0.04022788470526929,0,0,0,1,1
789052,0.01266257381761109,0,0,0,1,1
453887,0.021054492701889825,0,0,0,1,1
991893,0.05418187715831971,0,0,0,1,1
227808,0.21214127741277083,0,0,0,0,0
500058,0.06887874388823267,1,0,1,1,1
960005,0.028739460444995268,0,0,0,1,1
267020,0.09458230733615626,0,0,0,1,1
283338,0.11585961493939177,0,0,0,1,1
872234,0.03563525642868394,0,0,0,1,1
408500,0.021054492701889825,0,0,0,1,1
762259,0.03001731617307704,0,0,0,1,1
804930,0.019650695117340862,0,0,0,1,1
507008,0.21668118811504164,0,0,0,0,0
445169,0.02242466489028951,0,0,0,1,1
795492,0.03146268847437253,0,0,0,1,1
744567,0.030716523037627414,0,0,0,1,1
651605,0.029111236554134196,0,0,0,1,1
945379,0.1768976592908228,1,1,0,0,1
132209,0.02799921908337103,0,0,0,1,1
456177,0.2396640854419633,1,1,0,0,0
682709,0.0216634058515624,0,0,0,1,1
662164,0.05295610370080464,0,0,0,1,1
189854,0.16555707566142222,1,1,0,0,0
309727,0.024658492617062988,0,0,0,1,1
700286,0.18892546544218675,0,0,0,0,0
859258,0.16925322605416862,0,0,0,0,1
938603,0.02526413102835079,0,0,0,1,1
192772,0.9659984677160494,1,0,1,0,1
744135,0.025551798831159565,0,0,0,1,1
478050,0.022314032613134426,0,0,0,1,1
607115,0.023395299882098642,0,0,0,1,1
347212,0.16716254945742018,0,0,0,0,0
236710,0.033088276120555996,0,0,0,1,1
208256,0.01941699898547147,0,0,0,1,1
224000,0.024733045786085546,0,0,0,1,1
767331,0.03190929171625757,0,0,0,1,1
844193,0.02954167998744586,0,0,0,1,1
135279,0.1957858119165765,0,0,0,0,0
433496,0.026865291129816834,0,0,0,1,1
604526,0.05268719572156492,0,0,0,1,1
645081,0.029869794680504276,0,0,0,1,1
148208,0.24281410017437316,0,0,0,0,0
806598,0.027852798876529597,0,0,0,1,1
105789,0.014435306679114215,0,0,0,1,1
158901,0.02936329053889698,0,0,0,1,1
398603,0.030822867339116326,0,0,0,1,1
287690,0.07771942280608268,0,0,0,1,1
352068,0.039973379501332194,0,0,0,1,1
418718,0.1768976592908228,0,0,0,0,1
709499,0.03161662224699906,0,0,0,1,1
336271,0.024757525586672963,0,0,0,1,1
401834,0.0336169417848186,0,0,0,1,1
649656,0.031589754056836984,0,0,0,1,1
406099,0.1957858119165765,0,0,0,0,0
961427,0.011483159805502925,0,0,0,1,1
470381,0.02431905575604776,0,0,0,1,1
728085,0.021228913936286876,0,0,0,1,1
600651,0.012933005476661635,0,0,0,1,1
164094,0.0281311599293437,1,1,0,1,1
841631,0.03487876610816927,0,0,0,1,1
561413,0.0222999957009445,0,0,0,1,1
332225,0.02044998969452244,0,0,0,1,1
170531,0.039245323372840486,0,0,0,1,1
561873,0.03170514023228819,0,0,0,1,1
279634,0.02583682897902753,1,1,0,1,1
694648,0.1458854513322786,0,0,0,0,0
439013,0.18236151020940133,0,0,0,0,0
641164,0.024493212716655808,0,0,0,1,1
247833,0.18892546544218675,0,0,0,0,0
464248,0.03702892499749914,0,0,0,1,1
811471,0.009359303516024832,0,0,0,1,1
434751,0.013915008811927193,0,0,0,1,1
878510,0.11283272540801935,1,1,1,1,1
653542,0.029577832266959574,0,0,0,1,1
831812,0.42040965773023586,1,1,1,1,1
219646,0.9677001191738885,1,0,1,0,1
843101,0.026679169135888595,0,0,0,1,1
335306,0.170558790496394,0,0,0,0,1
670430,0.01798686811747606,0,0,0,1,1
278932,0.12333963265004301,0,0,0,1,1
561107,0.023915687112870766,0,0,0,1,1
990905,0.026047459225521777,0,0,0,1,1
846291,0.013311290323192738,0,0,0,1,1
578811,0.023635962959364563,0,0,0,1,1
741677,0.02801663117134622,0,0,0,1,1
785965,0.1768976592908228,0,0,0,0,0
972791,0.17161617550677596,0,0,0,0,0
109022,0.022060857314315382,0,0,0,1,1
904501,0.02681524478246653,0,0,0,1,1
985266,0.012396303505655737,0,0,0,1,1
138065,0.10819506085414511,1,1,0,1,1
528332,0.05127043757443617,0,0,0,1,1
603407,0.030523590548273367,0,0,0,1,1
607405,0.024104814117972686,0,0,0,1,1
809449,0.020454738518551188,0,0,0,1,1
834615,0.01185114089066809,0,0,0,1,1
330858,0.023265215498014753,0,0,0,1,1
504525,0.028490346085921305,0,0,0,1,1
716360,0.020966226349725184,0,0,0,1,1
687589,0.009451574129937773,0,0,0,1,1
619268,0.03289383837691614,0,0,0,1,1
923234,0.03992908996210361,0,0,0,1,1
138204,0.025758963023287236,0,0,0,1,1
753306,0.18704116775058224,1,1,0,1,1
918326,0.19429540259158823,0,0,0,1,0
678493,0.01208964686642339,0,0,0,1,1
781355,0.022483647045441466,0,0,0,1,1
806196,0.21668118811504164,0,0,0,0,0
391034,0.026402152053964845,0,0,0,1,1
273414,0.021167112908120136,0,0,0,1,1
515023,0.9609137957604401,1,0,1,0,1
746536,0.013161804415319809,0,0,0,1,1
864288,0.02833804137205169,0,0,0,1,1
702147,0.5533086985216683,0,0,0,0,0
724723,0.10326927677706983,0,0,0,1,1
772152,0.03486051542955971,0,0,0,1,1
173227,0.1499928518888076,0,0,0,0,0
413088,0.025938626246731197,0,0,0,1,1
667293,0.09075251439722515,0,0,0,1,1
140290,0.021054492701889825,0,0,0,1,1
994571,0.02685692480884012,0,0,0,1,1
191780,0.18482106642026536,1,0,1,0,0
575948,0.028019150684425054,0,0,0,1,1
144641,0.1465466275737454,0,0,0,0,1
192250,0.03281585877734137,0,0,0,1,1
940904,0.18892546544218675,1,0,1,0,0
938093,0.16008003523495856,0,0,0,0,0
758389,0.021422738513657804,0,0,0,1,1
870764,0.032664368207835935,0,0,0,1,1
636533,0.1621144729393403,0,0,0,0,0
817245,0.025647897642548198,0,0,0,1,1
977676,0.18794584822919977,0,0,0,0,0
523170,0.01411098520590604,0,0,0,1,1
239956,0.02982070139946925,0,0,0,1,1
918807,0.027143988284425574,0,0,0,1,1
491242,0.1890390569543153,0,0,0,0,0
702048,0.026420803772978403,0,0,0,1,1
181830,0.024337231637079976,0,0,0,1,1
362680,0.032594032320558255,0,0,0,1,1
347850,0.018773408697133225,1,1,0,1,1
808498,0.02421376724521945,0,0,0,1,1
450323,0.021275117392169255,0,0,0,1,1
756481,0.025223476145108673,0,0,0,1,1
930620,0.170558790496394,0,0,0,0,0
442838,0.009202253442308574,0,0,0,1,1
336037,0.038528286986503325,0,0,0,1,1
479198,0.035455927301669445,0,0,0,1,1
672635,0.1890390569543153,0,0,0,0,0
152406,0.031582185967918674,0,0,0,1,1
447925,0.010901767765969777,0,0,0,1,1
884691,0.026995204298080437,0,0,0,1,1
197608,0.028874192735820387,0,0,0,1,1
802336,0.11684162242840553,0,0,0,1,1
229075,0.15874901407061084,1,0,1,0,0
983810,0.1957858119165765,1,0,1,0,0
153003,0.022122393645778286,0,0,0,1,1
199405,0.020035149734058694,0,0,0,1,1
230560,0.21214127741277083,0,0,0,0,0
156945,0.13118704547561588,0,0,0,1,1
783363,0.10596081355682814,0,0,0,1,1
668968,0.2396640854419633,0,0,0,0,0
992985,0.021065225188856458,0,0,0,1,1
737949,0.032206641001580105,0,0,0,1,1
846046,0.027150550673963134,0,0,0,1,1
379506,0.028059199792364688,0,0,0,1,1
423941,0.021689308978795716,0,0,0,1,1
798954,0.0328957328467766,0,0,0,1,1
903641,0.20927919904776876,0,0,0,0,0
661546,0.1812287322197145,1,0,1,0,0
196367,0.02584547713616967,0,0,0,1,1
573649,0.031091984847181318,0,0,0,1,1
337235,0.029978922588323288,0,0,0,1,1
706820,0.032610812616333314,0,0,0,1,1
620406,0.02248924676848661,0,0,0,1,1
502943,0.02234404360838093,0,0,0,1,1
827677,0.18494156562914138,1,0,1,0,0
624704,0.19565914260138598,0,0,0,0,0
686769,0.03529840106999597,0,0,0,1,1
690671,0.023826462622378454,0,0,0,1,1
733515,0.1662856705645093,0,0,0,0,0
357988,0.13569232428455874,0,0,0,0,0
974041,0.02425295205550579,0,0,0,1,1
626560,0.18494156562914138,0,0,0,0,0
820344,0.1957858119165765,0,0,0,0,0
235398,0.01948418686192038,0,0,0,1,1
514632,0.025524909385847398,0,0,0,1,1
581079,0.010254942627489392,0,0,0,1,1
324242,0.030424853241015924,0,0,0,1,1
669066,0.023052762781953184,0,0,0,1,1
616956,0.16047232391517835,0,0,0,0,0
779882,0.023238933135056077,0,0,0,1,1
540715,0.2478039619863637,0,0,0,0,0
299454,0.02490626532892264,1,1,0,1,1
429354,0.025948608206404856,0,0,0,1,1
612595,0.15461147456543625,1,0,1,0,0
708230,0.025247888535054813,0,0,0,1,1
224664,0.020743480572042283,0,0,0,1,1
873116,0.025136022206450278,0,0,0,1,1
209107,0.20927919904776876,1,0,1,0,0
851563,0.09673312207455997,0,0,0,1,1
977080,0.04360738194332582,0,0,0,1,1
973060,0.034504719470481,1,1,0,1,1
248433,0.02981494904139938,0,0,0,1,1
314108,0.02913344599587314,0,0,0,1,1
358201,0.03170509626564387,0,0,0,1,1
480158,0.024116630840169916,0,0,0,1,1
819521,0.15648911617086683,1,1,0,0,0
824990,0.025399434672885843,0,0,0,1,1
992002,0.02446109238566718,0,0,0,1,1
384744,0.03470398949178707,0,0,0,1,1
808920,0.164419458497442,0,0,0,0,1
611356,0.010480379016516104,0,0,0,1,1
133859,0.02930957601110951,0,0,0,1,1
744320,0.2949165913311204,0,0,0,0,0
692129,0.06792092823076429,0,0,0,1,1
668235,0.20612747002024023,0,0,0,0,0
946998,0.024311685578289517,0,0,0,1,1
973524,0.011800933419249683,0,0,0,1,1
316290,0.024606509387788564,0,0,0,1,1
338838,0.028649729676320644,0,0,0,1,1
413115,0.01752838103034248,0,0,0,1,1
588789,0.03276348003263941,0,0,0,1,1
686044,0.02332179164130348,0,0,0,1,1
820341,0.013802699157805713,0,0,0,1,1
833165,0.17174854564791228,1,0,1,0,0
149655,0.1289315460431188,0,0,0,1,1
893574,0.1518685318038823,0,0,0,1,1
192115,0.023490675997651055,0,0,0,1,1
570971,0.170558790496394,0,0,0,0,1
548682,0.025674508200538647,0,0,0,1,1
692856,0.15645437860738445,0,0,0,0,0
962657,0.03385535180696959,0,0,0,1,1
139511,0.01500649108524967,0,0,0,1,1
922000,0.03023981692758225,0,0,0,1,1
533391,0.17867211999938387,0,0,0,0,0
681328,0.12903641249631045,0,0,0,1,1
610684,0.011483159805502925,0,0,0,1,1
766775,0.027227202639343983,0,0,0,1,1
998072,0.029312456184732074,1,1,0,1,1
327203,0.1768976592908228,0,0,0,0,1
570806,0.02586639195079619,0,0,0,1,1
797992,0.170558790496394,0,0,0,0,0
801368,0.030777005693458575,0,0,0,1,1
348672,0.041074272222017615,0,0,0,1,1
438526,0.022034458552151914,0,0,0,1,1
502946,0.17174854564791228,0,0,0,0,0
188307,0.026748652918256018,1,1,0,1,1
215567,0.02599304953007627,0,0,0,1,1
169418,0.16555707566142222,0,0,0,0,0
376983,0.16555707566142222,0,0,0,0,0
801948,0.170558790496394,0,0,0,0,0
546025,0.02124675934506455,0,0,0,1,1
674372,0.1768976592908228,0,0,0,0,0
248950,0.1957858119165765,0,0,0,0,0
700096,0.022949245620869724,0,0,0,1,1
815804,0.029735756223720412,0,0,0,1,1
205087,0.01273680405191158,0,0,0,1,1
979634,0.03790285977332122,1,1,0,1,1
546231,0.026269021963397407,0,0,0,1,1
990918,0.0178800597378377,0,0,0,1,1
967772,0.02991678628552961,0,0,0,1,1
286718,0.0860235989503029,0,0,0,1,1
404012,0.16047232391517835,0,0,0,0,0
949134,0.030382904468163947,0,0,0,1,1
446403,0.02274960121935,0,0,0,1,1
822066,0.11837037790387919,0,0,0,1,1
375757,0.021804745923636258,0,0,0,1,1
652816,0.03813204435944379,0,0,0,1,1
669028,0.1993023962617197,0,0,0,1,0
503673,0.024840508100673887,0,0,0,1,1
950029,0.03486503108516802,0,0,0,1,1
511444,0.04049084711772932,0,0,0,1,1
818995,0.029194685805408738,0,0,0,1,1
257981,0.018054440809929694,0,0,0,1,1
203293,0.028740837224237342,0,0,0,1,1
281305,0.01950133665620589,0,0,0,1,1
136232,0.024317679778481274,0,0,0,1,1
348475,0.02509537005017283,0,0,0,1,1
399514,0.11051243055018974,1,1,1,1,1
919340,0.024579207465241008,0,0,0,1,1
974330,0.02721614987346178,0,0,0,1,1
895544,0.010095230830236024,0,0,0,1,1
272893,0.026491890498826283,0,0,0,1,1
835149,0.09082614640022085,0,0,0,1,1
563094,0.20927919904776876,0,0,0,0,0
879416,0.1856633436582453,0,0,0,0,0
999120,0.027859387557892336,0,0,0,1,1
521431,0.013293381975612853,0,0,0,1,1
349695,0.16555707566142222,1,0,1,0,0
522261,0.030793628024997265,0,0,0,1,1
454609,0.1557108706827905,0,0,0,0,0
331325,0.023376078851584083,0,0,0,1,1
682528,0.020521752510618493,0,0,0,1,1
937862,0.020809447951685132,0,0,0,1,1
488071,0.011614846071678592,0,0,0,1,1
499346,0.17867211999938387,0,0,0,0,0
369084,0.21668118811504164,0,0,0,0,0
757387,0.02826661009235867,0,0,0,1,1
786391,0.012954735785761564,0,0,0,1,1
837273,0.15632753376175132,0,0,0,0,0
841204,0.027538397348701574,0,0,0,1,1
844348,0.028684643377500603,0,0,0,1,1
261964,0.02316677739315233,0,0,0,1,1
832983,0.2478039619863637,0,0,0,0,0
323593,0.1957858119165765,1,0,1,0,0
790341,0.02927491094779751,0,0,0,1,1
910576,0.014631249986334546,0,0,0,1,1
132756,0.09850517539139486,0,0,0,1,1
246800,0.026773174416356633,0,0,0,1,1
298156,0.1957858119165765,0,0,0,0,0
375722,0.0255161517629577,0,0,0,1,1
411715,0.16555707566142222,0,0,0,0,0
816122,0.1771791785152184,1,1,0,1,1
894691,0.170558790496394,0,0,0,0,0
976695,0.026653251168736285,0,0,0,1,1
991230,0.010243625774496194,0,0,0,1,1
383842,0.14141394938267923,0,0,0,1,1
459948,0.17942176697905485,0,0,0,1,1
664054,0.032936378671615814,0,0,0,1,1
730370,0.21214127741277083,0,0,0,0,0
248487,0.017360187528836245,0,0,0,1,1
507486,0.011565089490215065,0,0,0,1,1
662166,0.027328931548116147,0,0,0,1,1
299573,0.04445131325940657,1,1,0,1,1
839422,0.17816433539149218,0,0,0,1,0
250609,0.1622409496383789,0,0,0,0,0
131673,0.029879535733325205,0,0,0,1,1
530436,0.029565510286171253,0,0,0,1,1
653340,0.035833117635150485,0,0,0,1,1
105841,0.16610745007874064,0,0,0,0,0
745636,0.1306675048826188,0,0,0,1,1
852597,0.02200361928420081,0,0,0,1,1
724033,0.022833761193511395,0,0,0,1,1
130548,0.023145333775506958,0,0,0,1,1
198813,0.016458466278051982,0,0,0,1,1
270011,0.01047827977094934,0,0,0,1,1
344990,0.025110128563567907,0,0,0,1,1
369121,0.042354812280712396,0,0,0,1,1
591758,0.025713173365595348,0,0,0,1,1
628320,0.009438326991227153,0,0,0,1,1
562655,0.05033916584891832,0,0,0,1,1
164973,0.09270681055707398,0,0,0,1,1
394363,0.1768976592908228,0,0,0,0,0
577195,0.16555707566142222,0,0,0,0,0
822653,0.9659984677160494,1,0,1,0,1
317060,0.0197503517883425,0,0,0,1,1
511302,0.035866203331890285,0,0,0,1,1
365635,0.009995113425470901,0,0,0,1,1
616739,0.022800268293934382,0,0,0,1,1
835760,0.022891081676913182,0,0,0,1,1
777990,0.01405910034240818,0,0,0,1,1
867833,0.027362577835475656,0,0,0,1,1
245419,0.023060566022221608,0,0,0,1,1
731819,0.03725106920283818,0,0,0,1,1
296626,0.024317679778481274,0,0,0,1,1
553954,0.028635975103263905,0,0,0,1,1
108381,0.03726024836574165,0,0,0,1,1
176284,0.02471349220986378,0,0,0,1,1
510505,0.011405480192739792,0,0,0,1,1
639258,0.15638845710227117,0,0,0,1,1
446135,0.1957858119165765,1,0,1,0,0
909068,0.16610745007874064,0,0,0,0,0
664666,0.02019334715601037,0,0,0,1,1
654983,0.21130667819460228,1,0,1,0,0
675243,0.0280435510078754,0,0,0,1,1
825333,0.15461147456543625,0,0,0,0,1
685208,0.028649729676320644,0,0,0,1,1
638740,0.18002779568109398,1,0,1,0,0
339941,0.028913112071325874,0,0,0,1,1
539370,0.03313766803656925,0,0,0,1,1
547213,0.019055449869738603,0,0,0,1,1
722538,0.03753691518663762,0,0,0,1,1
535436,0.020608510414454842,0,0,0,1,1
885739,0.025813186678776277,0,0,0,1,1
297379,0.023453345425648607,0,0,0,1,1
921899,0.01853210181801106,0,0,0,1,1
511541,0.09914387883326906,0,0,0,1,1
122685,0.02141534418246816,0,0,0,1,1
401760,0.029884107367053325,0,0,0,1,1
247514,0.0233938932359099,0,0,0,1,1
992028,0.011457031304883307,0,0,0,1,1
782078,0.1768976592908228,0,0,0,0,0
710005,0.027764840310242164,0,0,0,1,1
231992,0.21668118811504164,0,0,0,0,0
838283,0.021495974220679816,0,0,0,1,1
840008,0.21668118811504164,0,0,0,0,0
344669,0.1557108706827905,0,0,0,0,0
128325,0.11574054901314164,0,0,0,1,1
368073,0.04995450179435119,0,0,0,1,1
146400,0.11038740859813248,0,0,0,1,1
855394,0.170558790496394,0,0,0,0,0
573964,0.03322106498266196,0,0,0,1,1
369739,0.02376552921763876,0,0,0,1,1
667262,0.023502031218392807,0,0,0,1,1
286927,0.02050605880346552,0,0,0,1,1
552278,0.028492234369432094,0,0,0,1,1
632130,0.01637724719972779,0,0,0,1,1
789624,0.017205210368702064,0,0,0,1,1
706497,0.0272527613387708,0,0,0,1,1
963487,0.026054306916865548,0,0,0,1,1
343247,0.16555707566142222,0,0,0,0,0
657748,0.029374287430620993,0,0,0,1,1
186295,0.0326775984487197,0,0,0,1,1
112733,0.021348372744375937,0,0,0,1,1
781647,0.011675003016477604,0,0,0,1,1
103860,0.030052604630441813,0,0,0,1,1
538341,0.029757717320500133,0,0,0,1,1
672255,0.16047232391517835,0,0,0,0,0
991529,0.0120552083955853,0,0,0,1,1
974189,0.9609137957604401,1,0,1,0,1
529471,0.20895337446829673,0,0,0,1,0
558511,0.16008003523495856,0,0,0,0,0
874984,0.02886938212940998,0,0,0,1,1
170079,0.011484445707180107,0,0,0,1,1
405030,0.9659984677160494,1,0,1,0,1
467401,0.16047232391517835,0,0,0,0,1
989528,0.12149265513343026,0,0,0,1,1
803656,0.050547655735228875,0,0,0,1,1
495148,0.024513391464834337,0,0,0,1,1
810668,0.21668118811504164,0,0,0,0,0
323660,0.20927919904776876,0,0,0,0,0
286551,0.012311524483075993,0,0,0,1,1
123908,0.031822768909319565,0,0,0,1,1
289472,0.04786360790846307,0,0,0,1,1
532419,0.1890390569543153,0,0,0,0,0
803956,0.030100392921220107,0,0,0,1,1
608850,0.02183125444338603,0,0,0,1,1
788091,0.01941699898547147,0,0,0,1,1
307136,0.14483634549190397,0,0,0,1,0
484894,0.011824121795016539,0,0,0,1,1
252476,0.019070457583743046,0,0,0,1,1
512071,0.03164232071843954,0,0,0,1,1
789004,0.02984489590665832,0,0,0,1,1
948325,0.03424902014975773,0,0,0,1,1
210416,0.02451826867710528,0,0,0,1,1
349153,0.023666041180448485,0,0,0,1,1
328213,0.02074731444204934,0,0,0,1,1
554104,0.022464739710029217,0,0,0,1,1
260622,0.020837535063033298,0,0,0,1,1
692671,0.011447037491577368,0,0,0,1,1
725807,0.025715048324410385,0,0,0,1,1
308991,0.02022205655187597,0,0,0,1,1
330365,0.02041556381350656,0,0,0,1,1
873488,0.011502133686861832,0,0,0,1,1
278898,0.036035884327140034,1,1,0,1,1
597209,0.03135673471045219,1,1,0,1,1
560104,0.16834733012108252,0,0,0,1,0
941064,0.05245295777662592,0,0,0,1,1
347466,0.02495441609592465,0,0,0,1,1
448654,0.019749309515143944,0,0,0,1,1
423432,0.02986878735489622,0,0,0,1,1
936088,0.19759176557116537,0,0,0,0,0
395168,0.12329956763673082,0,0,0,1,1
464799,0.08917861588297502,0,0,0,1,1
901002,0.2581037022954159,0,0,0,0,0
810338,0.011729588169900728,0,0,0,1,1
998192,0.19759176557116537,0,0,0,0,0
349001,0.03603321196231749,0,0,0,1,1
748649,0.024628533261243167,0,0,0,1,1
963814,0.03218344628348013,0,0,0,1,1
999498,0.03054162354613725,0,0,0,1,1
870857,0.010390992171607261,0,0,0,1,1
640588,0.14506724445836783,0,0,0,1,1
310853,0.026174578673781958,0,0,0,1,1
579710,0.09076484690380451,0,0,0,1,1
426533,0.09252679752558557,0,0,0,1,1
309277,0.022169127637591872,0,0,0,1,1
850092,0.14035987723206814,0,0,0,1,1
611046,0.542114637595388,1,1,0,1,1
921191,0.16110424562574382,0,0,0,0,0
218277,0.03251682030265899,0,0,0,1,1
232703,0.01115385481701645,0,0,0,1,1
559261,0.4350413253092345,1,1,0,1,1
987425,0.024014447511079846,0,0,0,1,1
553453,0.0484639358205743,0,0,0,1,1
738467,0.028490346085921305,0,0,0,1,1
862096,0.02138605763542622,0,0,0,1,1
420738,0.025114933775323454,0,0,0,1,1
106978,0.010385137926612095,0,0,0,1,1
985183,0.03751957100039584,0,0,0,1,1
224740,0.022833015129960423,0,0,0,1,1
440885,0.027496561497680143,0,0,0,1,1
590246,0.025629993498498694,0,0,0,1,1
519984,0.029735756223720412,0,0,0,1,1
281777,0.19759176557116537,1,0,1,0,0
413815,0.010688743203702493,0,0,0,1,1
499658,0.022761369752305378,0,0,0,1,1
213723,0.02862681492884201,0,0,0,1,1
232203,0.02408985475472822,0,0,0,1,1
663746,0.170558790496394,1,1,0,0,0
986143,0.009845703590624172,0,0,0,1,1
764302,0.18892546544218675,0,0,0,0,0
161574,0.145633032402584,0,0,0,1,0
494899,0.01887000977710809,0,0,0,1,1
927937,0.24973782766935823,0,0,0,0,0
628669,0.012555006894211214,0,0,0,1,1
979639,0.1893707681028696,1,1,0,1,1
220616,0.04914927967852785,0,0,0,1,1
840038,0.019669863600357954,0,0,0,1,1
986288,0.029143952489232704,0,0,0,1,1
264053,0.1957858119165765,1,0,1,0,0
638162,0.012519062131034453,0,0,0,1,1
379414,0.19759176557116537,0,0,0,0,0
208649,0.025713173365595348,0,0,0,1,1
623861,0.023865695204699226,0,0,0,1,1
977037,0.18892546544218675,0,0,0,0,0
216269,0.01114995943867508,0,0,0,1,1
817158,0.025317126289744734,0,0,0,1,1
937645,0.02702458037539781,0,0,0,1,1
181082,0.011659240132913135,0,0,0,1,1
721225,0.03004488415985678,0,0,0,1,1
723978,0.030046408308489116,0,0,0,1,1
742493,0.018549205667208354,0,0,0,1,1
298232,0.030081026312839,0,0,0,1,1
348065,0.022604879375140594,0,0,0,1,1
967017,0.02652732201292645,0,0,0,1,1
456887,0.03044161891078534,0,0,0,1,1
506372,0.17082425651690883,0,0,0,0,1
527773,0.030423543020907336,0,0,0,1,1
605127,0.01998090521718665,0,0,0,1,1
728837,0.01991023831017056,0,0,0,1,1
877251,0.034915316044740165,0,0,0,1,1
820542,0.10506582346365093,0,0,0,1,1
434136,0.021332059324500507,0,0,0,1,1
402697,0.17116100615391527,0,0,0,1,1
781970,0.02139833011059132,0,0,0,1,1
737474,0.07820203694717728,0,0,0,1,1
540966,0.024977538161152942,0,0,0,1,1
470334,0.31823528537843493,1,1,0,1,1
247103,0.9659984677160494,1,0,1,0,1
420434,0.0221440467319856,0,0,0,1,1
523722,0.10451117478678662,0,0,0,1,1
617960,0.02209994963141211,0,0,0,1,1
911372,0.02339911226711309,0,0,0,1,1
375890,0.030060873829442985,0,0,0,1,1
149318,0.25482208913711674,0,0,0,0,0
875657,0.01770001200680579,0,0,0,1,1
742359,0.16555707566142222,0,0,0,0,0
877595,0.04023056538206624,0,0,0,1,1
241990,0.9648035913462033,1,0,1,0,1
470738,0.03096694342052234,0,0,0,1,1
511862,0.01858850340182703,0,0,0,1,1
219714,0.030451658596694124,0,0,0,1,1
411094,0.028091647768965288,0,0,0,1,1
545514,0.1768976592908228,1,0,1,0,0
824917,0.02778628306865294,0,0,0,1,1
109660,0.021054492701889825,0,0,0,1,1
202358,0.01989673571511484,0,0,0,1,1
924132,0.029007502721380907,0,0,0,1,1
177518,0.028543754463909603,0,0,0,1,1
304824,0.14665355562593588,0,0,0,1,1
677322,0.6664360402204994,1,1,0,1,1
817066,0.023107380710329996,0,0,0,1,1
237018,0.025038655998115632,0,0,0,1,1
719576,0.19316216135870506,0,0,0,0,0
893376,0.9659984677160494,1,0,1,0,1
579890,0.011512248679130884,0,0,0,1,1
855922,0.020882816375385423,0,0,0,1,1
386790,0.02141534418246816,0,0,0,1,1
399917,0.952446639193998,1,0,1,0,1
455651,0.026170193476501156,0,0,0,1,1
488549,0.03541379346379173,0,0,0,1,1
626542,0.02598872366210087,0,0,0,1,1
854077,0.03160988554108597,0,0,0,1,1
854704,0.05174574169133654,0,0,0,1,1
310396,0.021475532063030132,0,0,0,1,1
319469,0.06994969612580144,0,0,0,1,1
957419,0.025525973118535283,0,0,0,1,1
201276,0.023375513789449805,0,0,0,1,1
949612,0.1779859095525094,0,0,0,0,0
765481,0.011045939810419797,0,0,0,1,1
325935,0.01256186624674945,0,0,0,1,1
982969,0.02970851138935336,0,0,0,1,1
293496,0.04271465532530372,0,0,0,1,1
501552,0.03213858678944555,0,0,0,1,1
515049,0.026790163740793706,0,0,0,1,1
641384,0.02108894411584804,0,0,0,1,1
734801,0.025743843262067197,0,0,0,1,1
833683,0.03168921681327606,0,0,0,1,1
880849,0.026410505520459825,0,0,0,1,1
960708,0.025463617476335822,0,0,0,1,1
247607,0.021764752198338573,0,0,0,1,1
390350,0.010857875543605573,0,0,0,1,1
924089,0.030704715841277028,0,0,0,1,1
410702,0.022260674771404684,0,0,0,1,1
937484,0.1668786984252677,1,1,0,0,1
548335,0.013578717990571474,0,0,0,1,1
567805,0.18892546544218675,0,0,0,0,0
593386,0.28939920828110516,0,0,0,0,0
921392,0.1768976592908228,0,0,0,0,0
502848,0.023373691034679896,0,0,0,1,1
604510,0.23233490230223178,0,0,0,0,0
208241,0.21130667819460228,0,0,0,0,0
396997,0.01317913596818455,0,0,0,1,1
129030,0.028853366544931293,0,0,0,1,1
329039,0.022235808357850585,0,0,0,1,1
521576,0.02469852498127872,0,0,0,1,1
111329,0.02679213961512357,0,0,0,1,1
454327,0.02108894411584804,0,0,0,1,1
747395,0.015640088238863693,0,0,0,1,1
965605,0.0336029617852733,0,0,0,1,1
989816,0.025815825101249405,0,0,0,1,1
131893,0.011362940259949696,0,0,0,1,1
900894,0.028002283495035547,0,0,0,1,1
277367,0.025359314377515218,0,0,0,1,1
114414,0.010763966590411978,0,0,0,1,1
807152,0.027211421038766597,0,0,0,1,1
354464,0.024663779242518023,0,0,0,1,1
359360,0.02085706695777459,0,0,0,1,1
606060,0.03703645253905662,0,0,0,1,1
997439,0.028754767601732865,0,0,0,1,1
113831,0.043038756266105364,0,0,0,1,1
643854,0.022957889355743437,0,0,0,1,1
858352,0.03711645889710174,0,0,0,1,1
133608,0.012375808821924855,0,0,0,1,1
224924,0.028577456474919525,0,0,0,1,1
205505,0.02859692123573986,0,0,0,1,1
305102,0.08100686774226004,0,0,0,1,1
369000,0.021885860560529286,0,0,0,1,1
837175,0.013228797236948222,0,0,0,1,1
632638,0.028490346085921305,0,0,0,1,1
876757,0.1386503738341419,0,0,0,1,1
948145,0.020738231558820937,0,0,0,1,1
133518,0.025223476145108673,0,0,0,1,1
716750,0.031326140653819376,0,0,0,1,1
671368,0.014610262961870565,0,0,0,1,1
877242,0.028182901013603885,0,0,0,1,1
130419,0.023424715053605195,0,0,0,1,1
454663,0.022260674771404684,0,0,0,1,1
727091,0.219892944915905,1,1,0,0,0
628211,0.024136510502989077,0,0,0,1,1
690984,0.1779859095525094,0,0,0,0,0
871124,0.028727165507649286,0,0,0,1,1
890882,0.1437605734246602,0,0,0,0,0
311556,0.034297345773066285,0,0,0,1,1
969732,0.03508999503434033,0,0,0,1,1
866242,0.024767328343569373,0,0,0,1,1
445418,0.14928273186329089,1,0,1,0,0
821137,0.02484800551734072,0,0,0,1,1
495787,0.025641798524921114,0,0,0,1,1
836706,0.03031191888145517,0,0,0,1,1
494284,0.034501348814645304,0,0,0,1,1
156355,0.03344655519036672,0,0,0,1,1
521653,0.028305984594383077,0,0,0,1,1
412203,0.0354296905845007,0,0,0,1,1
603968,0.15245160735748592,0,0,0,1,1
485300,0.1499928518888076,0,0,0,0,0
133956,0.22185612503905386,0,0,0,0,0
213813,0.012856650192524532,0,0,0,1,1
556982,0.10785546341471926,0,0,0,1,1
213113,0.013386137106273791,0,0,0,1,1
355908,0.02909051879295557,0,0,0,1,1
138369,0.01973541787985681,0,0,0,1,1
845994,0.09165054969756586,0,0,0,1,1
811959,0.1852451792564548,0,0,0,0,0
568172,0.03636124503959567,0,0,0,1,1
522285,0.11170824277053971,0,0,0,0,0
336139,0.013754172556629871,0,0,0,1,1
750454,0.27731483527108075,1,1,0,1,1
585756,0.02924580205126216,0,0,0,1,1
655082,0.017694643438409076,0,0,0,1,1
206773,0.038084042102520366,0,0,0,1,1
214639,0.022215643368633194,0,0,0,1,1
543456,0.2578693940594968,1,1,1,1,1
451711,0.1418987980277108,0,0,0,1,1
998934,0.022800268293934382,0,0,0,1,1
795512,0.22902771649484718,0,0,0,1,1
116897,0.1768976592908228,0,0,0,0,0
715689,0.02522835422685834,0,0,0,1,1
255475,0.03815848471008762,0,0,0,1,1
865066,0.17174854564791228,0,0,0,0,0
305556,0.1768976592908228,0,0,0,0,0
970964,0.03125323358696214,0,0,0,1,1
654941,0.026557763827205254,0,0,0,1,1
746402,0.023774223198452835,0,0,0,1,1
460629,0.026987952455963925,0,0,0,1,1
768354,0.024632995102137983,0,0,0,1,1
238640,0.0915549157301968,0,0,0,1,1
512296,0.06931288148156227,0,0,0,1,1
745908,0.02332510740778138,0,0,0,1,1
360537,0.023933089079018793,0,0,0,1,1
679253,0.1957858119165765,0,0,0,0,0
386825,0.03630973495932147,0,0,0,1,1
583252,0.02791328733577933,0,0,0,1,1
568171,0.02120976607785913,0,0,0,1,1
885848,0.018160886730450732,0,0,0,1,1
780973,0.027551076131620368,0,0,0,1,1
128633,0.3481720528686788,0,0,0,1,1
511588,0.025715048324410385,0,0,0,1,1
536577,0.030954395259117425,0,0,0,1,1
661088,0.031274212700815276,0,0,0,1,1
114553,0.014171168481668907,0,0,0,1,1
736829,0.02448168975568941,0,0,0,1,1
737940,0.026885054602194574,0,0,0,1,1
362925,0.26042382721757623,0,0,0,0,0
349638,0.019991550636444137,0,0,0,1,1
577386,0.028238317199469416,0,0,0,1,1
756929,0.026422550748462732,0,0,0,1,1
782485,0.014994717975426123,0,0,0,1,1
196016,0.03396711783506016,0,0,0,1,1
604077,0.1707074202951719,0,0,0,0,0
520137,0.017849465645472955,0,0,0,1,1
692151,0.009508138852377104,0,0,0,1,1
188033,0.02746572114779466,0,0,0,1,1
634185,0.11767666476019231,0,0,0,1,1
374881,0.022903655543567155,0,0,0,1,1
800800,0.16273367206752973,0,0,0,1,1
676622,0.028649729676320644,0,0,0,1,1
894175,0.02140510554894214,0,0,0,1,1
492789,0.010924429945455564,0,0,0,1,1
586164,0.01464599099744372,0,0,0,1,1
243557,0.033954149224577755,0,0,0,1,1
802023,0.9659984677160494,1,0,1,0,1
422436,0.17174854564791228,0,0,0,0,0
295884,0.02553362809227008,0,0,0,1,1
631442,0.16047232391517835,1,0,1,0,0
845319,0.011374502442359396,0,0,0,1,1
440618,0.013424507181564706,0,0,0,1,1
299585,0.11899468008817568,0,0,0,1,1
749972,0.1979625355415029,0,0,0,0,0
883489,0.02584547713616967,0,0,0,1,1
945761,0.1568297481110421,1,1,0,0,1
958709,0.031642052224647686,0,0,0,1,1
465692,0.03038951556557655,0,0,0,1,1
586711,0.03272684806248866,0,0,0,1,1
555001,0.03508710359577787,0,0,0,1,1
196442,0.013396332425753667,0,0,0,1,1
650486,0.018970666286074904,0,0,0,1,1
830385,0.02450361195535149,0,0,0,1,1
627485,0.02219180760915761,0,0,0,1,1
467510,0.02311240980285676,1,1,0,1,1
766530,0.024337231637079976,0,0,0,1,1
131997,0.020316852466085555,0,0,0,1,1
174669,0.18129828458089872,1,0,1,0,0
645566,0.023446252601787638,0,0,0,1,1
675457,0.012895945467434016,0,0,0,1,1
122858,0.170558790496394,0,0,0,0,0
127946,0.020804848201674952,0,0,0,1,1
474945,0.023984470235168004,0,0,0,1,1
509965,0.02330607425025574,0,0,0,1,1
669812,0.02779690587236632,0,0,0,1,1
735000,0.26042382721757623,0,0,0,0,0
925819,0.01682249420161603,0,0,0,1,1
941865,0.030686416607124182,0,0,0,1,1
793645,0.027275408274554346,0,0,0,1,1
445839,0.023674154930705897,0,0,0,1,1
708555,0.16555707566142222,0,0,0,0,0
159960,0.009447689598804713,0,0,0,1,1
963541,0.1668786984252677,0,0,0,0,1
218383,0.031224027554994312,0,0,0,1,1
384010,0.21616339886638633,0,0,0,0,0
602783,0.03287924309880527,0,0,0,1,1
575612,0.03667277389419538,0,0,0,1,1
196467,0.1400160501198951,0,0,0,1,1
838885,0.016664076750557907,0,0,0,1,1
444022,0.01852959842839484,0,0,0,1,1
701803,0.026044568047534234,0,0,0,1,1
802797,0.04033737669219776,0,0,0,1,1
832431,0.03913353887217104,0,0,0,1,1
157712,0.013192452623920192,0,0,0,1,1
381307,0.008804972050624393,0,0,0,1,1
818881,0.19524434295635287,0,0,0,0,0
209134,0.17174854564791228,0,0,0,0,0
121410,0.03026278546137689,0,0,0,1,1
668599,0.04289170367773145,0,0,0,1,1
195419,0.02989277899390933,0,0,0,1,1
198625,0.030403099111901564,0,0,0,1,1
261426,0.16645621874194602,1,1,0,1,1
435049,0.018511207930901784,0,0,0,1,1
789797,0.021054492701889825,0,0,0,1,1
122577,0.033538190433308655,0,0,0,1,1
197320,0.024848387197735234,0,0,0,1,1
776613,0.025191647798647673,0,0,0,1,1
974758,0.26329850858524767,0,0,0,0,0
582929,0.015051431977520591,0,0,0,1,1
122049,0.030850420174418795,0,0,0,1,1
559362,0.04331940540170504,0,0,0,1,1
785223,0.03502888785367264,0,0,0,1,1
197514,0.012363907198795375,0,0,0,1,1
539144,0.04038958575580512,0,0,0,1,1
803586,0.0360302765773952,1,1,0,1,1
561933,0.170558790496394,0,0,0,0,0
475690,0.02005553615742968,0,0,0,1,1
744778,0.022429229535302353,0,0,0,1,1
612060,0.024551145091284178,0,0,0,1,1
859508,0.16777119498834794,1,1,0,0,1
261780,0.02274616482087832,0,0,0,1,1
635302,0.2322148637812924,0,0,0,0,0
482938,0.1499928518888076,0,0,0,0,0
944093,0.02502516006213222,0,0,0,1,1
796099,0.036306802616394324,0,0,0,1,1
807074,0.17174854564791228,0,0,0,0,0
530206,0.026766718693456544,0,0,0,1,1
915287,0.1768976592908228,0,0,0,0,0
471188,0.026477422931569627,0,0,0,1,1
454041,0.03492575238079641,0,0,0,1,1
220806,0.035809374313168656,0,0,0,1,1
789190,0.018138472084680723,0,0,0,1,1
925198,0.1957858119165765,0,0,0,0,0
984798,0.03366853883992006,0,0,0,1,1
311619,0.1253171049174934,0,0,0,1,1
545744,0.02615661469710108,0,0,0,1,1
438875,0.16428221437333793,0,0,0,0,1
898149,0.1412074453979355,0,0,0,1,1
537829,0.1768976592908228,0,0,0,0,0
747315,0.03721759882359254,0,0,0,1,1
496759,0.04879147695562307,0,0,0,1,1
924268,0.11051504818589011,0,0,0,0,0
904974,0.19348179878743152,0,0,0,0,0
215089,0.023755349492717747,0,0,0,1,1
299367,0.170558790496394,1,0,1,0,0
437545,0.020406103504391454,0,0,0,1,1
987171,0.022739621571373447,0,0,0,1,1
152148,0.027925372095633384,0,0,0,1,1
932363,0.17161617550677596,0,0,0,0,0
808721,0.023850633184440462,0,0,0,1,1
155488,0.023697234112109517,0,0,0,1,1
969483,0.13056384476337773,0,0,0,1,1
948591,0.14591372553067747,0,0,0,1,1
548752,0.04259746944181368,0,0,0,1,1
818567,0.036106373695776094,0,0,0,1,1
190149,0.029645625198466127,1,1,0,1,1
563587,0.026780108188201545,0,0,0,1,1
663213,0.2396640854419633,0,0,0,0,0
211217,0.026225787623115168,0,0,0,1,1
169857,0.02687673840619312,0,0,0,1,1
364356,0.2396640854419633,0,0,0,0,0
793094,0.0234700536133292,0,0,0,1,1
848562,0.027138402248873348,0,0,0,1,1
330779,0.030215669951239393,0,0,0,1,1
687962,0.02620129310136966,0,0,0,1,1
145542,0.18892546544218675,1,0,1,0,0
450205,0.09163161297614968,0,0,0,1,1
100727,0.02886379007798393,0,0,0,1,1
743241,0.02793287086145489,0,0,0,1,1
433020,0.16008003523495856,1,1,0,0,0
435358,0.1957858119165765,0,0,0,0,0
403856,0.21668118811504164,0,0,0,0,0
464105,0.02527765214215983,0,0,0,1,1
152681,0.040989879349580406,0,0,0,1,1
367492,0.08740277227201777,0,0,0,1,1
568734,0.011960929676188115,0,0,0,1,1
883056,0.16037888105068882,0,0,0,0,0
352617,0.06772909280609433,0,0,0,1,1
131956,0.1856633436582453,0,0,0,0,0
395912,0.030587893766362218,0,0,0,1,1
572045,0.16313399362009065,0,0,0,0,1
890702,0.033023977129273276,0,0,0,1,1
575030,0.115456484578982,0,0,0,1,1
554761,0.023167312306647623,0,0,0,1,1
566165,0.022581718521150446,0,0,0,1,1
124195,0.17174854564791228,0,0,0,0,0
400079,0.1624907677242787,0,0,0,1,1
946172,0.5032373490307283,1,1,0,1,1
957901,0.16777119498834794,0,0,0,0,1
995142,0.01062911983545059,0,0,0,1,1
157879,0.02955910338781892,0,0,0,1,1
441741,0.02469852498127872,0,0,0,1,1
177713,0.2396640854419633,0,0,0,0,0
582690,0.02813619664463351,0,0,0,1,1
751990,0.020945944117447324,0,0,0,1,1
743121,0.013228753522444231,0,0,0,1,1
773805,0.027098931892719804,0,0,0,1,1
166953,0.02481020992588889,0,0,0,1,1
235428,0.014299476820860935,0,0,0,1,1
238556,0.019824094488785964,0,0,0,1,1
559519,0.18236151020940133,0,0,0,0,0
839362,0.009541793519571554,0,0,0,1,1
938719,0.20404046257318878,0,0,0,0,0
978130,0.024196975873392798,0,0,0,1,1
707470,0.009995999064687674,0,0,0,1,1
950445,0.023611281782906817,0,0,0,1,1
140768,0.028342946320235422,0,0,0,1,1
857845,0.12504771382224025,0,0,0,1,0
277607,0.1768976592908228,1,0,1,0,0
193928,0.02624580930117497,0,0,0,1,1
755070,0.01007153011347373,0,0,0,1,1
801338,0.026551461000477276,0,0,0,1,1
274354,0.028486559787857413,0,0,0,1,1
834571,0.030822867339116326,0,0,0,1,1
206871,0.019604071925339285,0,0,0,1,1
242789,0.02311272091315921,0,0,0,1,1
958791,0.029435864079489785,0,0,0,1,1
134760,0.02949354711207997,0,0,0,1,1
874612,0.09238077780788503,1,0,1,1,1
283290,0.032961325159796155,0,0,0,1,1
616447,0.1813653088895674,0,0,0,0,0
653851,0.24965490369994772,0,0,0,1,1
929980,0.025452823510132436,0,0,0,1,1
810448,0.023338842468941395,0,0,0,1,1
959728,0.09939323505075548,0,0,0,1,1
515444,0.1768976592908228,0,0,0,0,0
342945,0.054121858050789916,1,0,1,1,1
194859,0.18968394031631955,0,0,0,0,0
536186,0.026771013846463108,0,0,0,1,1
390874,0.12386203590407246,0,0,0,1,0
509909,0.01077431204083206,0,0,0,1,1
923560,0.027971656689375624,0,0,0,1,1
421001,0.009071539740405563,0,0,0,1,1
917610,0.024862986182544806,0,0,0,1,1
274431,0.2949165913311204,0,0,0,0,0
837705,0.414514329777932,0,0,0,1,0
614164,0.019944451184070587,0,0,0,1,1
944261,0.028517015028050843,0,0,0,1,1
432564,0.15792035671423155,1,1,0,1,1
653354,0.1319111075088328,0,0,0,1,1
750162,0.1768976592908228,0,0,0,0,0
757047,0.02994428183556892,0,0,0,1,1
808005,0.036997611069655725,0,0,0,1,1
515298,0.9659984677160494,1,0,1,0,1
614246,0.01011944954496559,0,0,0,1,1
103731,0.02472042582737277,0,0,0,1,1
453578,0.18892546544218675,0,0,0,0,0
771035,0.009841014292874142,0,0,0,1,1
573446,0.03227144915131384,0,0,0,1,1
893427,0.12477613271218807,0,0,0,1,1
232609,0.03518305691857752,0,0,0,1,1
191057,0.03221130056180735,1,1,0,1,1
844152,0.023766568208089867,0,0,0,1,1
460929,0.023441293471027348,0,0,0,1,1
630209,0.1702962142119536,0,0,0,1,1
219043,0.011815588219186038,0,0,0,1,1
537711,0.03349593838870001,0,0,0,1,1
122009,0.03226488794944007,0,0,0,1,1
453136,0.023653781630669522,0,0,0,1,1
922188,0.01956177447091563,0,0,0,1,1
780529,0.17490036616458388,0,0,0,0,0
721438,0.023510027959353346,0,0,0,1,1
761015,0.022034458552151914,0,0,0,1,1
891233,0.1779859095525094,1,0,1,0,0
671528,0.021403608767782613,0,0,0,1,1
240500,0.17174854564791228,0,0,0,0,0
377742,0.21668118811504164,0,0,0,0,0
749801,0.028363394140481765,0,0,0,1,1
625434,0.0263830434440973,0,0,0,1,1
505070,0.16555707566142222,0,0,0,0,0
120554,0.01974697532706318,0,0,0,1,1
962661,0.022570097379479733,0,0,0,1,1
622697,0.11702116651979808,0,0,0,1,1
501856,0.033782001039737566,0,0,0,1,1
893057,0.02464998022894135,0,0,0,1,1
541163,0.022377354884534923,0,0,0,1,1
736615,0.043575162500780244,1,1,0,1,1
967883,0.01975949040912215,0,0,0,1,1
248011,0.027894661536610885,0,0,0,1,1
959137,0.03228596703724739,0,0,0,1,1
591854,0.029096754452871503,0,0,0,1,1
346225,0.027276881561788185,0,0,0,1,1
625318,0.17867211999938387,0,0,0,0,0
450150,0.14728141775593917,0,0,0,1,1
569315,0.025529681377901996,0,0,0,1,1
622036,0.1768976592908228,1,1,0,0,0
287343,0.18892546544218675,0,0,0,0,0
226842,0.03421320963601423,0,0,0,1,1
802084,0.1957858119165765,0,0,0,0,0
540268,0.10631867678054625,0,0,0,1,1
504190,0.1957858119165765,0,0,0,0,0
566630,0.021350362663686107,0,0,0,1,1
374639,0.030257208145165533,0,0,0,1,1
447470,0.026240445038172706,0,0,0,1,1
442306,0.01790729073014417,0,0,0,1,1
901978,0.1465466275737454,0,0,0,0,1
330040,0.03073745556171432,0,0,0,1,1
899009,0.026607277627059778,0,0,0,1,1
988510,0.011434499984700036,0,0,0,1,1
124355,0.0205200133915929,0,0,0,1,1
429557,0.027092536236159544,0,0,0,1,1
176599,0.02589005978987511,0,0,0,1,1
550058,0.028255856502527918,0,0,0,1,1
577872,0.023635962959364563,1,1,0,1,1
731696,0.1078801498979975,0,0,0,1,1
773086,0.18184693026741597,0,0,0,1,0
713423,0.030867402368006305,0,0,0,1,1
965154,0.170558790496394,1,1,0,0,1
432938,0.025637643014948728,0,0,0,1,1
757446,0.02459933601202323,0,0,0,1,1
531293,0.059370387972546436,0,0,0,1,1
763132,0.01668684144726902,0,0,0,1,1
271680,0.03022592627307768,0,0,0,1,1
547575,0.031625188268115244,0,0,0,1,1
845041,0.024305439415416696,0,0,0,1,1
856705,0.02141534418246816,0,0,0,1,1
909075,0.14095558301498654,0,0,0,0,0
111584,0.04482720464215003,0,0,0,1,1
612339,0.025341626962052395,0,0,0,1,1
720514,0.014406407995785957,0,0,0,1,1
413426,0.02286142933236515,0,0,0,1,1
702746,0.025810886194636094,0,0,0,1,1
442458,0.03277761720341456,0,0,0,1,1
513553,0.01986477153762618,0,0,0,1,1
665645,0.18892546544218675,0,0,0,0,0
724378,0.026659204984190152,0,0,0,1,1
701308,0.02474713431384439,0,0,0,1,1
275762,0.025410091001223687,0,0,0,1,1
672582,0.9659984677160494,1,0,1,0,1
649321,0.16160748414475226,0,0,0,1,1
286262,0.0721585801561859,1,1,0,1,1
391509,0.04092933560522694,0,0,0,1,1
420490,0.02544334022476252,0,0,0,1,1
162167,0.02184030774850618,0,0,0,1,1
803357,0.9659984677160494,1,0,1,0,1
809299,0.02898945101764162,0,0,0,1,1
327474,0.11904622746374587,0,0,0,1,1
274428,0.0198132247711086,0,0,0,1,1
791342,0.028874192735820387,0,0,0,1,1
352005,0.02480693676899192,0,0,0,1,1
526164,0.02417344108611108,0,0,0,1,1
898495,0.021671902055605086,0,0,0,1,1
499423,0.1957858119165765,0,0,0,0,0
457077,0.20927919904776876,0,0,0,0,0
472325,0.024388984570299095,0,0,0,1,1
165484,0.039387626017076904,0,0,0,1,1
604870,0.014927795578682408,0,0,0,1,1
730088,0.01772494929314584,0,0,0,1,1
759311,0.009977222477840293,0,0,0,1,1
682813,0.023807965215854605,0,0,0,1,1
206119,0.026333208617248118,0,0,0,1,1
933552,0.1957858119165765,0,0,0,0,0
522788,0.16047232391517835,0,0,0,0,0
547699,0.025477608679592277,0,0,0,1,1
286182,0.17161617550677596,0,0,0,0,0
980837,0.10010580773876829,0,0,0,1,1
858341,0.023128148530032026,0,0,0,1,1
266284,0.0814003113279991,0,0,0,1,1
454630,0.03894152023466296,0,0,0,1,1
580169,0.02900872239355341,0,0,0,1,1
818616,0.026623478581555244,0,0,0,1,1
439092,0.170558790496394,0,0,0,0,0
584782,0.5971663627178643,0,0,0,0,1
808392,0.023964033488201412,0,0,0,1,1
772025,0.20927919904776876,1,1,0,0,0
579785,0.2396640854419633,1,1,0,0,0
727197,0.9568091942072879,1,0,1,0,1
837031,0.10922562292739692,0,0,0,1,0
367751,0.030152108522007042,0,0,0,1,1
136020,0.015820434246819517,0,0,0,1,1
344372,0.16008003523495856,0,0,0,0,0
256188,0.18892546544218675,0,0,0,0,0
495286,0.026443671242945627,0,0,0,1,1
939521,0.1957858119165765,0,0,0,0,0
783604,0.0515381180380123,0,0,0,1,1
453654,0.02121439761666174,0,0,0,1,1
271297,0.16555707566142222,0,0,0,0,0
600914,0.01929162738804322,0,0,0,1,1
847771,0.031195797700326364,0,0,0,1,1
663521,0.022672847173330388,0,0,0,1,1
900795,0.029599574538643526,0,0,0,1,1
559007,0.032376103888717866,0,0,0,1,1
264050,0.9648035913462033,1,0,1,0,1
515656,0.026463564549681264,0,0,0,1,1
612019,0.17174854564791228,0,0,0,0,0
727648,0.03820999533337567,0,0,0,1,1
817070,0.02980783970963713,1,1,0,1,1
107466,0.024609857668976224,0,0,0,1,1
352916,0.0377442311369312,0,0,0,1,1
692535,0.034877474257892574,0,0,0,1,1
128572,0.17174854564791228,0,0,0,0,0
986551,0.026771013846463108,0,0,0,1,1
330947,0.17174854564791228,0,0,0,0,0
568678,0.02564022205764321,0,0,0,1,1
389146,0.02801663117134622,0,0,0,1,1
787086,0.1566349817712683,0,0,0,1,1
676406,0.020066004143328254,0,0,0,1,1
401859,0.03248339734978835,0,0,0,1,1
371422,0.027951466362802532,0,0,0,1,1
919888,0.16008003523495856,0,0,0,0,0
842527,0.024337231637079976,0,0,0,1,1
789465,0.1979827190964447,0,0,0,0,0
653259,0.025173976204606558,0,0,0,1,1
161414,0.14019894263142188,0,0,0,1,1
391557,0.1957858119165765,0,0,0,0,0
787416,0.027978319985551142,0,0,0,1,1
845435,0.025289878992157934,0,0,0,1,1
992854,0.02262661677646185,0,0,0,1,1
302792,0.9659984677160494,1,0,1,0,1
293676,0.029227628246556208,0,0,0,1,1
431586,0.041794591217490046,0,0,0,1,1
202831,0.030126529009996066,0,0,0,1,1
811022,0.1768976592908228,0,0,0,0,0
465570,0.038564630079599774,0,0,0,1,1
970152,0.170558790496394,0,0,0,0,0
325268,0.023177425373385265,0,0,0,1,1
100590,0.16008003523495856,0,0,0,0,0
976413,0.2525316944120687,0,0,0,1,0
274117,0.1040639896192273,0,0,0,1,1
321436,0.033618846836300835,0,0,0,1,1
116948,0.11518628771763809,0,0,0,1,1
190716,0.03699808718353744,0,0,0,1,1
621814,0.028971265825790737,0,0,0,1,1
779679,0.02429816834843637,0,0,0,1,1
992886,0.028793738610160387,0,0,0,1,1
194813,0.12910903488468986,0,0,0,1,1
204693,0.023345166295582136,0,0,0,1,1
957413,0.012173864783817677,0,0,0,1,1
221254,0.03041341573747215,1,1,0,1,1
319850,0.02838657251213292,0,0,0,1,1
407305,0.015696648540392117,0,0,0,1,1
428345,0.16555707566142222,0,0,0,0,1
466953,0.028704085103593117,0,0,0,1,1
243713,0.215261067196287,0,0,0,0,0
686397,0.22281501033613754,0,0,0,0,0
107902,0.026087739911500003,0,0,0,1,1
136637,0.010551843886638492,0,0,0,1,1
847579,0.02950767095056867,0,0,0,1,1
882025,0.025338817039981944,0,0,0,1,1
465746,0.029387609783714456,0,0,0,1,1
615617,0.019129884410008194,0,0,0,1,1
908580,0.032110079615962815,0,0,0,1,1
384818,0.18839820231552154,1,0,1,0,0
750578,0.4915147470653993,0,0,0,0,1
800481,0.028649729676320644,0,0,0,1,1
491244,0.22281501033613754,0,0,0,0,0
109399,0.12827011763333465,0,0,0,1,0
577726,0.03860580829264619,0,0,0,1,1
729752,0.963680115484807,1,0,1,0,1
768078,0.11747198703998186,0,0,0,1,0
831341,0.16716254945742018,0,0,0,0,0
941984,0.13623246538404163,0,0,0,1,1
894436,0.02409829963913413,0,0,0,1,1
643605,0.013781232728564371,0,0,0,1,1
237651,0.02979499684258248,0,0,0,1,1
420488,0.018972838310835766,0,0,0,1,1
568712,0.012809219558618598,0,0,0,1,1
935876,0.047798494860335904,0,0,0,1,1
616416,0.023714565292118274,0,0,0,1,1
888404,0.18892546544218675,0,0,0,0,0
101018,0.024337231637079976,0,0,0,1,1
387971,0.018693255037838058,0,0,0,1,1
395525,0.010825007733134474,0,0,0,1,1
792873,0.030593548189749676,0,0,0,1,1
333051,0.2545325279734939,1,1,0,0,0
436990,0.17375745237266485,0,0,0,1,0
965758,0.12720205038356974,0,0,0,1,1
660178,0.027139645402453703,0,0,0,1,1
904741,0.025640041557511668,0,0,0,1,1
406367,0.18892546544218675,0,0,0,0,0
787277,0.15388344693420752,0,0,0,0,0
576936,0.0252280400915959,0,0,0,1,1
626767,0.15215678689626436,0,0,0,0,1
592003,0.17112238262404106,0,0,0,0,0
974848,0.170558790496394,0,0,0,0,1
363199,0.05678155633973024,0,0,0,1,1
465950,0.16555707566142222,1,0,1,0,0
516337,0.03486529612167208,0,0,0,1,1
666301,0.02046478838184877,0,0,0,1,1
676376,0.030663148102870415,0,0,0,1,1
202696,0.04692331194820715,0,0,0,1,1
409174,0.17174854564791228,0,0,0,0,0
150253,0.04911350050244182,0,0,0,1,1
160927,0.03060822954698933,0,0,0,1,1
793608,0.16555707566142222,0,0,0,0,0
515805,0.02655627244770479,0,0,0,1,1
390974,0.028437149644852958,0,0,0,1,1
984180,0.16047232391517835,1,0,1,0,0
289151,0.026392977400968937,0,0,0,1,1
445177,0.031649381883837466,0,0,0,1,1
542014,0.02850714298321055,0,0,0,1,1
958767,0.013719275737949973,0,0,0,1,1
859957,0.03176759903051121,0,0,0,1,1
220244,0.022550867824312905,0,0,0,1,1
387506,0.027614950858144877,0,0,0,1,1
823212,0.1635853697159425,1,0,1,0,0
387121,0.04225684134755794,0,0,0,1,1
173235,0.16428221437333793,0,0,0,0,1
801882,0.021054492701889825,0,0,0,1,1
612013,0.13328112336084566,1,1,0,1,1
733046,0.023994489359008594,0,0,0,1,1
117482,0.16902318110777226,0,0,0,0,0
428604,0.1414838710712986,0,0,0,0,0
484811,0.13758058086603978,0,0,0,1,1
947234,0.1514747916163276,0,0,0,0,0
275049,0.05677736687690113,0,0,0,1,1
770362,0.19171799990855917,1,1,0,1,1
129343,0.011384531855392795,0,0,0,1,1
288369,0.018617218547687546,0,0,0,1,1
382464,0.02274477907468792,0,0,0,1,1
890395,0.024844669030853972,0,0,0,1,1
909677,0.032210148614163936,0,0,0,1,1
650657,0.024344768431435335,0,0,0,1,1
493283,0.01989673571511484,0,0,0,1,1
610573,0.02322660802041713,0,0,0,1,1
181728,0.028229795351571153,0,0,0,1,1
253098,0.022903655543567155,0,0,0,1,1
930848,0.023826236464594877,0,0,0,1,1
681921,0.036366643575813484,0,0,0,1,1
751824,0.011483159805502925,0,0,0,1,1
505779,0.023656320130323552,0,0,0,1,1
129434,0.028649729676320644,0,0,0,1,1
501875,0.1732647035991775,0,0,0,1,0
131228,0.18419983250279512,0,0,0,1,1
144593,0.02521181205519526,0,0,0,1,1
884654,0.1768976592908228,1,0,1,0,0
958472,0.0965023229371819,0,0,0,1,1
226387,0.11338852012845252,1,1,0,1,1
423153,0.170558790496394,0,0,0,0,1
314742,0.021054492701889825,0,0,0,1,1
345802,0.029058845740141222,0,0,0,1,1
608326,0.1768976592908228,0,0,0,0,1
383808,0.022788394610134922,0,0,0,1,1
880505,0.028187188815520025,0,0,0,1,1
318561,0.03216400432905364,0,0,0,1,1
174729,0.026335129325585797,0,0,0,1,1
371675,0.02694945816821166,0,0,0,1,1
782329,0.013357643148547852,0,0,0,1,1
947408,0.02746911368195005,0,0,0,1,1
549404,0.18517764859338126,0,0,0,0,0
384543,0.01960361462853744,0,0,0,1,1
182320,0.033059311442355716,1,1,0,1,1
279430,0.027659511084182853,0,0,0,1,1
832367,0.03756334082314989,0,0,0,1,1
465962,0.03845612124848847,0,0,0,1,1
762272,0.02251710039570165,0,0,0,1,1
926874,0.1713048784124649,0,0,0,0,0
857247,0.029359070251761626,0,0,0,1,1
719673,0.02390099974905618,0,0,0,1,1
643117,0.025944743002522138,0,0,0,1,1
440785,0.014694170671603793,0,0,0,1,1
588980,0.027792667253070336,0,0,0,1,1
731593,0.024120235333975653,0,0,0,1,1
700343,0.021706069659615232,0,0,0,1,1
608508,0.03329289902384205,0,0,0,1,1
662594,0.025247888535054813,0,0,0,1,1
583539,0.03058670635044365,0,0,0,1,1
168727,0.1499928518888076,0,0,0,0,0
741483,0.02141534418246816,0,0,0,1,1
526867,0.17174854564791228,0,0,0,0,0
432031,0.023606043238622247,0,0,0,1,1
490806,0.023217226117107012,0,0,0,1,1
424451,0.18892546544218675,0,0,0,0,0
295906,0.019369952833015906,0,0,0,1,1
306596,0.18892546544218675,0,0,0,0,0
246737,0.027929210772242016,0,0,0,1,1
256544,0.1632100624385285,0,0,0,1,0
344580,0.16925322605416862,0,0,0,0,1
534904,0.033207578839509554,0,0,0,1,1
713998,0.026040387892210325,0,0,0,1,1
602222,0.11337085158378897,0,0,0,1,1
366161,0.19302260642449337,0,0,0,0,0
575123,0.011758456499367305,0,0,0,1,1
707869,0.025409848258946117,0,0,0,1,1
752688,0.020486751231515547,0,0,0,1,1
327015,0.029087120292806492,0,0,0,1,1
442868,0.026209311453196497,0,0,0,1,1
681649,0.01595552465957754,0,0,0,1,1
507189,0.024575422582453606,0,0,0,1,1
111176,0.01975949040912215,0,0,0,1,1
893789,0.026000354231978263,0,0,0,1,1
764844,0.15461147456543625,0,0,0,0,0
397820,0.02949941619669672,0,0,0,1,1
464187,0.02945368531084763,0,0,0,1,1
782606,0.17174854564791228,1,0,1,0,0
898437,0.02566272089653487,0,0,0,1,1
788407,0.023902144442599582,0,0,0,1,1
310252,0.02807820664850092,0,0,0,1,1
147700,0.030608764331318376,0,0,0,1,1
547190,0.027831180166412138,0,0,0,1,1
654086,0.03783245870207083,0,0,0,1,1
919818,0.022003390634053786,0,0,0,1,1
763084,0.027637078689070182,0,0,0,1,1
204237,0.02597215948971593,1,1,0,1,1
611086,0.031905035113555705,0,0,0,1,1
205367,0.12318844271220038,0,0,0,1,1
422245,0.1779859095525094,0,0,0,0,0
152139,0.021839256651418844,0,0,0,1,1
278865,0.013204202147986456,0,0,0,1,1
320685,0.017954870418835814,0,0,0,1,1
459099,0.010485867390163191,0,0,0,1,1
811619,0.02177242034543924,0,0,0,1,1
342007,0.16291063479027712,0,0,0,0,0
733658,0.03178452446194276,0,0,0,1,1
298829,0.0313457775484094,0,0,0,1,1
650466,0.026705379256500017,0,0,0,1,1
226422,0.04045177082978229,0,0,0,1,1
314189,0.1514747916163276,0,0,0,0,0
436969,0.02447996953300499,0,0,0,1,1
544837,0.09725341020539209,0,0,0,1,1
560936,0.06207029952653245,0,0,0,1,1
636965,0.17798334549383624,0,0,0,1,1
266516,0.030240799047550476,0,0,0,1,1
346103,0.01853298194552298,0,0,0,1,1
778393,0.011193676570088676,0,0,0,1,1
259700,0.18129828458089872,0,0,0,0,0
234588,0.02670625301594864,0,0,0,1,1
580834,0.02997660313799419,0,0,0,1,1
733601,0.1852451792564548,0,0,0,0,0
402177,0.16716254945742018,0,0,0,0,0
959192,0.028312541014968166,0,0,0,1,1
718031,0.019752580009997547,0,0,0,1,1
187390,0.1910636815689456,0,0,0,0,1
603587,0.02532125315797459,0,0,0,1,1
425717,0.028828231935160206,1,1,0,1,1
301323,0.18517764859338126,0,0,0,0,0
276806,0.2127593893498472,0,0,0,0,0
472964,0.02392015080484852,0,0,0,1,1
499027,0.013545285612154814,0,0,0,1,1
761240,0.012290234518165443,0,0,0,1,1
885933,0.028034439417992246,0,0,0,1,1
945199,0.17161617550677596,0,0,0,0,1
501655,0.03642234848567399,0,0,0,1,1
530425,0.028102654015475504,0,0,0,1,1
173252,0.022824265553351056,0,0,0,1,1
148258,0.043871075716164755,1,1,0,1,1
307159,0.9659984677160494,1,0,1,0,1
140079,0.009295204929816621,0,0,0,1,1
345615,0.09333656938877224,0,0,0,1,1
996238,0.02938205934439464,0,0,0,1,1
540751,0.026943368273950337,0,0,0,1,1
798672,0.11127149730462765,0,0,0,1,1
929451,0.028002283495035547,0,0,0,1,1
526316,0.023467762868591254,0,0,0,1,1
913571,0.029771885829088962,0,0,0,1,1
142122,0.1557108706827905,1,0,1,0,0
492883,0.030395801626632912,0,0,0,1,1
656288,0.024450058459099793,0,0,0,1,1
731373,0.16047232391517835,1,0,1,0,0
840262,0.018100464285109606,0,0,0,1,1
844641,0.02789051492476872,0,0,0,1,1
582674,0.0953763040102913,0,0,0,0,0
611481,0.13076901069416572,0,0,0,1,1
526586,0.04959740323322638,0,0,0,1,1
202035,0.16047232391517835,0,0,0,0,0
112226,0.027596510936956756,0,0,0,1,1
712362,0.024785985976716298,0,0,0,1,1
614574,0.18129828458089872,0,0,0,0,1
198570,0.5444503783849629,0,0,0,0,0
415402,0.14366012008765647,0,0,0,1,1
749705,0.06247179195921062,0,0,0,1,1
854249,0.02760076956135342,0,0,0,1,1
981117,0.11363086337155168,0,0,0,1,1
166175,0.1919341078047881,0,0,0,0,0
138475,0.012694827757934414,0,0,0,1,1
888417,0.02431964568155208,0,0,0,1,1
573347,0.170558790496394,1,0,1,0,0
307622,0.040078159495489304,0,0,0,1,1
486600,0.019945168290705705,0,0,0,1,1
761403,0.0290731356202624,0,0,0,1,1
356712,0.020671469851340548,0,0,0,1,1
432716,0.04306717201620103,0,0,0,1,1
805008,0.04798490709751902,0,0,0,1,1
902679,0.02398423351424908,0,0,0,1,1
924469,0.029542390265722234,0,0,0,1,1
505776,0.17174854564791228,0,0,0,0,0
467607,0.1862366609835869,0,0,0,0,0
722566,0.02539530027803025,0,0,0,1,1
216573,0.01829990163710621,0,0,0,1,1
727952,0.15763217210222294,0,0,0,0,0
323099,0.19895277444182655,0,0,0,1,0
538042,0.02355538048381789,0,0,0,1,1
601143,0.00959366314209429,0,0,0,1,1
798871,0.01940133881871624,0,0,0,1,1
200326,0.01833261005736263,0,0,0,1,1
872669,0.9582637304290114,1,0,1,0,1
992065,0.2575061899997322,1,1,0,1,1
718887,0.029245840586185245,0,0,0,1,1
238647,0.026192078373524195,0,0,0,1,1
924489,0.10872791925559094,0,0,0,1,1
947635,0.031876011930513426,0,0,0,1,1
249466,0.026929565795546624,0,0,0,1,1
862659,0.030914400541287704,1,1,0,1,1
987153,0.02331933928963295,0,0,0,1,1
985374,0.032048674412432046,0,0,0,1,1
485282,0.01263993339429131,0,0,0,1,1
851830,0.028348243331667695,0,0,0,1,1
253852,0.025917683918958538,0,0,0,1,1
746863,0.170558790496394,1,0,1,0,0
958923,0.011000821823059562,0,0,0,1,1
777871,0.013867631808724199,0,0,0,1,1
976623,0.02460147051070102,0,0,0,1,1
338212,0.021994348003823463,0,0,0,1,1
897387,0.034792667859284095,0,0,0,1,1
460058,0.09665926902361938,0,0,0,1,1
158400,0.030233296865542183,0,0,0,1,1
662880,0.0364121572133172,0,0,0,1,1
179489,0.16047232391517835,0,0,0,0,0
508501,0.01459816652536953,0,0,0,1,1
382953,0.011119006218702491,0,0,0,1,1
845180,0.18892546544218675,0,0,0,0,0
209357,0.020917997959190967,0,0,0,1,1
705243,0.021054492701889825,0,0,0,1,1
371580,0.010805284581662218,0,0,0,1,1
290109,0.20827979987367803,1,0,1,0,0
771259,0.02472042582737277,0,0,0,1,1
404434,0.010857875543605573,0,0,0,1,1
164226,0.01921092283800729,0,0,0,1,1
794620,0.170558790496394,0,0,0,0,0
101148,0.008806166303677955,0,0,0,1,1
442018,0.08029402081295381,0,0,0,1,1
804137,0.015302754457559513,0,0,0,1,1
743879,0.016878425411101,0,0,0,1,1
403282,0.08908185196664954,0,0,0,1,1
360472,0.013701494196830942,0,0,0,1,1
568798,0.10921273406538227,0,0,0,1,1
569369,0.17370013105373325,0,0,0,1,1
858961,0.023747024796694778,0,0,0,1,1
411734,0.45368756548961675,1,0,1,1,1
318902,0.029645625198466127,0,0,0,1,1
591367,0.03482027624254098,0,0,0,1,1
747993,0.01918753363414722,0,0,0,1,1
251324,0.012194811600886578,0,0,0,1,1
190529,0.033079790933697444,0,0,0,1,1
569677,0.15926825997630956,0,0,0,0,0
488853,0.03436974950042116,0,0,0,1,1
130032,0.23169659286887265,0,0,0,0,0
350001,0.026192078373524195,0,0,0,1,1
873551,0.22281501033613754,0,0,0,0,0
408561,0.027140145136336866,0,0,0,1,1
426124,0.10793567204395998,0,0,0,1,1
950304,0.5004579720674003,0,0,0,0,1
829476,0.11858374783286887,0,0,0,1,0
626762,0.12859928970536738,0,0,0,1,1
461974,0.27755100582060216,0,0,0,1,1
819718,0.01555885022712337,0,0,0,1,1
165260,0.017694643438409076,0,0,0,1,1
551828,0.020893866943203273,0,0,0,1,1
853641,0.022034458552151914,0,0,0,1,1
617171,0.04021545383938226,0,0,0,1,1
924736,0.1499928518888076,1,0,1,0,0
487930,0.03466699030771318,0,0,0,1,1
855050,0.07460238969032923,0,0,0,1,1
664112,0.08055575098890413,0,0,0,1,1
257301,0.0255189207466762,0,0,0,1,1
103823,0.029557906984762138,0,0,0,1,1
305910,0.1400940244319896,0,0,0,1,1
800094,0.028633598721894676,0,0,0,1,1
498998,0.21130667819460228,0,0,0,0,0
869283,0.10807436206056203,0,0,0,1,1
611415,0.020918521307001718,0,0,0,1,1
763177,0.02235696563204459,0,0,0,1,1
215508,0.05008704973948666,0,0,0,1,1
475634,0.15425004968329012,0,0,0,1,1
726139,0.03291102658649447,0,0,0,1,1
663659,0.24127546041653136,0,0,0,0,0
596153,0.03692452462231415,0,0,0,1,1
215051,0.07811846299465343,0,0,0,1,1
579377,0.026382881570363156,0,0,0,1,1
126665,0.022642422001949908,0,0,0,1,1
711490,0.10391365429131208,0,0,0,1,1
166955,0.020164793743511027,0,0,0,1,1
411296,0.22281501033613754,0,0,0,0,0
112709,0.02469852498127872,0,0,0,1,1
163645,0.021811049119075603,0,0,0,1,1
752885,0.963680115484807,1,0,1,0,1
975692,0.17174854564791228,1,0,1,0,0
262177,0.16330226826271124,0,0,0,1,1
273391,0.030961129418804714,0,0,0,1,1
306869,0.02845946804706626,0,0,0,1,1
904370,0.1768976592908228,0,0,0,0,0
762044,0.02247901049227518,0,0,0,1,1
419661,0.16555707566142222,0,0,0,0,0
713580,0.21638327741702762,0,0,0,1,1
542182,0.02235696563204459,0,0,0,1,1
108346,0.170558790496394,1,1,0,0,1
666608,0.03635483403202773,0,0,0,1,1
374736,0.028618132841027315,0,0,0,1,1
883660,0.03764913877580915,0,0,0,1,1
656858,0.1622409496383789,1,0,1,0,0
401060,0.034977009788201695,0,0,0,1,1
967347,0.1768976592908228,0,0,0,0,1
979010,0.024504110861706577,0,0,0,1,1
407238,0.024337231637079976,0,0,0,1,1
705490,0.18129828458089872,0,0,0,0,0
568667,0.9659984677160494,1,0,1,0,1
119519,0.021677943111804588,0,0,0,1,1
587196,0.2683313856445085,1,0,1,1,0
539674,0.018088951081683995,0,0,0,1,1
570637,0.04542825054073217,0,0,0,1,1
269154,0.03674518581714813,0,0,0,1,1
539742,0.03292100091821654,0,0,0,1,1
585976,0.16555707566142222,0,0,0,0,0
666417,0.0234306834037113,0,0,0,1,1
212604,0.02044986249826517,0,0,0,1,1
715645,0.022260674771404684,0,0,0,1,1
326272,0.17112238262404106,0,0,0,0,0
458984,0.04233026726899793,0,0,0,1,1
803150,0.012333202750210857,0,0,0,1,1
669978,0.011144353290345906,0,0,0,1,1
741428,0.1382939621866714,0,0,0,1,1
942926,0.04271554470858967,1,1,0,1,1
132320,0.12618555981399193,0,0,0,1,1
930887,0.18892546544218675,1,0,1,0,0
545541,0.028488956101075442,0,0,0,1,1
397104,0.011682796860207595,0,0,0,1,1
913949,0.021334824150597568,0,0,0,1,1
144879,0.03716921509995332,0,0,0,1,1
113694,0.02171844171547495,0,0,0,1,1
895725,0.01165830265587147,0,0,0,1,1
443970,0.170558790496394,0,0,0,0,0
100642,0.012001788564397172,0,0,0,1,1
355491,0.17112238262404106,0,0,0,0,0
936547,0.031145882704403507,0,0,0,1,1
980414,0.029469617442215705,0,0,0,1,1
335371,0.02211171979727472,0,0,0,1,1
606455,0.02474867711406933,0,0,0,1,1
937638,0.010484174270295793,0,0,0,1,1
724599,0.9648035913462033,1,0,1,0,1
307740,0.025928078477226727,0,0,0,1,1
238753,0.019399520978967282,0,0,0,1,1
302467,0.022245009676598593,0,0,0,1,1
573954,0.010137780142592001,0,0,0,1,1
825490,0.032389244414466195,0,0,0,1,1
993986,0.02220739148581051,0,0,0,1,1
342836,0.1499928518888076,0,0,0,0,1
554487,0.030554642729736972,0,0,0,1,1
374984,0.011779861937689252,0,0,0,1,1
918478,0.018676918638917732,0,0,0,1,1
541751,0.1576884383926731,0,0,0,1,1
638804,0.03099193836103906,0,0,0,1,1
266968,0.03158542337449948,0,0,0,1,1
210630,0.020472865827702705,0,0,0,1,1
439696,0.029524226999713445,0,0,0,1,1
449654,0.024503680413619527,0,0,0,1,1
615251,0.021054492701889825,0,0,0,1,1
947099,0.02202322505910314,0,0,0,1,1
506400,0.17112238262404106,1,1,0,0,0
832625,0.02396500166672593,0,0,0,1,1
153146,0.025665696794544775,0,0,0,1,1
239027,0.03609116466773447,0,0,0,1,1
792795,0.02302672241624241,0,0,0,1,1
821043,0.02872074397154519,0,0,0,1,1
360732,0.17174854564791228,0,0,0,0,0
183716,0.024785985976716298,0,0,0,1,1
456716,0.03430002366250937,0,0,0,1,1
111788,0.045349033834082994,0,0,0,1,1
452725,0.046637060842365595,0,0,0,1,1
714316,0.3024100956936869,0,0,0,0,0
894111,0.03177624077253083,0,0,0,1,1
410347,0.018302568002302802,0,0,0,1,1
485674,0.010095230830236024,0,0,0,1,1
833801,0.16883709693685253,0,0,0,1,1
968671,0.02775893196185224,0,0,0,1,1
240143,0.16555707566142222,0,0,0,0,1
926250,0.20060827635479764,0,0,0,1,1
958059,0.02949941619669672,0,0,0,1,1
138449,0.20046670355335322,1,0,1,0,0
702005,0.24127546041653136,0,0,0,0,0
831644,0.170558790496394,0,0,0,0,0
547355,0.018425819903914946,0,0,0,1,1
603674,0.021438403261824168,0,0,0,1,1
738204,0.030762428849890378,0,0,0,1,1
884844,0.021212572349001903,0,0,0,1,1
800571,0.03635215957616503,0,0,0,1,1
315848,0.04093792397971209,0,0,0,1,1
847357,0.034821761509135164,0,0,0,1,1
395511,0.10320873514732791,0,0,0,1,1
387523,0.02772619104966038,0,0,0,1,1
631200,0.03101143297241575,1,1,0,1,1
324364,0.031367492227718285,0,0,0,1,1
879601,0.02886630283237802,0,0,0,1,1
995128,0.031239992462293018,0,0,0,1,1
617516,0.1359362703468011,0,0,0,1,1
958491,0.03484347554676515,0,0,0,1,1
226924,0.22281501033613754,0,0,0,0,0
871188,0.1768976592908228,1,1,0,0,0
206328,0.02072246495803394,0,0,0,1,1
303207,0.02900872239355341,0,0,0,1,1
615854,0.024505578622924643,0,0,0,1,1
833547,0.17360041949521118,0,0,0,0,0
428376,0.032819755755494305,0,0,0,1,1
383954,0.03129707757145628,1,1,0,1,1
298681,0.024592256142800566,0,0,0,1,1
597300,0.010516750003685495,0,0,0,1,1
445024,0.24127546041653136,0,0,0,0,0
980915,0.023756811871073657,0,0,0,1,1
779977,0.013179019513071473,0,0,0,1,1
877488,0.023446252601787638,0,0,0,1,1
326703,0.18892546544218675,0,0,0,0,0
363864,0.11424776695606337,0,0,0,1,1
973921,0.09885766529143174,0,0,0,1,1
661193,0.02922797923298558,0,0,0,1,1
824360,0.025474745415687314,0,0,0,1,1
614721,0.2462439858563222,0,0,0,0,0
843836,0.0655415667223268,0,0,0,1,1
412284,0.05125142265097442,0,0,0,1,1
564449,0.03498222213167453,0,0,0,1,1
999589,0.1768976592908228,0,0,0,0,0
700356,0.5249736085445919,0,0,0,0,0
394078,0.03556941851924383,0,0,0,1,1
245307,0.1957858119165765,0,0,0,0,0
285411,0.021054492701889825,0,0,0,1,1
322733,0.028257422088670294,0,0,0,1,1
479278,0.02131370169164776,0,0,0,1,1
123060,0.24992527909015955,0,0,0,1,0
980935,0.02334246162689697,0,0,0,1,1
364908,0.03280812511091073,0,0,0,1,1
610482,0.014929006537854972,0,0,0,1,1
166475,0.032792734442357196,0,0,0,1,1
352101,0.028340719117111852,0,0,0,1,1
387570,0.02032960129580994,0,0,0,1,1
434621,0.10120999522893111,0,0,0,1,1
815834,0.048601352537002276,0,0,0,1,1
901478,0.18892546544218675,1,0,1,0,0
294634,0.023471104698192313,0,0,0,1,1
538949,0.17174854564791228,0,0,0,0,0
674394,0.02746911368195005,0,0,0,1,1
664737,0.014094467623391312,0,0,0,1,1
225656,0.17867211999938387,0,0,0,0,0
725580,0.18892546544218675,0,0,0,0,0
736389,0.02811426853182219,0,0,0,1,1
237094,0.018894636605669073,0,0,0,1,1
719383,0.06359263882538352,0,0,0,1,1
252419,0.03144974602069234,0,0,0,1,1
471662,0.029636720523186253,0,0,0,1,1
345841,0.030954415061817467,0,0,0,1,1
266953,0.1612698215420699,0,0,0,0,0
760176,0.021212415218255502,0,0,0,1,1
612510,0.025590191016956674,0,0,0,1,1
189707,0.11679190790955922,0,0,0,1,1
142511,0.13081620133189634,0,0,0,1,1
248593,0.024337231637079976,0,0,0,1,1
419570,0.02523063792114342,0,0,0,1,1
279221,0.025067744103002835,0,0,0,1,1
650621,0.021444858235096714,0,0,0,1,1
967032,0.09948096106210623,0,0,0,1,1
209675,0.027760553792208802,0,0,0,1,1
888649,0.02846542733024464,0,0,0,1,1
466754,0.1465466275737454,0,0,0,0,1
994763,0.03738799243000666,0,0,0,1,1
789444,0.023156384214005014,0,0,0,1,1
615054,0.025996847866901016,1,1,0,1,1
324066,0.18892546544218675,0,0,0,0,0
834550,0.032365926063820126,0,0,0,1,1
335671,0.028503101662182166,0,0,0,1,1
997741,0.11118011060615063,0,0,0,1,1
322451,0.03316624102793534,0,0,0,1,1
967150,0.023815512869523957,0,0,0,1,1
486956,0.024876215904932157,0,0,0,1,1
288451,0.7437846052583073,1,1,0,1,1
598799,0.031244724740381265,0,0,0,1,1
420508,0.021432493358031084,0,0,0,1,1
355775,0.020212731901420086,0,0,0,1,1
394196,0.1957858119165765,1,1,0,0,0
718029,0.01652463546759127,0,0,0,1,1
518061,0.02691611455000891,0,0,0,1,1
899871,0.028581422586306197,0,0,0,1,1
995333,0.02945999593714588,0,0,0,1,1
455866,0.011032851920485542,0,0,0,1,1
663719,0.03479796558023153,0,0,0,1,1
704967,0.035867587058351774,0,0,0,1,1
546796,0.027135954425054114,0,0,0,1,1
169253,0.170558790496394,0,0,0,0,0
459737,0.02221197962793047,0,0,0,1,1
831424,0.12306777388363063,0,0,0,1,1
598364,0.03154491737432447,0,0,0,1,1
351367,0.03158499781965589,0,0,0,1,1
526822,0.031377629081070106,0,0,0,1,1
504403,0.03193989702517086,0,0,0,1,1
945485,0.009450446447854633,0,0,0,1,1
373374,0.02266495960158425,0,0,0,1,1
655039,0.1768976592908228,0,0,0,0,0
842641,0.022070698406141176,0,0,0,1,1
205698,0.029632275133580105,0,0,0,1,1
348202,0.03041696408964844,0,0,0,1,1
709869,0.16555707566142222,0,0,0,0,0
339151,0.04305654930386711,0,0,0,1,1
438822,0.026691732819989347,0,0,0,1,1
844125,0.06966649765739043,0,0,0,1,1
298817,0.03846876889132254,0,0,0,1,1
273052,0.13043315563081667,0,0,0,1,1
975298,0.021054492701889825,0,0,0,1,1
618226,0.1621144729393403,0,0,0,0,0
875796,0.08870672308642093,0,0,0,1,1
870574,0.1185579940746433,0,0,0,1,1
644251,0.02392015080484852,0,0,0,1,1
369569,0.021744669270096748,0,0,0,1,1
300867,0.1957858119165765,0,0,0,0,0
244865,0.1552068053269975,0,0,0,1,1
379629,0.01901467611908196,0,0,0,1,1
332387,0.02922835265416362,0,0,0,1,1
428452,0.5553806383925539,0,0,0,0,0
167795,0.02584772602181612,0,0,0,1,1
182272,0.025474624824163655,0,0,0,1,1
262613,0.02065041094074621,0,0,0,1,1
293212,0.033844822046186385,0,0,0,1,1
567227,0.03402924803738827,0,0,0,1,1
665890,0.02807820664850092,0,0,0,1,1
204763,0.028226968689099418,0,0,0,1,1
691259,0.24323061149657282,0,0,0,1,0
205170,0.028869935495301924,0,0,0,1,1
462337,0.15719395363155833,1,1,0,1,1
677435,0.0239821919401016,0,0,0,1,1
499132,0.027336585927724096,0,0,0,1,1
482777,0.17103640901288902,0,0,0,0,0
818597,0.02488920971326904,0,0,0,1,1
498632,0.03228741089655201,0,0,0,1,1
422152,0.031234042204685255,0,0,0,1,1
644652,0.030587893766362218,0,0,0,1,1
182749,0.009957061156697334,0,0,0,1,1
209021,0.12787336481956824,0,0,0,1,1
906848,0.025232197163097898,0,0,0,1,1
593277,0.18892546544218675,0,0,0,0,1
100364,0.030931779947684052,0,0,0,1,1
392402,0.025640470915078765,0,0,0,1,1
504545,0.17161617550677596,0,0,0,0,0
909020,0.20047189717614639,0,0,0,1,1
171264,0.02504505286293755,0,0,0,1,1
273213,0.026876054733302603,0,0,0,1,1
714825,0.023855866304987917,0,0,0,1,1
363314,0.009541793519571554,0,0,0,1,1
377288,0.023685420013926484,0,0,0,1,1
487799,0.17112238262404106,0,0,0,0,0
128007,0.02753786224270365,0,0,0,1,1
751628,0.03326482234114129,0,0,0,1,1
359466,0.08490969901634243,0,0,0,1,1
278822,0.028938014833189665,0,0,0,1,1
260452,0.011925067496863406,0,0,0,1,1
694828,0.009750932497730552,0,0,0,1,1
921130,0.008201723752036004,0,0,0,1,1
926609,0.00957233782334137,0,0,0,1,1
397787,0.1768976592908228,1,1,0,0,1
856483,0.1957858119165765,0,0,0,0,0
653015,0.02249518492271195,0,0,0,1,1
677335,0.2462439858563222,0,0,0,0,0
437737,0.028060680464215275,0,0,0,1,1
797398,0.11615546147353646,0,0,0,1,0
525129,0.020360275179793854,0,0,0,1,1
418910,0.022339493873623967,0,0,0,1,1
430413,0.028307039167444318,0,0,0,1,1
193665,0.1669020682703844,0,0,0,1,1
659454,0.18794584822919977,1,0,1,0,0
732009,0.02658784934169374,0,0,0,1,1
792695,0.0292794932685853,0,0,0,1,1
851986,0.020917997959190967,0,0,0,1,1
298869,0.025067701072728054,0,0,0,1,1
770702,0.16555707566142222,0,0,0,0,0
641642,0.1527361951047443,0,0,0,1,1
724979,0.03206213382804231,1,1,0,1,1
272672,0.0216634058515624,0,0,0,1,1
256821,0.18751109398711777,1,1,0,0,1
930489,0.022957889355743437,0,0,0,1,1
302186,0.02576314007508312,0,0,0,1,1
313437,0.040867361641544,0,0,0,1,1
476371,0.1779859095525094,0,0,0,0,0
378827,0.023481860452843718,0,0,0,1,1
996349,0.023774223198452835,0,0,0,1,1
176166,0.04227961362778185,0,0,0,1,1
982059,0.02163277529488284,0,0,0,1,1
300870,0.011202531050402307,0,0,0,1,1
127241,0.18892546544218675,0,0,0,0,0
800499,0.1612698215420699,0,0,0,0,0
166938,0.2186383204686766,0,0,0,1,1
840667,0.029712045250255746,1,1,0,1,1
515667,0.033944611045738905,0,0,0,1,1
534805,0.18892546544218675,0,0,0,0,0
581260,0.011814758228757341,0,0,0,1,1
428843,0.022641720790619557,0,0,0,1,1
562588,0.17540035450611652,0,0,0,1,1
148216,0.143545778627961,0,0,0,0,1
741031,0.02872074397154519,0,0,0,1,1
486933,0.11276712100254371,0,0,0,1,1
495942,0.02141534418246816,0,0,0,1,1
877346,0.1852451792564548,0,0,0,0,0
989134,0.02314350898136847,0,0,0,1,1
533157,0.025098305602256475,1,1,0,1,1
745729,0.14167541872533726,0,0,0,1,1
841296,0.7095530590204142,1,0,1,1,1
366894,0.028617500041385968,0,0,0,1,1
747759,0.061271494462446,0,0,0,1,1
701485,0.02687878235392935,0,0,0,1,1
937127,0.014174982546258085,0,0,0,1,1
582843,0.1768976592908228,0,0,0,0,0
561520,0.03429801789834362,0,0,0,1,1
998061,0.16555707566142222,0,0,0,0,0
475313,0.1957858119165765,1,0,1,0,0
687199,0.014526793125851731,0,0,0,1,1
598706,0.02624495981251518,1,1,0,1,1
892068,0.030317221241887442,0,0,0,1,1
409603,0.13061288399169976,0,0,0,1,1
407411,0.02629057044555168,0,0,0,1,1
943425,0.17161617550677596,0,0,0,0,0
214995,0.056411602911935255,0,0,0,1,1
847312,0.1953498012712196,1,1,0,0,0
304131,0.022637211874433256,0,0,0,1,1
346925,0.02418628503757526,0,0,0,1,1
831545,0.14872376762954576,0,0,0,0,0
557138,0.20827979987367803,0,0,0,0,0
451391,0.026341991565013802,0,0,0,1,1
412480,0.1779859095525094,0,0,0,0,0
482402,0.024089604364282657,0,0,0,1,1
715817,0.03386732907404059,0,0,0,1,1
238796,0.09397349334854171,0,0,0,1,1
154868,0.16291063479027712,0,0,0,0,0
766886,0.02499516151678178,0,0,0,1,1
724414,0.02862681492884201,0,0,0,1,1
341867,0.017350195816262272,0,0,0,1,1
746807,0.021495167213146944,0,0,0,1,1
807570,0.03096152826499901,0,0,0,1,1
617008,0.011775873788429928,0,0,0,1,1
394213,0.04436999168612605,1,0,1,1,1
863019,0.0216634058515624,0,0,0,1,1
516519,0.20827979987367803,0,0,0,0,0
771880,0.15632753376175132,0,0,0,0,0
906262,0.00890430774309003,0,0,0,1,1
916713,0.2777412402606384,0,0,0,1,0
290395,0.023195511861026943,0,0,0,1,1
800433,0.08739299962250456,0,0,0,1,1
637687,0.029335275538380723,0,0,0,1,1
168302,0.16555707566142222,0,0,0,0,0
230840,0.024421215102326716,0,0,0,1,1
375451,0.1768976592908228,0,0,0,0,0
665773,0.1768976592908228,0,0,0,0,0
197113,0.022968561926542196,0,0,0,1,1
715555,0.15297268635042818,1,1,0,1,1
249833,0.1768976592908228,0,0,0,0,0
667341,0.02567810789957587,0,0,0,1,1
487359,0.18129624315808193,0,0,0,1,1
460934,0.026341991565013802,0,0,0,1,1
491773,0.028246945250249147,0,0,0,1,1
841369,0.023949388735142685,0,0,0,1,1
381651,0.03263526609245652,0,0,0,1,1
450735,0.1919341078047881,1,1,0,0,0
607453,0.020612371585923713,0,0,0,1,1
943997,0.1768976592908228,0,0,0,0,1
351029,0.018984730169483058,0,0,0,1,1
386986,0.012294688247173894,0,0,0,1,1
817135,0.18892546544218675,0,0,0,0,0
115505,0.19302260642449337,0,0,0,0,0
346598,0.16047232391517835,0,0,0,0,1
285485,0.17161617550677596,0,0,0,0,1
969165,0.2127593893498472,0,0,0,0,0
428020,0.029613442340018784,0,0,0,1,1
432298,0.040399674168530776,0,0,0,1,1
375105,0.024818657912882888,0,0,0,1,1
658861,0.010359192885593352,0,0,0,1,1
556649,0.009977222477840293,0,0,0,1,1
583003,0.05613530282101546,0,0,0,1,1
430398,0.19302260642449337,0,0,0,0,0
327688,0.028863828697176474,0,0,0,1,1
519796,0.030812818421404684,0,0,0,1,1
560714,0.0293054379672883,0,0,0,1,1
215260,0.15688214395873368,0,0,0,0,1
720146,0.1621563466791905,0,0,0,1,0
757691,0.028438352280943362,0,0,0,1,1
854709,0.021042923292172225,0,0,0,1,1
935235,0.00943601220299649,0,0,0,1,1
339819,0.011042474157780459,0,0,0,1,1
910028,0.9624069385083862,1,0,1,0,1
257463,0.1465466275737454,1,1,0,0,1
468220,0.021912096981137424,0,0,0,1,1
923766,0.1768976592908228,1,0,1,0,0
498897,0.18892546544218675,0,0,0,0,1
425567,0.012122926082826075,0,0,0,1,1
921278,0.03503221928032135,0,0,0,1,1
284866,0.029930777555985735,0,0,0,1,1
764889,0.13550139583331933,0,0,0,1,1
172757,0.0201831756717944,0,0,0,1,1
901550,0.11272375364904486,0,0,0,1,1
944124,0.023635962959364563,0,0,0,1,1
535539,0.03206149329296531,0,0,0,1,1
151010,0.1957858119165765,0,0,0,0,0
369638,0.1957858119165765,1,0,1,0,0
261109,0.015002397773360958,0,0,0,1,1
332276,0.027659314546410584,0,0,0,1,1
481076,0.09828668106284873,0,0,0,1,1
404011,0.010476998084093605,0,0,0,1,1
438199,0.09355383570421301,0,0,0,1,1
159533,0.18892546544218675,0,0,0,0,0
777544,0.17174854564791228,0,0,0,0,0
912539,0.11265505965087139,0,0,0,1,1
541040,0.10281480439669341,1,1,0,1,1
142925,0.21130667819460228,0,0,0,0,0
510224,0.024101284029179874,0,0,0,1,1
677606,0.030550359117869446,0,0,0,1,1
678933,0.11361792600830362,0,0,0,1,0
684386,0.008177549369948944,0,0,0,1,1
349767,0.028715621318344525,0,0,0,1,1
148486,0.07909652221034401,0,0,0,1,1
180380,0.02070004300255762,0,0,0,1,1
151399,0.011320159342959503,0,0,0,1,1
208634,0.020891239073193443,0,0,0,1,1
661487,0.11828628111314807,0,0,0,1,1
892723,0.018235364856399268,0,0,0,1,1
201292,0.04692331194820715,0,0,0,1,1
259789,0.1953498012712196,0,0,0,0,0
473563,0.1673331098526895,0,0,0,0,0
257880,0.04641086281139007,0,0,0,1,1
478127,0.02687827248284864,0,0,0,1,1
338803,0.16555707566142222,0,0,0,0,0
136089,0.031196882535480742,0,0,0,1,1
246117,0.1499928518888076,0,0,0,0,0
179585,0.02777839282091347,0,0,0,1,1
255994,0.18658376508130395,1,1,0,0,0
289116,0.22281501033613754,0,0,0,0,0
708458,0.22281501033613754,0,0,0,0,0
777418,0.16555707566142222,1,1,0,0,1
876083,0.026703807221946017,0,0,0,1,1
210442,0.16123422560367096,1,1,0,0,0
334574,0.9648035913462033,1,0,1,0,1
457947,0.15461147456543625,0,0,0,0,0
969653,0.0205714974510531,1,1,0,1,1
787322,0.170558790496394,1,0,1,0,0
702677,0.02247901049227518,0,0,0,1,1
432215,0.014509439763395832,0,0,0,1,1
330515,0.017906054395904474,0,0,0,1,1
664759,0.2245646115685605,0,0,0,1,1
693238,0.028765128744012665,0,0,0,1,1
233991,0.013063479214891144,0,0,0,1,1
142950,0.01148676215976916,0,0,0,1,1
579283,0.02627287921311514,0,0,0,1,1
981201,0.021099452655630412,0,0,0,1,1
874937,0.15461147456543625,1,0,1,0,0
448147,0.023906859098010474,0,0,0,1,1
194200,0.028767786338738954,0,0,0,1,1
652741,0.16494899010239208,0,0,0,0,0
776736,0.03446513324763002,0,0,0,1,1
741700,0.011787953192257793,0,0,0,1,1
380526,0.03198176462651862,0,0,0,1,1
893909,0.09739411120591791,0,0,0,1,0
394167,0.024456354549474264,0,0,0,1,1
340467,0.013629432357075505,0,0,0,1,1
374440,0.02235696563204459,0,0,0,1,1
787651,0.1768976592908228,1,0,1,0,0
828959,0.021350362663686107,0,0,0,1,1
526765,0.03744689425268603,0,0,0,1,1
874161,0.18968394031631955,0,0,0,0,0
729762,0.2396640854419633,0,0,0,0,0
545567,0.01968741686652055,0,0,0,1,1
289516,0.017119632723121673,0,0,0,1,1
772532,0.16610745007874064,0,0,0,0,0
686555,0.023648899823139263,0,0,0,1,1
491948,0.16143326393180965,0,0,0,1,1
914316,0.026192078373524195,0,0,0,1,1
453135,0.024542389446956882,1,1,0,1,1
639626,0.1768976592908228,0,0,0,0,0
800357,0.040457490499076786,0,0,0,1,1
901758,0.025038655998115632,0,0,0,1,1
362855,0.029735756223720412,0,0,0,1,1
517729,0.04372565221394548,0,0,0,1,1
588657,0.025223476145108673,0,0,0,1,1
275849,0.009696899477149521,0,0,0,1,1
760975,0.029812345601350602,0,0,0,1,1
908728,0.023530833378912878,0,0,0,1,1
332082,0.03254817552392865,0,0,0,1,1
738332,0.03533957259906324,0,0,0,1,1
886764,0.13567216184162922,0,0,0,1,1
915439,0.029374542697177975,0,0,0,1,1
993058,0.024990523308350804,0,0,0,1,1
200960,0.02182421917328517,0,0,0,1,1
744860,0.56433988908161,1,1,1,1,1
656487,0.17797227687557704,0,0,0,1,0
441155,0.02214990012380848,0,0,0,1,1
680581,0.010243625774496194,0,0,0,1,1
114219,0.03618108517230096,0,0,0,1,1
606712,0.028345509145170894,1,1,0,1,1
793125,0.10689032127231117,0,0,0,1,1
997008,0.9659984677160494,1,0,1,0,1
132337,0.03020557064636268,0,0,0,1,1
280796,0.02872074397154519,0,0,0,1,1
564909,0.03395051763192848,0,0,0,1,1
210770,0.023008720809822605,0,0,0,1,1
741842,0.02938861752328286,0,0,0,1,1
928188,0.9659984677160494,1,0,1,0,1
674923,0.09068116417690879,0,0,0,1,0
336143,0.01554662769931907,0,0,0,1,1
801176,0.020917997959190967,0,0,0,1,1
379281,0.10431813529231464,0,0,0,1,1
682707,0.03179733840432207,0,0,0,1,1
924634,0.024926703570568007,0,0,0,1,1
750955,0.029615435139729848,0,0,0,1,1
811140,0.16047232391517835,0,0,0,0,0
285909,0.16008003523495856,0,0,0,0,0
565841,0.16610745007874064,0,0,0,0,0
870203,0.03275682380798461,0,0,0,1,1
967035,0.023715520329380464,0,0,0,1,1
359446,0.026342212433041207,0,0,0,1,1
576871,0.029360717900834606,0,0,0,1,1
821010,0.034636076456843884,0,0,0,1,1
720465,0.01389541364730554,0,0,0,1,1
122946,0.02441932127560857,0,0,0,1,1
474752,0.025223476145108673,0,0,0,1,1
888297,0.03637694143748187,0,0,0,1,1
286989,0.01665124129261689,0,0,0,1,1
857912,0.2478039619863637,1,1,0,0,0
363483,0.17161617550677596,1,0,1,0,0
689440,0.170558790496394,0,0,0,0,1
154782,0.1499928518888076,0,0,0,0,0
830223,0.031561218730796974,0,0,0,1,1
525188,0.02849680738620359,0,0,0,1,1
137944,0.11194308127968224,0,0,0,1,0
197578,0.024732799766361255,0,0,0,1,1
820454,0.0288667641973311,0,0,0,1,1
472695,0.03206210070850289,0,0,0,1,1
644390,0.010480288144233359,0,0,0,1,1
878388,0.021665276506794312,0,0,0,1,1
837526,0.16555707566142222,1,1,0,0,0
138908,0.025490369826483648,0,0,0,1,1
597023,0.029962561041531673,0,0,0,1,1
226847,0.9648035913462033,1,0,1,0,1
199493,0.9648035913462033,1,0,1,0,1
618379,0.01454265564089481,0,0,0,1,1
125059,0.18892546544218675,0,0,0,0,0
254860,0.03159785151945539,0,0,0,1,1
405418,0.021734818222484173,0,0,0,1,1
936440,0.09791679563691023,0,0,0,1,1
404233,0.02380386708779672,0,0,0,1,1
256198,0.1852451792564548,0,0,0,0,0
110170,0.1622409496383789,0,0,0,0,0
159942,0.8268437950777088,1,0,1,1,1
671639,0.03978307357022124,0,0,0,1,1
873498,0.031224351892968356,0,0,0,1,1
230240,0.020724052347313986,0,0,0,1,1
319012,0.11070818183232257,0,0,0,1,1
205371,0.0338552845814526,0,0,0,1,1
618886,0.02155232149714163,0,0,0,1,1
140674,0.025504776813911337,0,0,0,1,1
731238,0.017940949643171496,0,0,0,1,1
233768,0.027002709024074607,0,0,0,1,1
461540,0.1979827190964447,1,1,0,0,1
721364,0.963680115484807,1,0,1,0,1
918964,0.16110424562574382,0,0,0,0,0
950393,0.09885766529143174,0,0,0,1,1
773973,0.027187957669648707,0,0,0,1,1
301784,0.020545253226676226,0,0,0,1,1
792898,0.040788413323504365,0,0,0,1,1
441442,0.00924002787998781,0,0,0,1,1
427444,0.15632753376175132,0,0,0,0,0
223643,0.1768976592908228,0,0,0,0,0
229621,0.0386654191267775,0,0,0,1,1
159751,0.0322834528687501,0,0,0,1,1
618731,0.03303993600769613,0,0,0,1,1
635162,0.009743903478581718,0,0,0,1,1
321795,0.021212415218255502,0,0,0,1,1
891931,0.204853816712556,0,0,0,0,0
336809,0.013903466488091413,0,0,0,1,1
835009,0.022442576826172903,0,0,0,1,1
663062,0.04071951511951433,0,0,0,1,1
739820,0.008294302223424654,0,0,0,1,1
254371,0.027275408274554346,0,0,0,1,1
218545,0.021054492701889825,0,0,0,1,1
572015,0.02597486023251272,0,0,0,1,1
168887,0.15648911617086683,0,0,0,0,0
699962,0.030876415123390302,0,0,0,1,1
456128,0.20015124108910837,0,0,0,0,0
947711,0.022381920253152835,0,0,0,1,1
170321,0.031652077917567654,0,0,0,1,1
278054,0.9659984677160494,1,0,1,0,1
723912,0.20927919904776876,0,0,0,0,0
895921,0.022678971297312178,0,0,0,1,1
386607,0.021158789559044995,0,0,0,1,1
618089,0.17402819904776057,0,0,0,0,1
218122,0.024790115229652184,0,0,0,1,1
498932,0.033060090702309385,0,0,0,1,1
533302,0.010294856990719796,0,0,0,1,1
255740,0.1001432308540889,0,0,0,1,1
855383,0.0208256343546555,0,0,0,1,1
103699,0.16047232391517835,0,0,0,0,0
297172,0.10829513080030542,0,0,0,1,1
798817,0.018467841879346705,0,0,0,1,1
810833,0.010936686950295144,0,0,0,1,1
615945,0.15461147456543625,0,0,0,0,0
483154,0.036135642984350784,0,0,0,1,1
305412,0.02720599763812795,0,0,0,1,1
716785,0.02428939052712447,0,0,0,1,1
235459,0.02134446025044045,0,0,0,1,1
825517,0.01145277558452075,0,0,0,1,1
915147,0.026120226060514687,0,0,0,1,1
707699,0.028844020895628795,0,0,0,1,1
978484,0.03328577399691086,0,0,0,1,1
301744,0.020427665893241097,0,0,0,1,1
955533,0.16555707566142222,0,0,0,0,0
730737,0.0313457775484094,0,0,0,1,1
828328,0.1499928518888076,1,0,1,0,0
783791,0.03369587499826422,0,0,0,1,1
592064,0.12963804610805216,0,0,0,1,1
376863,0.011737064817441944,0,0,0,1,1
423821,0.02480474547316192,0,0,0,1,1
964789,0.026636203410408874,0,0,0,1,1
639705,0.026617535566650335,0,0,0,1,1
781062,0.030365024007107052,0,0,0,1,1
564305,0.20927919904776876,0,0,0,0,0
738652,0.02778091568033785,0,0,0,1,1
123164,0.027202196613700557,0,0,0,1,1
389804,0.03248131184607935,0,0,0,1,1
532203,0.033381338004866756,0,0,0,1,1
581427,0.028382225297105587,0,0,0,1,1
645895,0.009749285531593715,0,0,0,1,1
409951,0.03126082734660534,0,0,0,1,1
507838,0.029734790002931458,0,0,0,1,1
614871,0.21130667819460228,0,0,0,0,0
509686,0.025060646073213063,0,0,0,1,1
601834,0.0216634058515624,0,0,0,1,1
381316,0.019707426130142723,0,0,0,1,1
794523,0.022196687194894125,0,0,0,1,1
296887,0.01694323446904924,0,0,0,1,1
935110,0.1414838710712986,0,0,0,0,0
541358,0.04711016124768393,0,0,0,1,1
861669,0.04366050550428246,1,1,0,1,1
558686,0.023903806603426735,0,0,0,1,1
659011,0.011368287969472705,0,0,0,1,1
201256,0.019601899897984797,0,0,0,1,1
537132,0.021528481809257517,0,0,0,1,1
470989,0.03521481773326946,0,0,0,1,1
858266,0.023549955519722686,0,0,0,1,1
479724,0.028144740579559513,0,0,0,1,1
734791,0.20927919904776876,0,0,0,0,0
759518,0.050570107283339626,0,0,0,1,1
121710,0.03503587932511463,0,0,0,1,1
489534,0.010108840386330704,0,0,0,1,1
709656,0.2396640854419633,0,0,0,0,0
620078,0.2730862830987383,0,0,0,0,0
678460,0.022621711841462517,0,0,0,1,1
745811,0.027773343203533037,0,0,0,1,1
870045,0.02219581954125348,0,0,0,1,1
166829,0.1016673675298262,0,0,0,1,1
508795,0.18892546544218675,0,0,0,0,0
327638,0.17867211999938387,0,0,0,0,0
899592,0.02838657251213292,0,0,0,1,1
179075,0.01691047505013329,0,0,0,1,1
546163,0.20682871742190695,0,0,0,0,0
345908,0.07620366166955359,0,0,0,1,1
312867,0.01828181672514935,0,0,0,1,1
927026,0.038655501248034685,0,0,0,1,1
834453,0.009689212527552936,0,0,0,1,1
766262,0.1768976592908228,0,0,0,0,0
270304,0.019332292952372456,0,0,0,1,1
136470,0.15441261289174638,1,1,0,1,1
309110,0.025076588959057396,0,0,0,1,1
446886,0.193974871546166,1,1,0,1,1
571760,0.011749043616422136,0,0,0,1,1
148865,0.1852451792564548,0,0,0,0,1
952322,0.030998700312834047,0,0,0,1,1
954718,0.19141446158385483,0,0,0,1,0
428305,0.023949388735142685,0,0,0,1,1
172444,0.028294676324637284,0,0,0,1,1
308176,0.02566949648554308,0,0,0,1,1
782124,0.026552292834324885,0,0,0,1,1
194254,0.023573604349737008,0,0,0,1,1
161769,0.0351466979443136,0,0,0,1,1
793995,0.03947330527410473,0,0,0,1,1
747926,0.021054492701889825,0,0,0,1,1
930562,0.025232197163097898,0,0,0,1,1
326280,0.024981112292978606,0,0,0,1,1
834799,0.013333939111355329,0,0,0,1,1
169697,0.026211016932073766,0,0,0,1,1
263260,0.02085560327770537,0,0,0,1,1
976153,0.02187861393449934,0,0,0,1,1
571603,0.20244188614482456,0,0,0,0,0
663641,0.1957858119165765,1,0,1,0,0
329281,0.1707074202951719,0,0,0,0,0
573505,0.023502031218392807,0,0,0,1,1
197062,0.1957858119165765,0,0,0,0,0
565710,0.09277529713372477,0,0,0,1,1
905288,0.1779859095525094,1,0,1,0,0
257820,0.170558790496394,0,0,0,0,0
146099,0.15809045706309446,0,0,0,0,0
771976,0.16555707566142222,0,0,0,0,0
698932,0.03459535867294613,1,1,0,1,1
170311,0.02163999318517237,0,0,0,1,1
897904,0.019573304562324343,0,0,0,1,1
108857,0.7230907396841135,1,1,0,1,1
713299,0.2127593893498472,0,0,0,0,0
410558,0.02597986768292926,0,0,0,1,1
590752,0.025328493217947397,0,0,0,1,1
389551,0.03231744885619102,0,0,0,1,1
430265,0.10383033939698215,0,0,0,1,1
403507,0.023935763105191278,0,0,0,1,1
974441,0.15516387791540148,1,1,0,1,1
415088,0.17174854564791228,0,0,0,0,1
466813,0.3316564962875146,1,1,0,1,1
824906,0.02960308820447497,0,0,0,1,1
183755,0.02455872374373583,0,0,0,1,1
695878,0.025834032804858492,0,0,0,1,1
770968,0.023038304517564754,0,0,0,1,1
279654,0.13812433308356958,0,0,0,1,0
631557,0.01918753363414722,0,0,0,1,1
992168,0.015265623397528454,0,0,0,1,1
595169,0.012500471385319826,0,0,0,1,1
750384,0.02646227449594947,0,0,0,1,1
510502,0.03848497506461501,0,0,0,1,1
241436,0.022931006889226866,0,0,0,1,1
523272,0.030587893766362218,0,0,0,1,1
767907,0.036366792840833106,0,0,0,1,1
889697,0.03119387590242135,0,0,0,1,1
408134,0.1957858119165765,0,0,0,0,0
984055,0.22025018302166055,0,0,0,0,0
883468,0.034117201021767796,1,1,1,1,1
678217,0.18892546544218675,0,0,0,0,0
186668,0.018573857868854043,0,0,0,1,1
491005,0.01929144568229055,0,0,0,1,1
266474,0.03904259410445736,0,0,0,1,1
922347,0.15874901407061084,0,0,0,0,0
368330,0.029923844125772134,0,0,0,1,1
629753,0.0480453478029485,0,0,0,1,1
409798,0.023214779195907094,0,0,0,1,1
949952,0.013226340992432457,0,0,0,1,1
210339,0.0320834061585325,0,0,0,1,1
557872,0.03326879913367026,0,0,0,1,1
343706,0.022034458552151914,0,0,0,1,1
244419,0.2127593893498472,0,0,0,0,0
901887,0.1514747916163276,0,0,0,0,0
937250,0.030216651311405152,0,0,0,1,1
871445,0.03199007160714272,0,0,0,1,1
681250,0.048288320890223405,0,0,0,1,1
418930,0.030426181321864917,0,0,0,1,1
412024,0.023214729753420475,0,0,0,1,1
905634,0.02927483833301271,1,1,0,1,1
299760,0.015931551527235913,0,0,0,1,1
182534,0.06407844085481824,0,0,0,1,1
996333,0.010175771873719573,0,0,0,1,1
710515,0.2127593893498472,0,0,0,0,0
617099,0.020917997959190967,0,0,0,1,1
274211,0.024156490660628485,0,0,0,1,1
318753,0.1680085686837024,0,0,0,1,1
618830,0.03040383782831372,0,0,0,1,1
429894,0.03414633819015331,0,0,0,1,1
253619,0.03329077100678609,0,0,0,1,1
147408,0.17174854564791228,0,0,0,0,0
633631,0.07283035748811681,0,0,0,1,1
196892,0.02965903243338874,0,0,0,1,1
215869,0.02538163955118989,0,0,0,1,1
241600,0.03310641361462243,0,0,0,1,1
665467,0.04192952372161325,0,0,0,1,1
494263,0.02447895191531188,0,0,0,1,1
860017,0.014007742592403694,0,0,0,1,1
275531,0.1414838710712986,0,0,0,0,1
967500,0.16527112379687955,0,0,0,0,0
366467,0.02141534418246816,0,0,0,1,1
995868,0.21130667819460228,0,0,0,0,0
278045,0.17174854564791228,0,0,0,0,0
359816,0.026689241016480965,0,0,0,1,1
432255,0.011405861798341682,0,0,0,1,1
235716,0.02580354812147559,0,0,0,1,1
241854,0.16902318110777226,1,0,1,0,0
533638,0.030587893766362218,0,0,0,1,1
750152,0.01941699898547147,0,0,0,1,1
972636,0.03562938875726748,0,0,0,1,1
938516,0.022854369981173548,0,0,0,1,1
625945,0.05174574169133654,0,0,0,1,1
538760,0.16555707566142222,0,0,0,0,1
897835,0.02629317399400841,0,0,0,1,1
509669,0.2967544652487776,0,0,0,0,0
464970,0.12670482773312575,0,0,0,1,1
529140,0.026012419737785213,0,0,0,1,1
524968,0.16494899010239208,1,1,0,0,0
698242,0.014336800960604065,0,0,0,1,1
250540,0.17867211999938387,0,0,0,0,0
442014,0.022236097153477265,0,0,0,1,1
859196,0.17174854564791228,1,0,1,0,0
444050,0.15461147456543625,1,0,1,0,0
746385,0.15461147456543625,0,0,0,0,0
381395,0.05086856193085681,0,0,0,1,1
740603,0.13512184072487116,0,0,0,1,1
464720,0.029443687137696548,0,0,0,1,1
230337,0.1957858119165765,0,0,0,0,1
441356,0.10169978563294042,0,0,0,1,1
971609,0.170558790496394,0,0,0,0,0
770727,0.3438964737338038,1,1,0,1,1
651622,0.026843342128943338,0,0,0,1,1
858294,0.023256058807473702,0,0,0,1,1
465197,0.013008265724015455,0,0,0,1,1
105992,0.028614873190197725,0,0,0,1,1
469404,0.02727552618005833,0,0,0,1,1
660457,0.02455387140969757,0,0,0,1,1
333451,0.04572612989971608,0,0,0,1,1
823789,0.03959052754177239,0,0,0,1,1
722324,0.019594611575168973,0,0,0,1,1
227234,0.06436611409338953,0,0,0,1,1
967738,0.9659984677160494,1,0,1,0,1
266479,0.1510779941014062,0,0,0,0,1
398655,0.17112238262404106,0,0,0,0,0
775573,0.024300610638029234,0,0,0,1,1
948747,0.011944932670238634,0,0,0,1,1
814490,0.1147995051171595,0,0,0,1,1
137852,0.18850115163670134,0,0,0,0,0
381459,0.009286269951733993,0,0,0,1,1
871972,0.018213180881433005,0,0,0,1,1
176480,0.11557837371112367,0,0,0,1,1
433752,0.1465466275737454,0,0,0,0,1
709566,0.02635515625462288,0,0,0,1,1
916003,0.17174854564791228,1,0,1,0,0
216109,0.02060647926842203,0,0,0,1,1
113529,0.1957858119165765,0,0,0,0,0
445146,0.18303697686753168,0,0,0,0,0
406369,0.1612698215420699,0,0,0,0,0
528160,0.020584981462907426,0,0,0,1,1
497201,0.028649729676320644,0,0,0,1,1
518582,0.02577783850171451,0,0,0,1,1
708566,0.018251562455261227,0,0,0,1,1
168349,0.01882721450338321,0,0,0,1,1
128749,0.18892546544218675,0,0,0,0,0
121068,0.4389409912714623,0,0,0,1,0
735266,0.029194685805408738,0,0,0,1,1
943460,0.024852838569829706,0,0,0,1,1
932973,0.037216956160177304,0,0,0,1,1
185509,0.034320312439157445,0,0,0,1,1
255108,0.022855982339051246,0,0,0,1,1
395384,0.14214826837466615,0,0,0,1,1
650721,0.08235854262062096,0,0,0,1,1
996231,0.16494899010239208,1,0,1,0,0
948117,0.028093655411778183,0,0,0,1,1
595028,0.02508790223729632,0,0,0,1,1
963016,0.010171913945514803,0,0,0,1,1
129914,0.024949922344648982,0,0,0,1,1
400486,0.026771013846463108,0,0,0,1,1
878653,0.024757596721474776,0,0,0,1,1
323154,0.029949056000098544,0,0,0,1,1
466795,0.034051086167738547,0,0,0,1,1
683288,0.044937559669842156,1,1,1,1,1
686220,0.01575639929107854,0,0,0,1,1
831442,0.0285198716213081,0,0,0,1,1
469075,0.02340430011476412,0,0,0,1,1
723715,0.1957858119165765,0,0,0,0,0
249352,0.02022205655187597,0,0,0,1,1
372824,0.024733324440072257,0,0,0,1,1
840184,0.21818237993005124,0,0,0,0,0
128950,0.027895869278612942,0,0,0,1,1
178461,0.02577783850171451,1,1,0,1,1
678967,0.025997170798283353,0,0,0,1,1
854831,0.08636463408316732,0,0,0,1,1
407798,0.044980660369259115,0,0,0,1,1
457552,0.20046670355335322,0,0,0,0,0
844834,0.1953498012712196,0,0,0,0,0
552823,0.12387712923825267,0,0,0,1,1
906826,0.02531192919917295,0,0,0,1,1
817744,0.023635962959364563,0,0,0,1,1
163615,0.02796230705800202,0,0,0,1,1
399065,0.01251685621837792,0,0,0,1,1
612488,0.029735756223720412,0,0,0,1,1
644893,0.13530832284662017,1,1,0,1,1
627670,0.028490346085921305,0,0,0,1,1
712220,0.1414838710712986,0,0,0,0,0
723061,0.03672000476899202,0,0,0,1,1
621218,0.028645982959193118,0,0,0,1,1
265072,0.011143655274582194,0,0,0,1,1
402638,0.1132361946139609,0,0,0,1,1
960913,0.029771885829088962,0,0,0,1,1
796347,0.028199316009805447,0,0,0,1,1
688178,0.023052762781953184,0,0,0,1,1
761600,0.18892546544218675,0,0,0,0,0
237293,0.023289169749625038,0,0,0,1,1
880406,0.022042061837315854,0,0,0,1,1
245356,0.024384851574944275,0,0,0,1,1
362736,0.01042478082708295,0,0,0,1,1
459971,0.026215398323356297,0,0,0,1,1
994541,0.02096455342717238,0,0,0,1,1
517533,0.028117683414639758,0,0,0,1,1
667041,0.027529843538532203,0,0,0,1,1
968090,0.02284502381430308,0,0,0,1,1
897545,0.17174854564791228,0,0,0,0,0
866362,0.11371688351621742,0,0,0,1,0
387584,0.023951771652101207,0,0,0,1,1
384328,0.04241579289015428,0,0,0,1,1
590393,0.1768976592908228,0,0,0,0,0
615989,0.03174101819707671,0,0,0,1,1
351238,0.019707905196205553,0,0,0,1,1
396726,0.022520244775517697,0,0,0,1,1
795174,0.129899966392635,0,0,0,1,0
266326,0.17174854564791228,1,0,1,0,0
553973,0.031504111057323606,0,0,0,1,1
512179,0.017698458965133425,0,0,0,1,1
407032,0.025924422719754193,0,0,0,1,1
151030,0.18850115163670134,0,0,0,0,0
434888,0.028569588691581275,0,0,0,1,1
779082,0.2545325279734939,0,0,0,0,0
172348,0.029716683768947216,0,0,0,1,1
112842,0.025425478195301016,0,0,0,1,1
505204,0.05176628642450429,0,0,0,1,1
491404,0.11155441774467517,0,0,0,1,1
390562,0.16047232391517835,1,0,1,0,0
493894,0.019824094488785964,0,0,0,1,1
527244,0.10197665070752561,0,0,0,1,1
349730,0.03484251512310076,0,0,0,1,1
397533,0.030234954247021266,0,0,0,1,1
767058,0.11401256090407313,0,0,0,1,1
458939,0.02534345113405531,0,0,0,1,1
244538,0.0245145365326274,0,0,0,1,1
681270,0.02960583051745861,0,0,0,1,1
140077,0.09666724293476123,0,0,0,0,0
206680,0.02477161514395459,0,0,0,1,1
475550,0.02826712822567734,0,0,0,1,1
702257,0.02350028126651832,0,0,0,1,1
921357,0.011509499595109557,0,0,0,1,1
941621,0.1285971551328448,1,1,0,1,1
180321,0.14791493253183985,0,0,0,1,1
489856,0.16494899010239208,0,0,0,0,0
445632,0.021054492701889825,0,0,0,1,1
658175,0.10970148190755659,0,0,0,1,1
568814,0.03081843361336404,0,0,0,1,1
692275,0.09835400768311747,0,0,0,1,1
380255,0.02699110049719787,0,0,0,1,1
463490,0.02681806083075418,0,0,0,1,1
827334,0.022471425633457335,0,0,0,1,1
506170,0.011899861472529963,0,0,0,1,1
874842,0.10769361368113906,0,0,0,1,1
519276,0.025380597140236903,0,0,0,1,1
560713,0.025619650899855913,0,0,0,1,1
723672,0.030961129418804714,0,0,0,1,1
438299,0.05101456723520815,0,0,0,1,1
122519,0.17112238262404106,0,0,0,0,0
231090,0.022891283362175625,0,0,0,1,1
236874,0.044565711214505,1,1,0,1,1
504311,0.009541793519571554,0,0,0,1,1
289693,0.14002075190458585,1,0,1,1,0
775185,0.029542390265722234,0,0,0,1,1
206366,0.02402846001245426,0,0,0,1,1
197973,0.17867211999938387,0,0,0,0,0
576354,0.012335498886579614,0,0,0,1,1
590025,0.18892546544218675,0,0,0,0,1
827819,0.024752923133973967,0,0,0,1,1
447943,0.0357701895034547,0,0,0,1,1
595334,0.170558790496394,0,0,0,0,0
358039,0.17174854564791228,0,0,0,0,0
508923,0.009662019564799793,0,0,0,1,1
751616,0.5138044140276442,1,0,1,0,0
565351,0.02041178770273427,0,0,0,1,1
969219,0.1768976592908228,0,0,0,0,0
541008,0.3288108979873574,0,0,0,0,0
312226,0.05785902580799675,0,0,0,1,1
624980,0.022652117223665093,0,0,0,1,1
785738,0.033574678947677246,0,0,0,1,1
898438,0.026271921245956974,0,0,0,1,1
605874,0.1510779941014062,0,0,0,0,1
929282,0.19262738693505052,0,0,0,1,1
424688,0.02895410350301526,0,0,0,1,1
965688,0.041676650718831094,0,0,0,1,1
140823,0.024971890974779767,0,0,0,1,1
795486,0.024876215904932157,0,0,0,1,1
920145,0.054640027669176,0,0,0,1,1
939333,0.16555707566142222,1,0,1,0,0
711363,0.41138145036434515,1,1,0,0,0
839579,0.0973742765120554,0,0,0,1,1
760158,0.3553387480973403,0,0,0,0,0
280879,0.12503478567132897,0,0,0,1,1
304117,0.030136485476436332,0,0,0,1,1
520202,0.07826876180507392,0,0,0,1,1
242377,0.41138145036434515,1,0,1,0,0
972121,0.031007027189187766,0,0,0,1,1
907636,0.01065853643391022,0,0,0,1,1
885497,0.41138145036434515,0,0,0,0,0
962278,0.454252352708037,0,0,0,0,0
378920,0.024383838294091905,1,1,0,1,1
635616,0.0304140765961226,0,0,0,1,1
559879,0.019575923929385675,0,0,0,1,1
555831,0.18259846490712864,1,1,1,1,1
923201,0.041944822290973224,0,0,0,1,1
661708,0.07018341591788263,0,0,0,1,1
134397,0.02417384972917168,0,0,0,1,1
326988,0.031573492827355346,0,0,0,1,1
788354,0.02417989599119311,0,0,0,1,1
324125,0.15674453548306289,0,0,0,1,0
489221,0.008831427250578602,0,0,0,1,1
891696,0.01873898751727358,0,0,0,1,1
475123,0.022731768344845384,0,0,0,1,1
781052,0.022124700657223734,0,0,0,1,1
273478,0.03851837741060122,0,0,0,1,1
834523,0.032802117976344296,0,0,0,1,1
951624,0.021121382491327417,0,0,0,1,1
943553,0.03929661468095577,0,0,0,1,1
106839,0.034520106818302476,0,0,0,1,1
326418,0.023491453889288104,0,0,0,1,1
723820,0.08879924732395159,0,0,0,1,1
446302,0.040842566797850345,0,0,0,1,1
275209,0.03043925304003585,0,0,0,1,1
129976,0.01651390371809223,0,0,0,1,1
197096,0.01747979322490185,0,0,0,1,1
160707,0.025023195261672775,0,0,0,1,1
340604,0.9659984677160494,1,0,1,0,1
502784,0.1557108706827905,0,0,0,0,0
974209,0.01134911324477541,0,0,0,1,1
244611,0.030400630147219013,0,0,0,1,1
931244,0.01128451877650054,0,0,0,1,1
778590,0.012310390297236549,0,0,0,1,1
669810,0.009794172975295026,0,0,0,1,1
485705,0.18892546544218675,1,0,1,0,0
400265,0.02005553615742968,0,0,0,1,1
575070,0.025078596020723466,0,0,0,1,1
734838,0.02504505286293755,1,1,0,1,1
371159,0.025554994628979023,0,0,0,1,1
876254,0.03476452209961195,0,0,0,1,1
233738,0.016656463950782796,0,0,0,1,1
420008,0.027953234905071775,0,0,0,1,1
494536,0.6028691790041827,1,0,1,0,1
132935,0.02479884513192173,0,0,0,1,1
501602,0.03184722987453653,0,0,0,1,1
438869,0.013246273395969559,0,0,0,1,1
493350,0.03462101866211332,0,0,0,1,1
800878,0.037571788098644386,0,0,0,1,1
749112,0.39955404815637524,0,0,0,1,0
966372,0.021054492701889825,0,0,0,1,1
270969,0.1646594826086271,0,0,0,0,0
885723,0.028941594029106617,0,0,0,1,1
372237,0.02490305908861872,0,0,0,1,1
152014,0.03456700179504173,0,0,0,1,1
236794,0.18892546544218675,1,0,1,0,0
851370,0.16555707566142222,1,0,1,0,0
172610,0.31913906728334246,0,0,0,0,0
874184,0.030723356993513938,0,0,0,1,1
805110,0.40073093478415117,0,0,0,0,0
420890,0.1997431677879676,0,0,0,0,0
269297,0.029712045250255746,0,0,0,1,1
414757,0.04120063266040431,0,0,0,1,1
300945,0.12242803771289704,0,0,0,1,0
115749,0.1557108706827905,0,0,0,0,0
325382,0.0223803658872917,0,0,0,1,1
901690,0.021734709836281764,0,0,0,1,1
207220,0.01989673571511484,0,0,0,1,1
490932,0.025082661219766114,0,0,0,1,1
159351,0.01995359673118052,0,0,0,1,1
714757,0.023003203134722948,0,0,0,1,1
296412,0.454252352708037,1,1,0,0,0
755406,0.023872044749279637,0,0,0,1,1
853266,0.1457731543414687,1,0,1,1,0
125919,0.023627701851693144,0,0,0,1,1
360256,0.0965445649215082,0,0,0,1,1
468192,0.023635962959364563,0,0,0,1,1
480502,0.3827551748483519,1,1,0,1,1
700430,0.010798448136197151,0,0,0,1,1
828988,0.024399953763734675,0,0,0,1,1
783928,0.03269373444613733,0,0,0,1,1
288491,0.031038400469945597,0,0,0,1,1
985211,0.03524003640399204,0,0,0,1,1
628924,0.04014209874941052,0,0,0,1,1
157672,0.10781994804302722,0,0,0,1,1
120140,0.025949763640623024,0,0,0,1,1
313837,0.41138145036434515,1,1,0,0,0
888430,0.18129828458089872,0,0,0,0,0
892632,0.029734790002931458,0,0,0,1,1
331992,0.170558790496394,1,0,1,0,0
424917,0.02945511057535915,0,0,0,1,1
570796,0.03146268847437253,0,0,0,1,1
402706,0.041864242853778544,0,0,0,1,1
557458,0.02564022205764321,0,0,0,1,1
410218,0.020503741078528943,0,0,0,1,1
567261,0.03126413201779863,0,0,0,1,1
241455,0.5905229988061044,0,0,0,0,0
580472,0.028121412661294958,0,0,0,1,1
522111,0.029691744052969923,0,0,0,1,1
569720,0.0412808699271111,0,0,0,1,1
277188,0.029318008908061965,0,0,0,1,1
356812,0.02099218191656586,0,0,0,1,1
888115,0.028649729676320644,0,0,0,1,1
873468,0.02334246162689697,0,0,0,1,1
117358,0.1682031491417443,0,0,0,0,0
118379,0.03010750073134225,0,0,0,1,1
229210,0.028045705236588628,0,0,0,1,1
963642,0.038236557356201815,0,0,0,1,1
681822,0.029679484137481348,0,0,0,1,1
193953,0.026256826162592638,0,0,0,1,1
776956,0.3250241393734617,0,0,0,0,0
299501,0.02523063792114342,0,0,0,1,1
627778,0.03362762974189085,0,0,0,1,1
590727,0.17416273710427851,1,1,0,1,1
669501,0.02588041167597359,0,0,0,1,1
939766,0.02700332539391087,0,0,0,1,1
971164,0.024037857719025908,0,0,0,1,1
779435,0.40073093478415117,1,1,0,0,0
441113,0.030827434485261367,0,0,0,1,1
170656,0.025552200534610315,0,0,0,1,1
676371,0.1768976592908228,0,0,0,0,1
244099,0.40073093478415117,0,0,0,0,0
713085,0.029398548657045276,0,0,0,1,1
197509,0.025351753764471272,0,0,0,1,1
264904,0.1957858119165765,0,0,0,0,0
152016,0.3250241393734617,0,0,0,0,0
891810,0.011872579695319314,0,0,0,1,1
361707,0.03616431357931802,0,0,0,1,1
292617,0.022802084664858484,0,0,0,1,1
853608,0.02873450868809688,0,0,0,1,1
871287,0.02813548254908203,0,0,0,1,1
300051,0.011322033566212144,0,0,0,1,1
703505,0.046245382415163634,1,1,0,1,1
201683,0.012374010960437507,0,0,0,1,1
324143,0.03402377625124467,0,0,0,1,1
126219,0.021608000352849488,0,0,0,1,1
668325,0.17203558779155795,0,0,0,1,0
712026,0.028163066377403637,0,0,0,1,1
828918,0.02064582766935805,0,0,0,1,1
928804,0.009930853928578252,0,0,0,1,1
327910,0.02921495060116669,0,0,0,1,1
553530,0.029448965907601928,0,0,0,1,1
971627,0.03658283436860933,0,0,0,1,1
120868,0.026989201652442237,0,0,0,1,1
163388,0.024237645509356136,0,0,0,1,1
280659,0.1257321752894892,0,0,0,1,1
615578,0.013967763411301506,0,0,0,1,1
726735,0.12354625763642298,0,0,0,1,1
473648,0.17174854564791228,0,0,0,0,0
183096,0.025323647997240715,0,0,0,1,1
577151,0.4433278738516081,0,0,0,0,0
239184,0.039973379501332194,0,0,0,1,1
653304,0.3615368961698802,1,1,0,0,0
772381,0.021323257968412068,0,0,0,1,1
319433,0.035292221501427926,0,0,0,1,1
582429,0.03311979875092705,1,1,0,1,1
755362,0.1378902580250712,0,0,0,1,1
553089,0.012219546841243894,0,0,0,1,1
983968,0.035887215621917226,0,0,0,1,1
411204,0.03027224918637739,0,0,0,1,1
347629,0.1926547234106519,0,0,0,1,1
207860,0.2038288843340299,1,1,0,1,1
485933,0.012551986589304323,0,0,0,1,1
548126,0.03133546082010906,0,0,0,1,1
907934,0.01679161826771896,0,0,0,1,1
761694,0.09422007993164119,0,0,0,1,1
728586,0.4433278738516081,0,0,0,0,0
740407,0.17490036616458388,0,0,0,0,0
185561,0.02401515203561672,0,0,0,1,1
495912,0.017694643438409076,0,0,0,1,1
527838,0.028528256493388627,0,0,0,1,1
235709,0.03210052567797743,1,1,0,1,1
777351,0.01703093001403159,0,0,0,1,1
585793,0.024547537555622893,0,0,0,1,1
383147,0.026638586528641938,0,0,0,1,1
475395,0.1509106706744019,1,1,0,1,1
272250,0.33478662501128614,0,0,0,0,0
690776,0.1549385389065937,0,0,0,1,1
193147,0.02684076182345629,0,0,0,1,1
477787,0.18892546544218675,0,0,0,0,0
699739,0.02368478186522055,0,0,0,1,1
102207,0.01079588103178525,0,0,0,1,1
764578,0.018959884624738126,0,0,0,1,1
570469,0.0133143246407042,0,0,0,1,1
559005,0.40073093478415117,0,0,0,0,0
890617,0.027581483118998724,0,0,0,1,1
983199,0.5838778902481893,0,0,0,0,0
663513,0.028330203079849795,0,0,0,1,1
487726,0.03568709257877526,0,0,0,1,1
982501,0.1957858119165765,0,0,0,0,1
747655,0.9648035913462033,1,0,1,0,1
190561,0.016497967163195668,0,0,0,1,1
305150,0.0337477912334059,0,0,0,1,1
918053,0.02749283963132801,0,0,0,1,1
948831,0.025977961049541285,0,0,0,1,1
726684,0.024493903105929825,0,0,0,1,1
590936,0.02660246038893887,0,0,0,1,1
806348,0.03297725050598736,1,1,0,1,1
953341,0.026471573321245064,0,0,0,1,1
682840,0.030956135366257218,0,0,0,1,1
446662,0.16555707566142222,1,0,1,0,0
863809,0.15461147456543625,1,1,0,0,0
190256,0.010873397998148092,0,0,0,1,1
411272,0.18892546544218675,0,0,0,0,0
749566,0.454252352708037,0,0,0,0,0
388624,0.13582177152006358,0,0,0,1,1
367511,0.02927783311456211,0,0,0,1,1
771667,0.03767678432864121,0,0,0,1,1
333595,0.021054492701889825,0,0,0,1,1
891647,0.02875546971578721,0,0,0,1,1
483623,0.02874398040825841,0,0,0,1,1
313477,0.02791662282833217,0,0,0,1,1
399666,0.11492559347580697,0,0,0,1,1
813439,0.02463032901644784,0,0,0,1,1
295533,0.029809440476289126,0,0,0,1,1
829162,0.02811342328953946,0,0,0,1,1
477598,0.024337231637079976,0,0,0,1,1
123773,0.023237921346688534,0,0,0,1,1
352582,0.3287528168222517,0,0,0,0,0
513778,0.027698951674624113,0,0,0,1,1
324662,0.021054492701889825,0,0,0,1,1
394248,0.033159364730357306,0,0,0,1,1
640555,0.010985233762895721,0,0,0,1,1
286370,0.024113827782833733,0,0,0,1,1
902298,0.023589755946905665,0,0,0,1,1
655480,0.022381920253152835,0,0,0,1,1
975944,0.03580073193625673,0,0,0,1,1
500115,0.16555707566142222,0,0,0,0,0
724139,0.024317679778481274,0,0,0,1,1
983713,0.009696434453138222,0,0,0,1,1
918984,0.027469318868079545,0,0,0,1,1
989478,0.023281761331307903,0,0,0,1,1
372737,0.37163478693322105,0,0,0,0,0
861558,0.023741505371714988,0,0,0,1,1
487901,0.022260674771404684,0,0,0,1,1
579684,0.035566160345781625,1,1,0,1,1
142545,0.02431564321468589,0,0,0,1,1
141181,0.037504367094142954,0,0,0,1,1
336127,0.05321372015056515,0,0,0,1,1
796990,0.18623303052523651,0,0,0,1,1
513125,0.02574404874234026,0,0,0,1,1
907015,0.170558790496394,0,0,0,0,0
923336,0.029078440612055445,0,0,0,1,1
915243,0.1871018086774243,1,1,0,1,1
434657,0.04847428571643327,1,1,0,1,1
142749,0.012762621945109987,0,0,0,1,1
102168,0.17867211999938387,0,0,0,0,0
242839,0.9648035913462033,1,0,1,0,1
258408,0.3228325220663167,0,0,0,0,0
775678,0.15839497334269992,0,0,0,0,0
356561,0.019276427761972286,0,0,0,1,1
245929,0.029245840586185245,0,0,0,1,1
932249,0.01228982152588271,0,0,0,1,1
264308,0.027515613584201452,0,0,0,1,1
320414,0.16555707566142222,0,0,0,0,1
395639,0.02974495038198109,0,0,0,1,1
589745,0.015389816866821884,0,0,0,1,1
986018,0.024819529170206994,1,1,0,1,1
369658,0.018336619385905487,0,0,0,1,1
262374,0.035256824441405585,0,0,0,1,1
252782,0.02499849571127809,0,0,0,1,1
482711,0.028590762509693193,0,0,0,1,1
486112,0.18892546544218675,0,0,0,0,0
685608,0.03151441996623482,0,0,0,1,1
743335,0.17174854564791228,0,0,0,0,0
187710,0.039154097995835635,0,0,0,1,1
546259,0.6028691790041827,1,0,1,0,1
847724,0.021469400133822848,0,0,0,1,1
326724,0.03415547346255622,0,0,0,1,1
466862,0.025433152722228902,0,0,0,1,1
194694,0.022798911470460096,0,0,0,1,1
456436,0.019243909629439317,0,0,0,1,1
698647,0.02547470005652658,0,0,0,1,1
566640,0.02273033112919511,0,0,0,1,1
453034,0.02595649969378361,0,0,0,1,1
590647,0.03892681008427793,0,0,0,1,1
684776,0.025286261854027204,0,0,0,1,1
346090,0.011694051011130685,0,0,0,1,1
508934,0.01995359673118052,0,0,0,1,1
885888,0.024179425301199944,0,0,0,1,1
332716,0.08478520545909117,0,0,0,1,1
412995,0.03746404930604855,0,0,0,1,1
478373,0.03143437892184701,0,0,0,1,1
649487,0.2095934803535102,1,1,0,1,1
250422,0.00974111716077901,0,0,0,1,1
872069,0.32497531322780804,1,1,0,1,1
501217,0.17174854564791228,0,0,0,0,0
875473,0.1768976592908228,0,0,0,0,0
275933,0.11158082784874411,0,0,0,1,1
312248,0.011254534294467707,0,0,0,1,1
923041,0.020142955527305936,0,0,0,1,1
592485,0.01284348671527687,0,0,0,1,1
940256,0.029611234139845528,0,0,0,1,1
185013,0.025301571665439913,0,0,0,1,1
127827,0.03004488415985678,0,0,0,1,1
566957,0.026879472881136287,0,0,0,1,1
570920,0.03614465723988217,0,0,0,1,1
693528,0.16555707566142222,0,0,0,0,1
325830,0.5248282380819124,0,0,0,0,0
345931,0.0360176939993057,0,0,0,1,1
637927,0.170558790496394,0,0,0,0,0
861191,0.041829303365855726,0,0,0,1,1
769891,0.01960874354537804,0,0,0,1,1
926175,0.026594462217513583,0,0,0,1,1
951353,0.41138145036434515,0,0,0,0,0
431020,0.028490346085921305,0,0,0,1,1
444218,0.18892546544218675,1,0,1,0,0
693913,0.028807464850805903,0,0,0,1,1
244721,0.18892546544218675,0,0,0,0,0
208329,0.013582811115835538,0,0,0,1,1
490562,0.12036363520975175,0,0,0,1,1
859871,0.170558790496394,0,0,0,0,1
888131,0.09982850323779961,0,0,0,1,1
452282,0.028040401089028617,0,0,0,1,1
868926,0.18892546544218675,0,0,0,0,1
484853,0.03965650118231367,0,0,0,1,1
620674,0.18129828458089872,0,0,0,0,0
501165,0.170558790496394,0,0,0,0,0
611464,0.020311535576716284,0,0,0,1,1
599925,0.13779002285531372,1,1,0,1,1
992524,0.019799667689654278,0,0,0,1,1
212977,0.17867211999938387,0,0,0,0,0
228673,0.013744786865783568,0,0,0,1,1
413345,0.023626851731258863,0,0,0,1,1
678603,0.12281689729695433,0,0,0,1,1
659481,0.1116409134411007,0,0,0,1,1
909800,0.10775071779047417,0,0,0,1,1
173884,0.1957858119165765,0,0,0,0,0
893661,0.15919052185384377,0,0,0,1,1
457695,0.16555707566142222,0,0,0,0,0
583788,0.18892546544218675,0,0,0,0,0
449858,0.009171814383946932,0,0,0,1,1
595024,0.009642967888830702,0,0,0,1,1
780266,0.16555707566142222,0,0,0,0,0
530839,0.026704053950717867,0,0,0,1,1
527582,0.010243625774496194,0,0,0,1,1
645927,0.0486030224123261,0,0,0,1,1
574745,0.9659984677160494,1,0,1,0,1
185808,0.028509892612697346,0,0,0,1,1
428526,0.24205034417818355,0,0,0,1,0
284290,0.02337702258098566,0,0,0,1,1
649104,0.026192078373524195,0,0,0,1,1
400030,0.021825793788516068,0,0,0,1,1
862543,0.170558790496394,1,0,1,0,0
259219,0.1736309618624465,0,0,0,1,1
148322,0.1420137381783927,0,0,0,1,1
164313,0.02922797923298558,0,0,0,1,1
620084,0.10432361494984087,0,0,0,1,1
931238,0.17174854564791228,1,0,1,0,0
773012,0.010371941840529402,0,0,0,1,1
312455,0.021495167213146944,0,0,0,1,1
575573,0.01828328344831884,0,0,0,1,1
855372,0.025410091001223687,0,0,0,1,1
729161,0.11677591521518033,1,1,0,1,1
943668,0.4433278738516081,0,0,0,0,0
177146,0.02082991142315809,0,0,0,1,1
596297,0.18822793617771855,0,0,0,0,1
750280,0.008496328677956431,0,0,0,1,1
967093,0.0263497292023656,0,0,0,1,1
156750,0.04742726871016196,0,0,0,1,1
425620,0.17174854564791228,0,0,0,0,0
979548,0.03146268847437253,0,0,0,1,1
424983,0.02210768829528343,0,0,0,1,1
370517,0.03496944195362589,0,0,0,1,1
779573,0.020797082300629825,0,0,0,1,1
582493,0.02714739109692076,0,0,0,1,1
632399,0.02939788780301037,0,0,0,1,1
288164,0.1768976592908228,1,0,1,0,0
141043,0.2552593524258028,1,1,0,1,1
323345,0.014187078927133858,0,0,0,1,1
804534,0.025532272049633174,0,0,0,1,1
866501,0.1621144729393403,0,0,0,0,0
284889,0.023537134561364716,0,0,0,1,1
501189,0.9624069385083862,1,0,1,0,1
144328,0.025066102799164595,0,0,0,1,1
270183,0.22129561668506434,1,0,1,1,0
653324,0.21130667819460228,0,0,0,0,0
846717,0.9783471785100891,1,0,1,0,1
594636,0.1957858119165765,0,0,0,0,0
621731,0.020097303831011618,0,0,0,1,1
901780,0.024237273856771435,0,0,0,1,1
660395,0.028921324175481992,0,0,0,1,1
319658,0.1218664317988141,0,0,0,1,1
305572,0.17174854564791228,1,0,1,0,0
853037,0.9659984677160494,1,0,1,0,1
454145,0.1465466275737454,0,0,0,0,1
138896,0.028318123692595943,0,0,0,1,1
163598,0.026082324232651423,0,0,0,1,1
101356,0.9659984677160494,1,0,1,0,1
390435,0.1268271574752441,0,0,0,1,1
836622,0.06432487898471095,0,0,0,1,1
463230,0.027463501351505437,0,0,0,1,1
820370,0.039163265069908665,0,0,0,1,1
419953,0.02488540210181197,0,0,0,1,1
790734,0.023581371809587127,0,0,0,1,1
797432,0.3250241393734617,0,0,0,0,0
748586,0.21130667819460228,1,1,0,0,1
694757,0.0303167072817163,0,0,0,1,1
741422,0.013884588619322005,0,0,0,1,1
149782,0.025220375351935505,0,0,0,1,1
525579,0.02730064141590317,0,0,0,1,1
855400,0.02607757439931009,0,0,0,1,1
584537,0.01760180628011223,0,0,0,1,1
447401,0.1250546593687916,0,0,0,1,1
325901,0.17174854564791228,0,0,0,0,0
621832,0.029760686202586872,0,0,0,1,1
774226,0.13014590476217114,0,0,0,1,1
122797,0.3288108979873574,0,0,0,0,0
155763,0.0851654055911901,0,0,0,1,0
274083,0.026324088183913134,0,0,0,1,1
694021,0.41138145036434515,1,1,0,0,0
414727,0.03402857839452862,0,0,0,1,1
973860,0.012160945334963891,0,0,0,1,1
545378,0.02447895191531188,0,0,0,1,1
180207,0.03201448684107128,0,0,0,1,1
911089,0.042576818981213536,0,0,0,1,1
814698,0.1957858119165765,0,0,0,0,1
369603,0.027154523630376386,0,0,0,1,1
747509,0.11158082784874411,0,0,0,1,1
268842,0.03413638474294975,0,0,0,1,1
310534,0.026781522006100688,0,0,0,1,1
743734,0.024699491006292186,0,0,0,1,1
877730,0.014160199777789859,0,0,0,1,1
519933,0.028059199792364688,0,0,0,1,1
557932,0.1652735874237711,0,0,0,1,1
329730,0.10559052171013739,0,0,0,1,1
410209,0.023656320130323552,0,0,0,1,1
622334,0.032426652773042866,0,0,0,1,1
422276,0.023665173223500462,0,0,0,1,1
548244,0.02652732201292645,0,0,0,1,1
283122,0.01975912966574156,0,0,0,1,1
714536,0.030142564376723358,0,0,0,1,1
720197,0.017830186583096947,0,0,0,1,1
863490,0.1957858119165765,1,0,1,0,0
662665,0.027482296664350262,0,0,0,1,1
889796,0.014458036319953883,0,0,0,1,1
965590,0.026269021963397407,0,0,0,1,1
975466,0.170558790496394,0,0,0,0,0
498989,0.032904109762563014,0,0,0,1,1
177457,0.017930736716804913,0,0,0,1,1
645688,0.02926915508074461,0,0,0,1,1
771753,0.16716254945742018,1,0,1,0,0
960082,0.0279905678701842,0,0,0,1,1
417118,0.033088638919092514,0,0,0,1,1
359138,0.1957858119165765,1,0,1,0,0
314147,0.03544930473628919,0,0,0,1,1
279967,0.03585733681541291,0,0,0,1,1
450995,0.41138145036434515,0,0,0,0,0
379038,0.1924333389607436,0,0,0,0,0
840481,0.0324212365317763,0,0,0,1,1
412743,0.1957858119165765,0,0,0,0,0
806815,0.028719809755876808,0,0,0,1,1
894724,0.1779859095525094,0,0,0,0,0
764703,0.09517911646650361,0,0,0,1,1
794602,0.018871488747284722,0,0,0,1,1
275298,0.027923203712383275,0,0,0,1,1
337260,0.023903806603426735,0,0,0,1,1
938873,0.016567910650731463,0,0,0,1,1
986792,0.40073093478415117,0,0,0,0,0
770591,0.01227867512183173,0,0,0,1,1
201891,0.039245323372840486,1,1,0,1,1
301155,0.02276556704286491,0,0,0,1,1
287591,0.022020453074172424,0,0,0,1,1
668136,0.10260600058557745,0,0,0,1,1
881001,0.029744440759150614,0,0,0,1,1
803844,0.02508779354446476,0,0,0,1,1
714944,0.02556344403467327,0,0,0,1,1
936603,0.170558790496394,0,0,0,0,0
663343,0.012001788564397172,0,0,0,1,1
315225,0.04471762563202078,0,0,0,1,1
166535,0.012922877243630022,0,0,0,1,1
757885,0.023635962959364563,0,0,0,1,1
401943,0.9659984677160494,1,0,1,0,1
536517,0.014134933401000168,0,0,0,1,1
942403,0.13831805739892442,0,0,0,1,0
538507,0.028724867859539174,0,0,0,1,1
405201,0.027697444725955766,0,0,0,1,1
312312,0.025407924047742,0,0,0,1,1
867624,0.032058445957290106,0,0,0,1,1
603539,0.023427185597533085,0,0,0,1,1
117351,0.9652689371317561,1,0,1,0,1
856942,0.039055272275695704,0,0,0,1,1
408838,0.03228585275370697,0,0,0,1,1
901520,0.02374191061063962,0,0,0,1,1
264491,0.02615058661504428,0,0,0,1,1
609296,0.025025679757883893,0,0,0,1,1
654389,0.454252352708037,0,0,0,0,0
167933,0.023635962959364563,0,0,0,1,1
439251,0.025413599267808843,0,0,0,1,1
552669,0.02724784343128818,0,0,0,1,1
252679,0.1510779941014062,0,0,0,0,1
542893,0.0287599113778118,0,0,0,1,1
754517,0.029155896312177614,0,0,0,1,1
553943,0.011336628111950228,0,0,0,1,1
462616,0.17174854564791228,0,0,0,0,1
157566,0.170558790496394,0,0,0,0,0
656360,0.034522387616089174,0,0,0,1,1
566550,0.17174854564791228,0,0,0,0,0
996488,0.024476389068567358,0,0,0,1,1
558543,0.12973062109693398,0,0,0,1,1
221075,0.029742397752256237,0,0,0,1,1
646178,0.03464817821664176,0,0,0,1,1
171419,0.033954149224577755,0,0,0,1,1
513661,0.009228460916269688,0,0,0,1,1
535852,0.02482056521712488,0,0,0,1,1
663573,0.40073093478415117,0,0,0,0,0
975181,0.11019670289581998,0,0,0,1,1
585386,0.024317679778481274,0,0,0,1,1
956144,0.02229015659862401,0,0,0,1,1
480074,0.12456365760333529,0,0,0,1,0
818077,0.0546053307690102,0,0,0,1,1
700497,0.1768976592908228,0,0,0,0,0
913721,0.024783527295912846,0,0,0,1,1
534009,0.019638638661830746,0,0,0,1,1
967628,0.026830086958684406,0,0,0,1,1
541000,0.025554994628979023,0,0,0,1,1
871380,0.41138145036434515,0,0,0,0,0
101515,0.01651390371809223,0,0,0,1,1
200309,0.023396623134061864,0,0,0,1,1
105073,0.41138145036434515,0,0,0,0,0
504860,0.029734790002931458,0,0,0,1,1
253689,0.038943523332957954,0,0,0,1,1
345244,0.03150781976241705,0,0,0,1,1
763621,0.15334108594775617,1,1,0,1,1
804368,0.13689870364502438,0,0,0,1,1
708982,0.03152268109586891,0,0,0,1,1
729205,0.0210380169101438,0,0,0,1,1
121919,0.08229890213045539,0,0,0,1,1
884708,0.018208194334602024,0,0,0,1,1
737451,0.9659984677160494,1,0,1,0,1
666572,0.11279300508906744,0,0,0,1,1
430500,0.0246965105237704,0,0,0,1,1
463263,0.03943869325455895,0,0,0,1,1
443199,0.030822867339116326,0,0,0,1,1
604943,0.03477757199704343,0,0,0,1,1
327866,0.11447460074855595,0,0,0,1,1
617447,0.022536094081628388,0,0,0,1,1
427163,0.024399953763734675,0,0,0,1,1
920171,0.16555707566142222,0,0,0,0,0
909543,0.020615191249121208,0,0,0,1,1
122890,0.02633343328867411,0,0,0,1,1
697029,0.016306366793178897,0,0,0,1,1
884062,0.029884107367053325,0,0,0,1,1
400392,0.023204810691995287,0,0,0,1,1
912588,0.022475447412809865,0,0,0,1,1
593039,0.1621144729393403,0,0,0,0,1
911852,0.31013793876397866,1,1,0,1,1
107487,0.038616263032218,0,0,0,1,1
192009,0.027395404662056054,0,0,0,1,1
717407,0.01092765017124581,0,0,0,1,1
640116,0.03628602599117183,0,0,0,1,1
849813,0.6394082931707427,1,0,1,0,1
282723,0.025998509426177915,0,0,0,1,1
122020,0.0295095710131789,0,0,0,1,1
143266,0.20404046257318878,0,0,0,0,0
163776,0.012659580715789518,0,0,0,1,1
170655,0.3754632770226678,1,0,1,0,0
481660,0.43668657699813396,0,0,0,0,0
844479,0.026077785786828386,0,0,0,1,1
148612,0.19152052128752747,0,0,0,1,0
235506,0.11118011060615063,0,0,0,1,1
670939,0.3615368961698802,0,0,0,0,0
700011,0.9648035913462033,1,0,1,0,1
780236,0.011597041998985983,0,0,0,1,1
922614,0.3288108979873574,0,0,0,0,0
990955,0.025859697821464744,0,0,0,1,1
743256,0.022134373663601162,0,0,0,1,1
408493,0.1079612275429001,0,0,0,1,1
415148,0.02615893098687849,0,0,0,1,1
154855,0.1768976592908228,0,0,0,0,1
890437,0.0235348932212726,0,0,0,1,1
438511,0.16716254945742018,1,0,1,0,0
365413,0.08740277227201777,0,0,0,1,1
423978,0.023811368661218912,0,0,0,1,1
628081,0.025855046037770738,0,0,0,1,1
362167,0.0106413801131824,0,0,0,1,1
418753,0.11335529805408354,0,0,0,1,1
264486,0.0362993044212059,0,0,0,1,1
100550,0.04057659801446312,0,0,0,1,1
600482,0.02746911368195005,0,0,0,1,1
911920,0.013124959456828716,0,0,0,1,1
816937,0.1768976592908228,0,0,0,0,0
118612,0.0953430930379134,0,0,0,1,1
209405,0.011117214148949724,0,0,0,1,1
262810,0.02672728883054602,0,0,0,1,1
258228,0.09871826650679397,0,0,0,1,1
730748,0.0970120729132252,1,1,0,1,1
846515,0.09885766529143174,0,0,0,1,1
223632,0.02592607984629393,0,0,0,1,1
156666,0.170558790496394,0,0,0,0,0
834066,0.034354090439568746,0,0,0,1,1
967904,0.08345548773183686,0,0,0,1,1
534151,0.1187426253066382,0,0,0,1,1
948961,0.1779859095525094,1,0,1,0,0
403473,0.029288964802721605,1,1,0,1,1
131761,0.019797905326702354,0,0,0,1,1
189197,0.03452582581517757,0,0,0,1,1
643225,0.029962561041531673,0,0,0,1,1
572811,0.014705286269175041,0,0,0,1,1
979901,0.027784503266149806,0,0,0,1,1
726848,0.028871287125346652,0,0,0,1,1
318264,0.03894677552299892,0,0,0,1,1
240886,0.019707905196205553,0,0,0,1,1
489115,0.018756742432694522,0,0,0,1,1
961595,0.02392853192596621,0,0,0,1,1
281926,0.02902779219843054,0,0,0,1,1
736518,0.011436168722775787,0,0,0,1,1
612122,0.012175635921453931,0,0,0,1,1
493775,0.02524324540066921,0,0,0,1,1
509714,0.013099253805684458,0,0,0,1,1
875483,0.010816190094497755,0,0,0,1,1
371511,0.41138145036434515,0,0,0,0,0
210910,0.023016910830203064,0,0,0,1,1
848185,0.025456084923393664,0,0,0,1,1
550896,0.02526202315474661,0,0,0,1,1
847136,0.03289031516643123,0,0,0,1,1
876057,0.025722021530800776,0,0,0,1,1
573986,0.496573227949531,1,1,0,1,1
817609,0.17540262003300294,0,0,0,1,1
152305,0.12313458990443028,0,0,0,1,0
537397,0.021332572805468294,0,0,0,1,1
739684,0.16555707566142222,0,0,0,0,0
513246,0.0208467189683115,0,0,0,1,1
156730,0.16047232391517835,0,0,0,0,0
515185,0.01112253805174966,0,0,0,1,1
259067,0.19559501501782697,0,0,0,1,1
303049,0.16555707566142222,1,0,1,0,0
505179,0.10431813529231464,0,0,0,1,1
465170,0.1768976592908228,0,0,0,0,1
118320,0.025184225130250044,0,0,0,1,1
612834,0.02362763888519079,0,0,0,1,1
100890,0.021541059277969017,0,0,0,1,1
177483,0.024337231637079976,0,0,0,1,1
327555,0.16658187481520353,0,0,0,1,0
845176,0.031749165943458606,0,0,0,1,1
313688,0.1286826048612908,0,0,0,1,1
348751,0.026155574248599742,0,0,0,1,1
902555,0.170558790496394,0,0,0,0,0
830743,0.022235808357850585,0,0,0,1,1
388292,0.03202399546074419,0,0,0,1,1
811289,0.025082661219766114,0,0,0,1,1
880205,0.013883724199044087,0,0,0,1,1
369841,0.023481502682089067,0,0,0,1,1
225087,0.029461119687436397,0,0,0,1,1
879787,0.02573989344478806,0,0,0,1,1
748033,0.44757898381648115,0,0,0,0,0
691077,0.33478662501128614,0,0,0,0,0
449223,0.40073093478415117,0,0,0,0,0
365515,0.012500819925907828,0,0,0,1,1
456259,0.010713412625889528,0,0,0,1,1
314202,0.01887000977710809,0,0,0,1,1
793761,0.012967817113575345,0,0,0,1,1
102726,0.10449007678408183,0,0,0,1,1
232022,0.02558447123239822,0,0,0,1,1
482796,0.16047232391517835,1,0,1,0,0
901747,0.16282924916858424,0,0,0,1,1
617326,0.010857875543605573,0,0,0,1,1
401101,0.02754669257516227,0,0,0,1,1
861867,0.20702633073458926,0,0,0,0,0
383912,0.011950883500568337,0,0,0,1,1
769495,0.15461147456543625,0,0,0,0,0
959044,0.040601318444701155,0,0,0,1,1
752609,0.043651934276269115,1,1,0,1,1
551652,0.026651369982766546,0,0,0,1,1
819149,0.015213580013824628,0,0,0,1,1
222065,0.02006113767608736,0,0,0,1,1
331353,0.02574404874234026,0,0,0,1,1
528447,0.039824150876841345,0,0,0,1,1
767908,0.022196578827506232,0,0,0,1,1
793285,0.026283339504693307,0,0,0,1,1
785826,0.016524889589375636,0,0,0,1,1
355039,0.12587293548399114,0,0,0,1,1
683485,0.03479750469103604,0,0,0,1,1
856364,0.023941230242581466,0,0,0,1,1
871206,0.024284055102836433,0,0,0,1,1
916843,0.16711434150883298,0,0,0,1,0
556050,0.02673611999352582,0,0,0,1,1
937742,0.023002414930939262,0,0,0,1,1
205413,0.2986851477145363,0,0,0,0,0
315054,0.1179167735255589,0,0,0,1,1
964744,0.08355376422315605,0,0,0,1,1
979598,0.030822867339116326,0,0,0,1,1
572345,0.029645625198466127,0,0,0,1,1
513480,0.02392015080484852,0,0,0,1,1
212493,0.9648035913462033,1,0,1,0,1
936570,0.032716320658921764,0,0,0,1,1
600220,0.9659984677160494,1,0,1,0,1
141844,0.009671101588531888,0,0,0,1,1
627428,0.020042617915936985,0,0,0,1,1
463361,0.02752277473158639,0,0,0,1,1
559388,0.023965708580327545,0,0,0,1,1
535251,0.028217485633252538,0,0,0,1,1
390117,0.02200361928420081,0,0,0,1,1
144355,0.01426444557414519,0,0,0,1,1
792418,0.025045297970866846,0,0,0,1,1
182782,0.030289328159592253,0,0,0,1,1
393853,0.014297868492942189,0,0,0,1,1
148201,0.030107980500175057,0,0,0,1,1
306872,0.03421146852507743,0,0,0,1,1
573344,0.027650338832775793,0,0,0,1,1
277341,0.1957858119165765,0,0,0,0,1
246323,0.03436108180123833,0,0,0,1,1
490553,0.031090874426076085,0,0,0,1,1
786287,0.3615368961698802,0,0,0,0,0
983393,0.023270017947230135,0,0,0,1,1
383787,0.025409233126081263,0,0,0,1,1
714121,0.009945678356036318,0,0,0,1,1
110001,0.20016631748177954,0,0,0,1,0
124377,0.17174854564791228,0,0,0,0,0
344797,0.03304621128040702,0,0,0,1,1
822665,0.12998264025864076,0,0,0,1,0
700748,0.026144588515742452,0,0,0,1,1
478315,0.024800083305527888,0,0,0,1,1
278815,0.022959115234360825,0,0,0,1,1
370842,0.03612496347094105,0,0,0,1,1
703249,0.16124623814659228,0,0,0,0,0
590989,0.0320830688143754,0,0,0,1,1
836112,0.010202213007850036,0,0,0,1,1
776782,0.10128758854366855,0,0,0,0,1
477362,0.023178259706841085,0,0,0,1,1
117460,0.02709032263082845,0,0,0,1,1
454665,0.16110424562574382,1,0,1,0,0
969500,0.026040387892210325,0,0,0,1,1
128467,0.05276795280487784,0,0,0,1,1
825165,0.034619603570967813,0,0,0,1,1
226866,0.11022609304498363,0,0,0,1,1
844959,0.031091646539922812,0,0,0,1,1
628431,0.024239383304235026,0,0,0,1,1
969092,0.02461739881704137,0,0,0,1,1
510329,0.023390706767312232,0,0,0,1,1
192685,0.03364652012814144,0,0,0,1,1
616162,0.0321911503983696,0,0,0,1,1
105552,0.021054492701889825,0,0,0,1,1
263068,0.1768976592908228,0,0,0,0,0
638466,0.9522307555493046,1,0,1,1,1
943602,0.40073093478415117,1,1,0,0,0
969350,0.02542716703226566,0,0,0,1,1
465424,0.33478662501128614,0,0,0,0,0
164034,0.023627701851693144,0,0,0,1,1
684123,0.012344992075010846,0,0,0,1,1
883174,0.026943368273950337,1,1,0,1,1
621190,0.03491876143707385,0,0,0,1,1
402964,0.02000153917227616,0,0,0,1,1
104103,0.024446375456542532,0,0,0,1,1
170791,0.03425740218376732,0,0,0,1,1
336817,0.33478662501128614,0,0,0,0,0
171691,0.41138145036434515,1,1,0,0,0
672570,0.028853366544931293,0,0,0,1,1
661150,0.43262383818618505,1,1,0,1,1
237319,0.1510779941014062,0,0,0,0,1
936305,0.023502031218392807,0,0,0,1,1
831404,0.025417935996594546,0,0,0,1,1
684934,0.01148676215976916,0,0,0,1,1
833754,0.1777340180693207,0,0,0,0,0
276947,0.37179199638370425,1,1,0,0,0
763071,0.01229700842111132,0,0,0,1,1
989986,0.02926482024835164,0,0,0,1,1
399251,0.02803961900486072,0,0,0,1,1
718764,0.02272124839990071,0,0,0,1,1
944980,0.02561083708673108,0,0,0,1,1
644374,0.044453587613666225,0,0,0,1,1
738279,0.03502074825903625,0,0,0,1,1
889786,0.02254173158694796,0,0,0,1,1
991627,0.1779859095525094,0,0,0,0,0
432392,0.11374863855614499,0,0,0,1,0
809404,0.0295334132340231,0,0,0,1,1
452459,0.0342198356668886,1,1,0,1,1
452208,0.12307723030138908,0,0,0,1,1
248620,0.013678692175563178,0,0,0,1,1
320031,0.0231385447753557,0,0,0,1,1
527565,0.031033976819242942,0,0,0,1,1
750171,0.030463101918101185,0,0,0,1,1
961837,0.023285417917790797,0,0,0,1,1
105712,0.025038655998115632,0,0,0,1,1
750862,0.018167705234281475,0,0,0,1,1
374401,0.027141647701020222,0,0,0,1,1
824076,0.9648035913462033,1,0,1,0,1
721713,0.027860226754675314,0,0,0,1,1
757041,0.021800228994189413,0,0,0,1,1
489371,0.023523686234646866,0,0,0,1,1
698988,0.011651716484150846,0,0,0,1,1
454720,0.025101781206791744,0,0,0,1,1
885274,0.037793304008720385,0,0,0,1,1
413798,0.041550923537714377,0,0,0,1,1
767857,0.1979827190964447,0,0,0,0,0
335324,0.021848680962008794,0,0,0,1,1
952244,0.1622409496383789,1,0,1,0,0
595747,0.024503680413619527,0,0,0,1,1
146527,0.02207792991218614,0,0,0,1,1
647393,0.1768976592908228,1,0,1,0,0
112732,0.021054492701889825,0,0,0,1,1
945703,0.454252352708037,0,0,0,0,0
819809,0.022323050617905946,0,0,0,1,1
214030,0.02467835647420773,0,0,0,1,1
646198,0.10669524577553104,1,1,0,1,1
428162,0.01131085950982803,0,0,0,1,1
698505,0.12283725613147845,0,0,0,1,1
867327,0.023502031218392807,0,0,0,1,1
268789,0.026170193476501156,0,0,0,1,1
104732,0.025986887433641304,0,0,0,1,1
759322,0.026428204876151624,0,0,0,1,1
760077,0.18892546544218675,1,0,1,0,0
329214,0.029537084228376434,0,0,0,1,1
496357,0.19457580745755867,0,0,0,1,0
851982,0.02641272228817593,0,0,0,1,1
668510,0.036721121472376474,0,0,0,1,1
210870,0.15724587587832228,0,0,0,0,1
840021,0.02636523309816823,0,0,0,1,1
697162,0.4433278738516081,0,0,0,0,0
365596,0.41138145036434515,0,0,0,0,0
923799,0.022122562664073746,0,0,0,1,1
898417,0.03493166594371382,0,0,0,1,1
164512,0.049537245337040986,0,0,0,1,1
790940,0.15632753376175132,1,0,1,0,0
539739,0.37179199638370425,1,1,0,0,0
662848,0.030998700312834047,0,0,0,1,1
929707,0.1779859095525094,0,0,0,0,0
148234,0.012484165311857394,0,0,0,1,1
623327,0.15743259391877662,0,0,0,1,1
904410,0.16555707566142222,1,0,1,0,0
494885,0.022386376918076906,0,0,0,1,1
718454,0.1910636815689456,0,0,0,0,0
553396,0.032545777053392635,0,0,0,1,1
863384,0.034372227619357015,0,0,0,1,1
444085,0.028182901013603885,0,0,0,1,1
743835,0.020976344578641407,0,0,0,1,1
113040,0.010804259374443058,0,0,0,1,1
540756,0.02527492492732197,0,0,0,1,1
225576,0.33478662501128614,0,0,0,0,0
912352,0.1622409496383789,0,0,0,0,0
775440,0.03299205408787433,0,0,0,1,1
636673,0.03375020810990953,0,0,0,1,1
262717,0.20265037011098425,0,0,0,1,1
532759,0.0904368025098505,0,0,0,1,1
453466,0.15632753376175132,0,0,0,0,1
213297,0.03206598057802719,0,0,0,1,1
758328,0.1922531756888023,1,0,1,1,0
254667,0.027895869278612942,0,0,0,1,1
137020,0.170558790496394,0,0,0,0,0
795840,0.41138145036434515,1,1,0,0,0
788555,0.1557108706827905,1,0,1,0,0
867472,0.03010530729353175,0,0,0,1,1
148111,0.1910636815689456,1,0,1,0,0
600021,0.12234837963380336,1,1,0,1,1
624935,0.020917997959190967,0,0,0,1,1
760614,0.10620165810599838,0,0,0,1,1
559483,0.02449324784553473,0,0,0,1,1
208517,0.40073093478415117,0,0,0,0,0
102376,0.41138145036434515,0,0,0,0,0
332409,0.026429473621137886,0,0,0,1,1
211625,0.011996672108663774,0,0,0,1,1
611582,0.030321007734382312,0,0,0,1,1
876850,0.032087521327430306,0,0,0,1,1
514523,0.1404576044201132,0,0,0,0,1
954570,0.10717450788971526,0,0,0,1,1
718516,0.16499004535733,0,0,0,1,1
823257,0.3474536264087936,1,1,0,1,1
549540,0.04073475630087059,0,0,0,1,1
421580,0.014124504551335298,0,0,0,1,1
998112,0.03153496825554708,0,0,0,1,1
985516,0.027487944861900072,0,0,0,1,1
484504,0.03125182557014661,0,0,0,1,1
763591,0.029690029550003404,0,0,0,1,1
601626,0.03192784582527666,0,0,0,1,1
618302,0.013302512066360558,0,0,0,1,1
149225,0.025410091001223687,0,0,0,1,1
399417,0.012016650937227162,0,0,0,1,1
482528,0.03433070718788517,0,0,0,1,1
919951,0.029450375598208754,0,0,0,1,1
979467,0.028053332598236728,0,0,0,1,1
822696,0.008473088744333952,0,0,0,1,1
883963,0.1100602289777148,0,0,0,1,1
815841,0.37179199638370425,1,1,0,0,0
843642,0.0216634058515624,0,0,0,1,1
222874,0.022124039514311654,0,0,0,1,1
255653,0.021163434782966617,0,0,0,1,1
606989,0.017314249860318646,0,0,0,1,1
740326,0.5274497560810533,0,0,0,0,0
763241,0.025758963023287236,0,0,0,1,1
883065,0.012867683911863511,0,0,0,1,1
844046,0.17867211999938387,1,0,1,0,0
183023,0.17174854564791228,0,0,0,0,0
948785,0.02141534418246816,0,0,0,1,1
683664,0.1768976592908228,0,0,0,0,0
294617,0.010864247869824793,0,0,0,1,1
157816,0.027707393792155283,0,0,0,1,1
556688,0.02388156379599675,0,0,0,1,1
477295,0.026691965449182738,0,0,0,1,1
586870,0.024928628889764885,0,0,0,1,1
748914,0.17161617550677596,0,0,0,0,0
170211,0.011500420944276588,0,0,0,1,1
616226,0.03414520625216209,0,0,0,1,1
533198,0.04145963547614726,0,0,0,1,1
979389,0.026609480257027775,0,0,0,1,1
420856,0.170558790496394,0,0,0,0,0
174044,0.024475531354201933,0,0,0,1,1
576878,0.025599842989464345,0,0,0,1,1
386979,0.1768976592908228,1,1,0,0,0
591641,0.09847603718940105,0,0,0,1,1
792103,0.37179199638370425,0,0,0,0,0
132884,0.027389313313357064,0,0,0,1,1
200802,0.07867858893971687,0,0,0,1,1
594598,0.3553387480973403,0,0,0,0,0
320180,0.02529460970765168,0,0,0,1,1
999911,0.952446639193998,1,0,1,0,1
732377,0.18892546544218675,0,0,0,0,0
966920,0.11038740859813248,0,0,0,1,1
769669,0.16459471638405224,0,0,0,1,1
767534,0.022429530522375014,0,0,0,1,1
860724,0.03580037680716862,0,0,0,1,1
918350,0.9624069385083862,1,0,1,0,1
267930,0.0289671751865038,1,0,1,1,1
758927,0.1985495824338314,0,0,0,1,1
426990,0.03723930115858475,0,0,0,1,1
519677,0.04770164643190174,0,0,0,1,1
302414,0.022260674771404684,0,0,0,1,1
967462,0.04020251837141511,0,0,0,1,1
350269,0.6101950302906013,1,0,1,0,1
967966,0.03385535180696959,0,0,0,1,1
698072,0.03206210070850289,0,0,0,1,1
832864,0.021039962750808452,0,0,0,1,1
846796,0.03554962683126356,0,0,0,1,1
248138,0.028572960773127102,0,0,0,1,1
902608,0.011092420370657153,0,0,0,1,1
104541,0.019531277246076402,0,0,0,1,1
263866,0.030729445437076244,1,1,0,1,1
514530,0.028509084497038293,0,0,0,1,1
940156,0.10894489134737499,0,0,0,1,0
312530,0.02141534418246816,0,0,0,1,1
347423,0.12507027797106737,0,0,0,1,1
990077,0.03023981692758225,0,0,0,1,1
571169,0.1768976592908228,0,0,0,0,0
569313,0.026341991565013802,0,0,0,1,1
872341,0.1768976592908228,1,0,1,0,0
516271,0.038131544294911605,1,1,0,1,1
920118,0.02239795062990701,0,0,0,1,1
186020,0.1739703467201334,0,0,0,1,0
247692,0.18157262609810162,1,1,0,0,1
559342,0.10204276786990342,0,0,0,1,1
316982,0.02531136825618404,0,0,0,1,1
321748,0.022779651563405345,0,0,0,1,1
357589,0.027764840310242164,0,0,0,1,1
483198,0.02235136724131909,0,0,0,1,1
652501,0.03316645070249585,0,0,0,1,1
401062,0.13264636787435063,0,0,0,1,1
451226,0.052227337049603806,0,0,0,1,1
252628,0.9659984677160494,1,0,1,0,1
883852,0.033928811590310755,0,0,0,1,1
735676,0.10726924614609536,0,0,0,1,1
228273,0.03742013410798054,0,0,0,1,1
863744,0.025075221942604378,0,0,0,1,1
585271,0.15839723474939993,0,0,0,1,1
833197,0.025380139557203845,0,0,0,1,1
148690,0.028430788511167183,0,0,0,1,1
221469,0.025913272397122992,0,0,0,1,1
295138,0.03020581503892305,0,0,0,1,1
115427,0.03583672440247558,0,0,0,1,1
729293,0.13303451693326382,0,0,0,1,0
309602,0.01815568508673585,0,0,0,1,1
575434,0.030171622513297455,0,0,0,1,1
823816,0.021863402704463998,0,0,0,1,1
957571,0.025409233126081263,0,0,0,1,1
303573,0.011651716484150846,0,0,0,1,1
541741,0.11485891547489108,0,0,0,1,1
351889,0.02914898671887744,0,0,0,1,1
237312,0.454252352708037,0,0,0,0,0
118675,0.03057208230191852,0,0,0,1,1
489628,0.12215677289744714,0,0,0,1,1
705911,0.022313420831489128,0,0,0,1,1
425826,0.1979827190964447,0,0,0,0,0
698627,0.16047232391517835,0,0,0,0,0
325599,0.024377788134111126,0,0,0,1,1
358792,0.02995957590791709,0,0,0,1,1
885682,0.021939805075563326,0,0,0,1,1
333644,0.17161617550677596,0,0,0,0,0
565690,0.021054492701889825,1,1,0,1,1
662750,0.01501269874258955,0,0,0,1,1
733608,0.021861108830026264,0,0,0,1,1
618461,0.020694641619124696,0,0,0,1,1
212602,0.37179199638370425,0,0,0,0,0
885357,0.21397159151077802,0,0,0,1,0
323068,0.03174274600954175,0,0,0,1,1
464828,0.170558790496394,0,0,0,0,1
965482,0.03439853875571068,0,0,0,1,1
969617,0.40073093478415117,0,0,0,0,0
846243,0.03207096981165371,0,0,0,1,1
330562,0.454252352708037,0,0,0,0,0
882044,0.023635962959364563,0,0,0,1,1
721300,0.023158707822972163,0,0,0,1,1
904378,0.15516387791540148,0,0,0,1,1
311762,0.031095482058723638,0,0,0,1,1
209886,0.027716176160286408,0,0,0,1,1
347987,0.14693358363881598,0,0,0,0,0
221709,0.3250241393734617,1,0,1,0,0
667798,0.14693358363881598,0,0,0,0,0
965012,0.008605717334345788,0,0,0,1,1
247050,0.023446105764384866,0,0,0,1,1
463854,0.28302273646404635,0,0,0,1,1
763224,0.15388344693420752,0,0,0,0,0
628017,0.01751133172938027,0,0,0,1,1
858445,0.026135187550099317,0,0,0,1,1
348774,0.01778961844226567,0,0,0,1,1
992930,0.023635962959364563,0,0,0,1,1
340924,0.09890609473953099,0,0,0,1,1
312774,0.02076436976688934,0,0,0,1,1
633992,0.024562338908732242,0,0,0,1,1
838160,0.028713299720808216,0,0,0,1,1
160135,0.034777682537693165,0,0,0,1,1
467685,0.1957858119165765,0,0,0,0,0
100504,0.16005507701794988,1,1,0,1,1
332823,0.2986851477145363,0,0,0,0,0
530299,0.027211421038766597,0,0,0,1,1
387695,0.02641085696519806,0,0,0,1,1
234922,0.08527678168129711,0,0,0,1,1
268307,0.01288948660036898,0,0,0,1,1
407008,0.1779859095525094,0,0,0,0,0
440699,0.1499928518888076,0,0,0,0,0
939431,0.33478662501128614,0,0,0,0,0
416127,0.023832668015211965,0,0,0,1,1
672819,0.1621144729393403,0,0,0,0,0
221595,0.17867211999938387,0,0,0,0,0
958915,0.31913906728334246,0,0,0,0,0
136169,0.03568455492245731,0,0,0,1,1
105193,0.15461147456543625,0,0,0,0,0
759017,0.023937748543963064,0,0,0,1,1
860657,0.023826818033280364,0,0,0,1,1
862212,0.18751109398711777,0,0,0,0,1
162496,0.18445803364795044,0,0,0,1,0
994443,0.027764840310242164,0,0,0,1,1
280574,0.029544680018289932,0,0,0,1,1
537887,0.11652348518098694,0,0,0,1,1
543862,0.011527046990451824,0,0,0,1,1
734752,0.027464323402968803,0,0,0,1,1
428520,0.1386503738341419,0,0,0,1,1
189329,0.0346193315478942,0,0,0,1,1
567070,0.02924580205126216,0,0,0,1,1
542574,0.1499928518888076,0,0,0,0,0
134000,0.17174854564791228,0,0,0,0,0
396863,0.0253636108021425,0,0,0,1,1
134738,0.024957205027263438,0,0,0,1,1
198499,0.03919816176711109,0,0,0,1,1
989429,0.9659984677160494,1,0,1,0,1
150291,0.026457918881696314,0,0,0,1,1
235092,0.02999094410827245,0,0,0,1,1
283358,0.026247984348703235,0,0,0,1,1
652781,0.17174854564791228,1,0,1,0,0
749212,0.11447460074855595,0,0,0,1,1
846125,0.033741174206884446,0,0,0,1,1
781797,0.470481661221885,1,0,1,1,0
373737,0.03406949024745221,1,1,1,1,1
235030,0.1514747916163276,1,0,1,0,0
504802,0.024220918969572954,0,0,0,1,1
845684,0.026240445038172706,0,0,0,1,1
177199,0.18892546544218675,1,0,1,0,0
460938,0.028059482036007923,0,0,0,1,1
432655,0.3288108979873574,0,0,0,0,0
152338,0.02927422701337797,0,0,0,1,1
374344,0.10490365981562608,0,0,0,1,1
744528,0.025294873972780827,0,0,0,1,1
140191,0.10378231037845179,0,0,0,1,1
755082,0.03139435345000976,0,0,0,1,1
207492,0.011032851920485542,0,0,0,1,1
436419,0.454252352708037,0,0,0,0,0
974777,0.03702081742516531,0,0,0,1,1
672039,0.016521008801829967,0,0,0,1,1
208553,0.02606299700700799,0,0,0,1,1
561961,0.0176650968776899,0,0,0,1,1
809587,0.007204626565115254,0,0,0,1,1
121737,0.03134192407287932,0,0,0,1,1
198961,0.04062625222343666,0,0,0,1,1
319123,0.027070277743794034,0,0,0,1,1
122561,0.1682031491417443,0,0,0,0,0
584405,0.02681382039812868,0,0,0,1,1
544306,0.14120685029832622,1,1,0,1,1
806008,0.11035643070550735,0,0,0,1,1
112632,0.1884377528487737,0,0,0,1,0
434098,0.018956852972506214,0,0,0,1,1
511835,0.170558790496394,0,0,0,0,0
338125,0.1768976592908228,0,0,0,0,0
161241,0.032805515594609556,0,0,0,1,1
517781,0.08527678168129711,0,0,0,1,1
648077,0.02678067491719136,0,0,0,1,1
671077,0.09541060379669516,0,0,0,1,1
535892,0.029281354316973405,0,0,0,1,1
973357,0.03727227997410489,0,0,0,1,1
542287,0.026680068713281872,0,0,0,1,1
966698,0.3184348044861375,1,1,0,1,1
262586,0.030100874754180804,0,0,0,1,1
355512,0.17174854564791228,0,0,0,0,0
784710,0.41138145036434515,0,0,0,0,0
983551,0.026122979949500684,0,0,0,1,1
738651,0.08908185196664954,0,0,0,1,1
753994,0.013501845580704304,0,0,0,1,1
300964,0.030649744102919707,0,0,0,1,1
423119,0.05724847004500417,1,1,0,1,1
336902,0.454252352708037,0,0,0,0,0
666667,0.02225739517624327,0,0,0,1,1
431286,0.1414838710712986,1,0,1,0,0
121351,0.31913906728334246,1,1,0,0,0
184924,0.17063469961490335,0,0,0,1,0
231755,0.02192771645024836,0,0,0,1,1
268500,0.13953862661209931,0,0,0,1,1
760424,0.41138145036434515,0,0,0,0,0
603005,0.30725069375815467,0,0,0,0,0
145988,0.028851103789792127,0,0,0,1,1
760835,0.01768055104021979,0,0,0,1,1
170965,0.018720259545467705,0,0,0,1,1
883755,0.019059880807097727,0,0,0,1,1
589795,0.029591749497463397,0,0,0,1,1
128615,0.970339424601548,1,0,1,0,1
675506,0.30359992049134976,0,0,0,0,0
913522,0.03498863646360975,0,0,0,1,1
716019,0.170558790496394,0,0,0,0,0
765293,0.03010134785627469,0,0,0,1,1
313602,0.030681653458090756,0,0,0,1,1
482567,0.1768976592908228,0,0,0,0,0
794863,0.010857875543605573,0,0,0,1,1
971987,0.023483134187025047,0,0,0,1,1
361109,0.022878165999390083,0,0,0,1,1
855506,0.024218527632324308,0,0,0,1,1
725413,0.022505161027320805,0,0,0,1,1
817375,0.023635962959364563,0,0,0,1,1
811567,0.03528789392026957,0,0,0,1,1
833793,0.11679190790955922,1,1,0,1,1
856074,0.011649071197781533,0,0,0,1,1
114018,0.030760316024107972,0,0,0,1,1
715300,0.0239307029749674,0,0,0,1,1
335162,0.018747405670130342,0,0,0,1,1
219276,0.04765275368652105,1,1,0,1,1
502012,0.032336609463524596,0,0,0,1,1
414741,0.025649415894544066,0,0,0,1,1
615529,0.027832597797344556,0,0,0,1,1
631379,0.03281773874490291,0,0,0,1,1
210236,0.02875476156826567,0,0,0,1,1
170566,0.09911566592168376,0,0,0,1,1
261187,0.170558790496394,0,0,0,0,0
861058,0.024416416267869636,0,0,0,1,1
871074,0.02498894428162024,0,0,0,1,1
704270,0.025623361933457576,0,0,0,1,1
535587,0.025274572700685487,0,0,0,1,1
348471,0.3905114135346542,1,1,0,1,1
969342,0.025985951941367776,0,0,0,1,1
264741,0.02271255097293229,0,0,0,1,1
925353,0.028019091534129313,0,0,0,1,1
491495,0.1768976592908228,1,0,1,0,0
698390,0.028439042983161515,0,0,0,1,1
693372,0.030391341791753193,0,0,0,1,1
955448,0.15511053281872667,0,0,0,0,1
103536,0.016959699611231102,0,0,0,1,1
444237,0.021054492701889825,0,0,0,1,1
562501,0.170558790496394,1,0,1,0,0
315361,0.0344062549941978,0,0,0,1,1
459636,0.029665221801816896,0,0,0,1,1
299419,0.012739939539857111,0,0,0,1,1
819497,0.16747481818941998,0,0,0,1,1
515634,0.337347091391873,0,0,0,0,0
950216,0.34728926954073536,0,0,0,0,0
770524,0.1957858119165765,0,0,0,0,0
375987,0.030074878917435533,0,0,0,1,1
514616,0.18892546544218675,1,1,0,0,0
550686,0.0296785065159222,0,0,0,1,1
622324,0.012647609787673124,0,0,0,1,1
232137,0.02551929163970896,0,0,0,1,1
867046,0.1557108706827905,0,0,0,0,0
585853,0.03923136825410523,0,0,0,1,1
706106,0.021571335656983125,0,0,0,1,1
372353,0.013879042648702685,0,0,0,1,1
772608,0.17490036616458388,0,0,0,0,0
144523,0.018358786588455394,0,0,0,1,1
438746,0.012380683947058633,0,0,0,1,1
628837,0.17490036616458388,0,0,0,0,0
530666,0.03077800402619659,0,0,0,1,1
959821,0.023296939417163154,0,0,0,1,1
837932,0.02261185432352185,0,0,0,1,1
570683,0.024504953451192534,0,0,0,1,1
783610,0.21103306164732163,1,1,0,1,1
268076,0.02723430888822709,0,0,0,1,1
966389,0.04307291081906115,0,0,0,1,1
413266,0.03263526609245652,0,0,0,1,1
516674,0.030011568884257513,0,0,0,1,1
933779,0.20318421133197373,1,0,1,1,0
385747,0.1856633436582453,1,0,1,0,0
996997,0.01186566611896974,0,0,0,1,1
530098,0.02825028653388317,0,0,0,1,1
289134,0.1557108706827905,1,0,1,0,0
904693,0.13511329565696634,0,0,0,1,1
287799,0.034650700441838954,0,0,0,1,1
945780,0.02211653709998833,0,0,0,1,1
187435,0.029277532955453992,0,0,0,1,1
789057,0.170558790496394,0,0,0,0,0
208787,0.030632251615884475,0,0,0,1,1
282545,0.16110424562574382,0,0,0,0,0
517945,0.035205565029666354,0,0,0,1,1
445549,0.020666951296346513,0,0,0,1,1
225930,0.37710447518954604,0,0,0,0,0
967274,0.17174854564791228,0,0,0,0,0
421748,0.03524298101238143,0,0,0,1,1
852253,0.08790857537883509,0,0,0,1,1
666504,0.01250014815846116,0,0,0,1,1
775639,0.03197370862037336,0,0,0,1,1
364372,0.9648035913462033,1,0,1,0,1
383826,0.02776008180012866,0,0,0,1,1
437598,0.009580073027446151,0,0,0,1,1
610432,0.030918754643738142,0,0,0,1,1
140769,0.1621144729393403,1,0,1,0,0
472921,0.18129828458089872,0,0,0,0,0
270935,0.017959283645204216,0,0,0,1,1
817613,0.020035149734058694,0,0,0,1,1
842279,0.18892546544218675,0,0,0,0,1
221446,0.03216902546821805,0,0,0,1,1
341549,0.022824265553351056,0,0,0,1,1
366116,0.032538644212182666,0,0,0,1,1
437288,0.02439936183697909,0,0,0,1,1
672781,0.04029545778535821,0,0,0,1,1
235857,0.03383861613481744,0,0,0,1,1
521545,0.026006059691844028,0,0,0,1,1
827190,0.020475739640920494,0,0,0,1,1
381284,0.16136981935326092,0,0,0,1,0
397377,0.020982980685290035,0,0,0,1,1
309108,0.02048726938824509,0,0,0,1,1
122545,0.14172179347464392,0,0,0,1,1
159227,0.024172131733236017,0,0,0,1,1
698122,0.03118271112450957,0,0,0,1,1
319378,0.027412842921074813,0,0,0,1,1
366263,0.03034880356172038,0,0,0,1,1
466781,0.37710447518954604,0,0,0,0,0
537990,0.018891067294648508,0,0,0,1,1
863751,0.027914140851864496,0,0,0,1,1
194065,0.3389143802133575,1,0,1,0,0
113874,0.37710447518954604,0,0,0,0,0
758695,0.030395744097372716,0,0,0,1,1
215639,0.170558790496394,0,0,0,0,0
953431,0.026525169368670956,0,0,0,1,1
998820,0.03717687985285152,0,0,0,1,1
400979,0.02676590172071878,0,0,0,1,1
240963,0.34278078533342504,0,0,0,0,0
943211,0.03288589700404311,0,0,0,1,1
512219,0.021054492701889825,0,0,0,1,1
953673,0.026920663453158068,0,0,0,1,1
348238,0.16313399362009065,1,1,0,0,1
347001,0.035216386469466655,0,0,0,1,1
175387,0.13450490262205128,0,0,0,1,1
180137,0.17174854564791228,0,0,0,0,0
559124,0.22986950872767867,0,0,0,1,0
369392,0.025924422719754193,0,0,0,1,1
921746,0.29793154162323604,1,0,1,0,0
421458,0.012128975667090043,0,0,0,1,1
886361,0.18892546544218675,0,0,0,0,0
376572,0.06065838396792622,0,0,0,1,1
917798,0.020242508106794056,0,0,0,1,1
647214,0.0313457775484094,0,0,0,1,1
264690,0.026192078373524195,0,0,0,1,1
150909,0.026776301636532454,0,0,0,1,1
686196,0.023344933229783305,0,0,0,1,1
181607,0.170558790496394,0,0,0,0,0
526165,0.026342212433041207,0,0,0,1,1
570406,0.030914400541287704,0,0,0,1,1
828895,0.01841755252357785,0,0,0,1,1
281571,0.03177535845414531,0,0,0,1,1
182531,0.03246732651926158,0,0,0,1,1
115633,0.01101389943715222,0,0,0,1,1
284419,0.1924333389607436,0,0,0,0,1
793154,0.031757709952518934,0,0,0,1,1
779427,0.023483134187025047,0,0,0,1,1
475700,0.21158136030607333,0,0,0,1,0
981198,0.15763217210222294,0,0,0,0,0
840135,0.170558790496394,0,0,0,0,0
158113,0.01404008395071411,0,0,0,1,1
294396,0.0278155501872677,0,0,0,1,1
114903,0.023174960281474994,0,0,0,1,1
639613,0.03389642740970873,0,0,0,1,1
817102,0.02508790223729632,0,0,0,1,1
531868,0.022788394610134922,0,0,0,1,1
826113,0.38753312559852177,0,0,0,0,0
765202,0.17391725237178432,0,0,0,1,1
136516,0.03456942674931176,0,0,0,1,1
938628,0.011042474157780459,0,0,0,1,1
965948,0.03339644717150817,0,0,0,1,1
249982,0.019813315851661142,0,0,0,1,1
456095,0.022570097379479733,0,0,0,1,1
805140,0.17391725237178432,0,0,0,1,1
845061,0.03609244713797931,0,0,0,1,1
346499,0.18892546544218675,0,0,0,0,0
397817,0.03146268847437253,0,0,0,1,1
716589,0.20404046257318878,0,0,0,0,0
756043,0.9648035913462033,1,0,1,0,1
757547,0.02499516151678178,0,0,0,1,1
934604,0.02949354711207997,0,0,0,1,1
325190,0.0188518605967091,0,0,0,1,1
114307,0.02704100985792952,0,0,0,1,1
809301,0.1557108706827905,1,0,1,0,0
468380,0.1768976592908228,1,0,1,0,0
444786,0.017299447254656385,0,0,0,1,1
842770,0.1257878319846429,0,0,0,1,1
633910,0.170558790496394,0,0,0,0,0
660958,0.010551843886638492,0,0,0,1,1
233437,0.12501320568794896,1,1,0,1,1
874158,0.16716254945742018,0,0,0,0,0
150074,0.0320711175405582,0,0,0,1,1
903379,0.013782647996804875,0,0,0,1,1
782596,0.027126227955832652,0,0,0,1,1
210498,0.024159735405978027,0,0,0,1,1
494206,0.026353540122043637,0,0,0,1,1
200681,0.020794779804708785,0,0,0,1,1
585420,0.08900042159506391,0,0,0,1,1
219747,0.023504202220359913,0,0,0,1,1
353396,0.025903775128576223,0,0,0,1,1
853272,0.03605286605742871,0,0,0,1,1
467926,0.026659204984190152,0,0,0,1,1
285631,0.028170186271311827,0,0,0,1,1
651740,0.029715961137251765,0,0,0,1,1
616500,0.027099817386207776,0,0,0,1,1
628533,0.017562030349657635,0,0,0,1,1
783438,0.18892546544218675,0,0,0,0,0
622822,0.15010234145317558,0,0,0,1,1
227796,0.023107380710329996,0,0,0,1,1
328181,0.027719087658646578,0,0,0,1,1
384686,0.014199795961917542,0,0,0,1,1
536941,0.16313399362009065,0,0,0,0,1
414584,0.02870506895684697,0,0,0,1,1
495369,0.19348179878743152,0,0,0,0,0
263237,0.027485236147421307,0,0,0,1,1
526784,0.10911821756146033,0,0,0,1,1
714962,0.025286261854027204,0,0,0,1,1
783300,0.011787099169842928,0,0,0,1,1
830818,0.09637594979136735,0,0,0,1,1
821117,0.029679850683358537,0,0,0,1,1
837360,0.022750498242093856,0,0,0,1,1
119731,0.028379008814984143,0,0,0,1,1
720557,0.030520456361608463,0,0,0,1,1
319387,0.023606043238622247,0,0,0,1,1
290756,0.02448216559027771,0,0,0,1,1
826556,0.17867211999938387,0,0,0,0,0
479766,0.01735179564113185,0,0,0,1,1
163058,0.012607150357298211,0,0,0,1,1
491690,0.31301732566934154,0,0,0,0,0
961978,0.0230905417483168,0,0,0,1,1
299034,0.018624978144379693,0,0,0,1,1
150004,0.030167068452931496,0,0,0,1,1
549562,0.15632753376175132,0,0,0,0,0
684371,0.03859637058415032,0,0,0,1,1
317624,0.026888759939516185,0,0,0,1,1
529988,0.18892546544218675,1,0,1,0,0
835764,0.03337613442952809,0,0,0,1,1
577844,0.024419307941343737,0,0,0,1,1
457797,0.021054492701889825,0,0,0,1,1
579322,0.016028836995569264,0,0,0,1,1
682194,0.02469852498127872,0,0,0,1,1
719706,0.038125193165263534,0,0,0,1,1
348056,0.11852085976742037,0,0,0,1,1
608087,0.01719687407106579,0,0,0,1,1
264733,0.020472865827702705,0,0,0,1,1
618112,0.021495167213146944,0,0,0,1,1
256502,0.02543049828561545,0,0,0,1,1
564813,0.1768976592908228,0,0,0,0,0
793328,0.12442873756268578,0,0,0,1,1
861156,0.11991330187956203,0,0,0,1,0
749883,0.024833685054201533,0,0,0,1,1
381471,0.170558790496394,1,0,1,0,0
797897,0.00878589697979312,0,0,0,1,1
823665,0.011897534993046894,0,0,0,1,1
903209,0.02441932127560857,0,0,0,1,1
949406,0.03583792894639763,0,0,0,1,1
552441,0.30359992049134976,0,0,0,0,0
908404,0.035848227017497326,1,1,0,1,1
592302,0.17764136642582515,0,0,0,1,1
111286,0.024616594690393904,0,0,0,1,1
432145,0.028758975168290565,0,0,0,1,1
554155,0.11521247855582162,0,0,0,1,1
473674,0.3281693845169154,0,0,0,0,0
909106,0.17161617550677596,0,0,0,0,0
708360,0.032685746598470955,0,0,0,1,1
512522,0.023819903936633014,0,0,0,1,1
838584,0.026341991565013802,0,0,0,1,1
785992,0.03691344502894931,0,0,0,1,1
889023,0.1621144729393403,0,0,0,0,0
326803,0.010484174270295793,0,0,0,1,1
182785,0.033212290188943984,0,0,0,1,1
183456,0.1437605734246602,0,0,0,0,0
799148,0.07982115384163946,0,0,0,1,1
192141,0.024416644754924395,0,0,0,1,1
821462,0.15476847033671204,0,0,0,1,1
738253,0.1768976592908228,1,0,1,0,0
864084,0.027092536236159544,0,0,0,1,1
841674,0.33290184698625447,1,1,0,0,0
471706,0.2001734955402525,0,0,0,1,0
584737,0.17867211999938387,0,0,0,0,0
792915,0.027153123350980055,0,0,0,1,1
959402,0.026187356294314967,0,0,0,1,1
482169,0.02133104917568948,0,0,0,1,1
491986,0.031486309041819545,0,0,0,1,1
788325,0.026160731686670147,0,0,0,1,1
920175,0.03485013319679375,0,0,0,1,1
442192,0.021862554897170094,0,0,0,1,1
812248,0.029022529602885053,0,0,0,1,1
833233,0.03100382673501737,0,0,0,1,1
744204,0.031143149910278122,0,0,0,1,1
311346,0.02888619052330037,0,0,0,1,1
525740,0.023635962959364563,0,0,0,1,1
492011,0.12057676275844852,0,0,0,1,0
415915,0.38753312559852177,0,0,0,0,0
442418,0.1532159567643419,0,0,0,1,1
127350,0.031564815304213255,0,0,0,1,1
212128,0.3071946779343104,0,0,0,0,0
470245,0.026781522006100688,0,0,0,1,1
264409,0.34887843019186215,0,0,0,0,0
302874,0.011687463357207026,0,0,0,1,1
121930,0.17174854564791228,0,0,0,0,0
199652,0.027446191826566893,0,0,0,1,1
661469,0.027672801116224447,0,0,0,1,1
787276,0.0248400731594695,0,0,0,1,1
295064,0.023493974757156838,0,0,0,1,1
172532,0.15461147456543625,0,0,0,0,0
281737,0.31301732566934154,1,1,0,0,0
324248,0.017003809876033466,0,0,0,1,1
649918,0.17161617550677596,0,0,0,0,0
773364,0.033487572526683114,0,0,0,1,1
817932,0.04439053480796565,0,0,0,1,1
472933,0.02392015080484852,0,0,0,1,1
415201,0.20013839034400774,0,0,0,0,0
311841,0.1957858119165765,0,0,0,0,0
592431,0.037588991555068084,0,0,0,1,1
580212,0.01053739003612304,0,0,0,1,1
975918,0.024337231637079976,0,0,0,1,1
892199,0.09863520064265852,0,0,0,1,1
309639,0.1779859095525094,0,0,0,0,0
512284,0.12393308110659734,0,0,0,1,1
232395,0.04546780459493583,0,0,0,1,1
237274,0.030242197826546535,0,0,0,1,1
208940,0.023814996701905185,0,0,0,1,1
106623,0.17174854564791228,0,0,0,0,0
819055,0.011483159805502925,0,0,0,1,1
913060,0.0230905417483168,0,0,0,1,1
970576,0.10133643618338564,0,0,0,1,1
210226,0.02139270045467194,0,0,0,1,1
987122,0.04504137981668062,0,0,0,1,1
285982,0.013403850812468723,0,0,0,1,1
553018,0.1768976592908228,1,0,1,0,0
341302,0.024925966907862734,0,0,0,1,1
414033,0.12379890255108333,0,0,0,1,1
951546,0.1275296053872086,0,0,0,1,1
144402,0.044187824619325244,0,0,0,1,1
588864,0.1768976592908228,0,0,0,0,0
454985,0.034386246739764335,0,0,0,1,1
370539,0.027752055888011745,0,0,0,1,1
966797,0.02333450962462529,0,0,0,1,1
595658,0.029072792121203114,0,0,0,1,1
144977,0.01553106633192366,0,0,0,1,1
300836,0.02432420082170874,0,0,0,1,1
408378,0.16110424562574382,0,0,0,0,0
575089,0.16716254945742018,1,0,1,0,0
945974,0.031180036922824228,0,0,0,1,1
947906,0.037621183030384205,0,0,0,1,1
350587,0.028988204037685216,0,0,0,1,1
829263,0.030437968625489323,0,0,0,1,1
296566,0.13485692355840218,1,1,0,1,1
320980,0.15461147456543625,0,0,0,0,1
409156,0.021249869031608103,0,0,0,1,1
549444,0.039390995740392815,0,0,0,1,1
633749,0.03142204711451946,0,0,0,1,1
649961,0.015291629209922695,0,0,0,1,1
401857,0.03777760159480313,0,0,0,1,1
605803,0.028928705528034632,0,0,0,1,1
359275,0.03241883268452231,0,0,0,1,1
457456,0.015936919976620594,0,0,0,1,1
532464,0.02279534933543587,0,0,0,1,1
965254,0.31301732566934154,0,0,0,0,0
161045,0.03409146908543454,1,1,0,1,1
443865,0.010800411805033388,0,0,0,1,1
489394,0.1768976592908228,0,0,0,0,0
675936,0.02134446025044045,0,0,0,1,1
423844,0.17867211999938387,1,0,1,0,0
205156,0.033182057134485375,0,0,0,1,1
653572,0.028156177174099878,0,0,0,1,1
137858,0.16555707566142222,1,1,0,0,0
597532,0.022471425633457335,0,0,0,1,1
600309,0.31301732566934154,0,0,0,0,0
907209,0.02541937152804508,0,0,0,1,1
153582,0.37710447518954604,0,0,0,0,0
149846,0.020729890007992337,0,0,0,1,1
547016,0.02945021204911043,0,0,0,1,1
147064,0.011506864292862129,0,0,0,1,1
194762,0.9652689371317561,1,0,1,0,1
227547,0.03413458174852565,0,0,0,1,1
382271,0.032058445957290106,0,0,0,1,1
109495,0.023606043238622247,0,0,0,1,1
127039,0.027395905392395135,0,0,0,1,1
722120,0.025410091001223687,0,0,0,1,1
784847,0.032703860327922926,0,0,0,1,1
716197,0.337347091391873,0,0,0,0,0
106037,0.02991597021284872,0,0,0,1,1
873169,0.032398402326154783,0,0,0,1,1
209249,0.051946634738951517,0,0,0,1,1
428903,0.026876054733302603,0,0,0,1,1
542296,0.01876231130395914,0,0,0,1,1
961639,0.027454204673956463,0,0,0,1,1
868552,0.170558790496394,0,0,0,0,0
529922,0.028242862974866622,0,0,0,1,1
919437,0.027138402248873348,0,0,0,1,1
142855,0.02042446059626912,0,0,0,1,1
282472,0.1779859095525094,0,0,0,0,0
612995,0.02095452280690066,0,0,0,1,1
883025,0.170558790496394,0,0,0,0,0
165550,0.02891437679097702,0,0,0,1,1
190052,0.024169501496734025,0,0,0,1,1
475974,0.01887000977710809,0,0,0,1,1
355906,0.023969347475816912,0,0,0,1,1
563076,0.02911146810889189,0,0,0,1,1
894478,0.03375024577173128,0,0,0,1,1
787875,0.03549954116710509,0,0,0,1,1
828643,0.031784800576058016,0,0,0,1,1
423686,0.027481139021141663,0,0,0,1,1
265975,0.008225546328052299,0,0,0,1,1
545889,0.1622409496383789,1,0,1,0,0
952077,0.018753231343433534,0,0,0,1,1
587867,0.13812433308356958,0,0,0,1,0
862097,0.12827011763333465,0,0,0,1,0
683487,0.010068763542109173,0,0,0,1,1
524586,0.10645502656378852,0,0,0,1,1
632097,0.02486098777965112,0,0,0,1,1
105335,0.029322017622854746,0,0,0,1,1
306676,0.04661547351571358,0,0,0,1,1
263267,0.1768976592908228,1,0,1,0,0
255425,0.024928628889764885,0,0,0,1,1
286942,0.12329956763673082,0,0,0,1,1
249693,0.011380259429671809,0,0,0,1,1
849298,0.023186599863531592,0,0,0,1,1
978712,0.1437605734246602,0,0,0,0,0
642976,0.31301732566934154,0,0,0,0,0
335964,0.03312734200566358,0,0,0,1,1
755759,0.03150423104021392,0,0,0,1,1
681887,0.012646116373546727,0,0,0,1,1
409741,0.028941931065398815,0,0,0,1,1
505167,0.17867211999938387,0,0,0,0,0
217772,0.12797236602784873,0,0,0,1,1
261715,0.022541685971895695,0,0,0,1,1
600563,0.03391311520763033,0,0,0,1,1
487605,0.013491062640456809,0,0,0,1,1
106592,0.0659426761873481,0,0,0,1,1
525548,0.02632516911483423,0,0,0,1,1
138653,0.1957858119165765,0,0,0,0,0
642401,0.19530261741322982,1,1,0,1,1
111034,0.03167300954680557,0,0,0,1,1
629394,0.09022447479017777,0,0,0,1,1
937922,0.02884300187545708,0,0,0,1,1
674805,0.032594032320558255,0,0,0,1,1
740577,0.02714589245981359,0,0,0,1,1
481191,0.11285195048884317,0,0,0,1,1
191537,0.023372654394381655,0,0,0,1,1
609174,0.02867212544025462,0,0,0,1,1
261077,0.013444925603322612,0,0,0,1,1
579883,0.170558790496394,0,0,0,0,0
523194,0.34728926954073536,1,1,0,0,0
463146,0.2554512392083387,1,1,0,1,1
792361,0.11163534409067673,0,0,0,1,1
823208,0.029214930110201737,0,0,0,1,1
467175,0.03022592627307768,0,0,0,1,1
835377,0.0917369409948168,0,0,0,1,1
124056,0.020472865827702705,0,0,0,1,1
904992,0.31301732566934154,0,0,0,0,0
369035,0.029771885829088962,0,0,0,1,1
619826,0.02703253128570919,0,0,0,1,1
683470,0.03702262937434738,0,0,0,1,1
825217,0.02600047616807297,0,0,0,1,1
534481,0.018816357187210753,0,0,0,1,1
691909,0.013704338299890132,0,0,0,1,1
756891,0.025758963023287236,0,0,0,1,1
445879,0.0223803658872917,0,0,0,1,1
701645,0.30359992049134976,0,0,0,0,0
959778,0.16110424562574382,0,0,0,0,0
148382,0.1322336576275349,0,0,0,1,1
544337,0.1914274982884676,0,0,0,1,0
194482,0.0443403885283671,0,0,0,1,1
364264,0.034453600380906196,0,0,0,1,1
523897,0.026665119193380764,0,0,0,1,1
907025,0.029965441812656538,0,0,0,1,1
503242,0.18892546544218675,0,0,0,0,0
694942,0.023456390991043723,0,0,0,1,1
476539,0.026192078373524195,0,0,0,1,1
272787,0.02024394129061248,0,0,0,1,1
603077,0.029410014990490223,0,0,0,1,1
227239,0.04008031673994653,0,0,0,1,1
285579,0.37710447518954604,0,0,0,0,0
628578,0.015177815780514808,0,0,0,1,1
726268,0.029115387142540135,0,0,0,1,1
483863,0.025074377976516047,0,0,0,1,1
213841,0.024807269223175197,0,0,0,1,1
179603,0.02342017847931665,0,0,0,1,1
221721,0.02864246589686406,0,0,0,1,1
956946,0.023949388735142685,0,0,0,1,1
317100,0.03468102917315606,0,0,0,1,1
707114,0.012348153649377167,0,0,0,1,1
722368,0.024286918568440542,0,0,0,1,1
214661,0.03138444340633858,0,0,0,1,1
855384,0.021811915905241334,0,0,0,1,1
192136,0.012753170097171957,0,0,0,1,1
365619,0.018687859008637644,0,0,0,1,1
598711,0.1482207538017234,0,0,0,0,1
670985,0.009696434453138222,0,0,0,1,1
753887,0.019781011791536834,0,0,0,1,1
124038,0.027602941689195946,0,0,0,1,1
516242,0.029245840586185245,0,0,0,1,1
211966,0.019448824205026267,0,0,0,1,1
677045,0.02036697783387438,0,0,0,1,1
238193,0.03224252026211376,1,1,0,1,1
482370,0.16716254945742018,0,0,0,0,0
816420,0.026485473056178738,0,0,0,1,1
472532,0.17391725237178432,0,0,0,1,1
750665,0.014961280340820626,0,0,0,1,1
344483,0.03197037453365123,0,0,0,1,1
488188,0.028187188815520025,0,0,0,1,1
667974,0.011379821294976361,0,0,0,1,1
800220,0.3389143802133575,0,0,0,0,0
972673,0.11272462714861538,0,0,0,1,1
250194,0.9648035913462033,1,0,1,0,1
659781,0.02783663866683921,0,0,0,1,1
760196,0.03922489440200141,0,0,0,1,1
187175,0.03238434933961058,0,0,0,1,1
812599,0.025308165664162732,0,0,0,1,1
702161,0.08543376266943367,0,0,0,0,0
352702,0.03146268847437253,0,0,0,1,1
186469,0.16047232391517835,0,0,0,0,0
380709,0.1779859095525094,0,0,0,0,0
313473,0.02235696563204459,0,0,0,1,1
562376,0.030938924098270718,0,0,0,1,1
212209,0.01989673571511484,0,0,0,1,1
469616,0.093909995552038,0,0,0,1,1
740025,0.03150084821816204,0,0,0,1,1
308202,0.1924333389607436,0,0,0,0,0
973112,0.02590363609996532,0,0,0,1,1
291509,0.34887843019186215,0,0,0,0,0
228995,0.026183124493856815,0,0,0,1,1
666222,0.028882596724857212,0,0,0,1,1
560283,0.030220574698667416,1,1,0,1,1
330870,0.170558790496394,0,0,0,0,0
394941,0.023029999671455362,0,0,0,1,1
394715,0.011597041998985983,0,0,0,1,1
828816,0.014871788265791592,0,0,0,1,1
762971,0.1768976592908228,0,0,0,0,0
400224,0.03123307387025476,0,0,0,1,1
130208,0.021194455999573137,0,0,0,1,1
950213,0.02914599533692909,0,0,0,1,1
690969,0.011562263972710785,0,0,0,1,1
775170,0.046971459796277495,0,0,0,1,1
790178,0.010440684474323137,0,0,0,1,1
517222,0.11487003519905571,0,0,0,1,1
910645,0.17161617550677596,0,0,0,0,1
834726,0.337347091391873,0,0,0,0,0
901578,0.04089438780719073,0,0,0,1,1
565227,0.15461147456543625,1,0,1,0,0
527656,0.03810022826950294,1,1,0,1,1
651277,0.18892546544218675,1,0,1,0,0
962480,0.34887843019186215,1,0,1,0,0
692992,0.020917997959190967,0,0,0,1,1
120164,0.03237104463545349,0,0,0,1,1
768113,0.03022592627307768,0,0,0,1,1
156879,0.2694989831653001,0,0,0,0,0
427358,0.2431066532521009,1,1,0,1,1
364153,0.026784009060972246,0,0,0,1,1
424526,0.20669053919918062,0,0,0,1,1
838032,0.026335129325585797,0,0,0,1,1
615327,0.13138113728971312,0,0,0,1,1
263921,0.020441900608623293,0,0,0,1,1
994679,0.170558790496394,1,1,0,0,1
549598,0.13230953548370852,1,1,0,1,1
834760,0.021158288440005443,0,0,0,1,1
607123,0.13571213988983102,0,0,0,1,0
789001,0.018208194334602024,0,0,0,1,1
134470,0.02607122551430182,0,0,0,1,1
164374,0.027663698399572924,0,0,0,1,1
498573,0.055435240406211436,1,1,0,1,1
822749,0.15483579350591548,0,0,0,1,0
537421,0.04308527404678783,1,1,0,1,1
240760,0.038264417871464215,0,0,0,1,1
882725,0.04077491328365079,0,0,0,1,1
196240,0.025909315878939607,0,0,0,1,1
914799,0.34887843019186215,0,0,0,0,0
867284,0.1768976592908228,0,0,0,0,0
551296,0.02124675934506455,0,0,0,1,1
272848,0.25502362958977226,0,0,0,1,0
278307,0.027913466593118975,0,0,0,1,1
410938,0.02724548885458553,0,0,0,1,1
880709,0.1957858119165765,0,0,0,0,0
116562,0.17174854564791228,0,0,0,0,0
891105,0.18129828458089872,1,0,1,0,0
272001,0.01215149313040515,0,0,0,1,1
492036,0.11719870642356262,1,1,0,1,1
568329,0.02370552476015513,0,0,0,1,1
182148,0.028913112071325874,0,0,0,1,1
356460,0.33134842657742264,0,0,0,0,0
860206,0.08981132920926388,0,0,0,1,1
595980,0.029260186669527104,0,0,0,1,1
586446,0.022356725095643376,0,0,0,1,1
407999,0.023445818670870363,0,0,0,1,1
514451,0.027011303728408643,0,0,0,1,1
226710,0.024031572748228414,0,0,0,1,1
900505,0.035745686720577555,0,0,0,1,1
226360,0.01134911324477541,0,0,0,1,1
585039,0.030625026057929605,0,0,0,1,1
114857,0.040785941924131035,0,0,0,1,1
304870,0.1957858119165765,1,0,1,0,0
160154,0.026887426012309267,0,0,0,1,1
322501,0.02250925300018805,0,0,0,1,1
364049,0.01765886471463412,0,0,0,1,1
251211,0.1568297481110421,0,0,0,0,1
656027,0.41384870359152587,0,0,0,0,0
395324,0.021347145316238825,0,0,0,1,1
538795,0.09530469390547754,0,0,0,1,1
363780,0.1622409496383789,0,0,0,0,0
711129,0.9659984677160494,1,0,1,0,1
344039,0.170558790496394,0,0,0,0,0
906267,0.022149919785403555,0,0,0,1,1
297621,0.01930597919333433,0,0,0,1,1
428402,0.04518351298144599,0,0,0,1,1
216359,0.09926721201882457,0,0,0,0,0
424270,0.08543376266943367,0,0,0,0,1
549200,0.031121024814720774,1,1,0,1,1
288530,0.047635649275404736,0,0,0,1,1
350901,0.12281689729695433,0,0,0,1,1
388140,0.028770394655430635,0,0,0,1,1
646137,0.010425694686808708,0,0,0,1,1
331699,0.027293426961587382,0,0,0,1,1
356955,0.026277130152524912,0,0,0,1,1
718972,0.022345130155546466,0,0,0,1,1
826136,0.029734790002931458,0,0,0,1,1
278983,0.036897592679362684,0,0,0,1,1
584880,0.02490436433865539,0,0,0,1,1
212553,0.18794584822919977,0,0,0,0,0
398846,0.08365242864271699,0,0,0,1,1
541961,0.021336448482207695,0,0,0,1,1
549715,0.01921092283800729,0,0,0,1,1
883376,0.33876357608037516,0,0,0,0,0
375540,0.04246519158110476,0,0,0,1,1
477676,0.03303198915104925,0,0,0,1,1
628618,0.03223106802663938,0,0,0,1,1
918163,0.03581756971869853,0,0,0,1,1
489301,0.025823278867645235,1,1,0,1,1
162420,0.02547745207091857,0,0,0,1,1
259252,0.0216634058515624,0,0,0,1,1
203625,0.014200965025908088,0,0,0,1,1
124088,0.03324358794835886,0,0,0,1,1
945064,0.010882053118610097,0,0,0,1,1
148570,0.31301732566934154,1,1,0,0,0
352653,0.02847397893228301,0,0,0,1,1
405699,0.010737319750458066,0,0,0,1,1
815328,0.03625447312991075,0,0,0,1,1
880740,0.11855396740956724,0,0,0,1,1
623071,0.09666323985947385,0,0,0,1,1
708892,0.030460783535688322,0,0,0,1,1
364895,0.024524701983510724,0,0,0,1,1
771960,0.03755245547593801,0,0,0,1,1
409684,0.03235907079247842,0,0,0,1,1
909328,0.03172623754639106,0,0,0,1,1
177962,0.03146268847437253,0,0,0,1,1
101768,0.17174854564791228,0,0,0,0,0
793423,0.021801430383054043,0,0,0,1,1
642738,0.1622409496383789,0,0,0,0,0
251195,0.012922877243630022,0,0,0,1,1
935313,0.1621144729393403,0,0,0,0,0
257236,0.010870794749515467,0,0,0,1,1
626068,0.16047232391517835,0,0,0,0,0
217401,0.13468298798942377,1,1,0,1,1
563633,0.025556057477540254,0,0,0,1,1
757879,0.029991996018978635,0,0,0,1,1
591234,0.18892546544218675,0,0,0,0,0
497576,0.38115536495613056,0,0,0,0,0
126466,0.010002323557583638,0,0,0,1,1
320576,0.026936280638489844,0,0,0,1,1
794480,0.13112985976038824,0,0,0,1,1
830225,0.13877223169937503,0,0,0,1,0
423336,0.11774708409525672,0,0,0,1,1
377724,0.017831539689104337,0,0,0,1,1
800137,0.025777440581514363,0,0,0,1,1
232685,0.024824096352852248,0,0,0,1,1
784782,0.01651390371809223,0,0,0,1,1
991924,0.02976377720629088,0,0,0,1,1
257862,0.18892546544218675,0,0,0,0,1
479960,0.04602495037700871,0,0,0,1,1
109552,0.026911101482430567,0,0,0,1,1
915198,0.012375808821924855,0,0,0,1,1
152276,0.03491876143707385,0,0,0,1,1
475175,0.12323163542795106,0,0,0,1,1
593421,0.032697273976993284,0,0,0,1,1
872676,0.029450336833062127,0,0,0,1,1
175488,0.03268397598814265,0,0,0,1,1
561654,0.029022402928471334,0,0,0,1,1
719850,0.9659984677160494,1,0,1,0,1
721372,0.025533497976572634,0,0,0,1,1
706970,0.37710447518954604,1,0,1,0,0
289133,0.023538131530281454,0,0,0,1,1
733907,0.17174854564791228,0,0,0,0,0
939428,0.027645737280643422,0,0,0,1,1
754416,0.09546660979819405,0,0,0,1,1
658546,0.025729297485256677,0,0,0,1,1
802860,0.024832667433632404,0,0,0,1,1
895878,0.02692298794465662,0,0,0,1,1
484446,0.03943120103649507,0,0,0,1,1
116932,0.02559604936749103,0,0,0,1,1
281608,0.028045951067585072,0,0,0,1,1
506572,0.03209155730592647,0,0,0,1,1
618877,0.18892546544218675,0,0,0,0,0
782393,0.30359992049134976,0,0,0,0,0
196992,0.0544964771907081,0,0,0,1,1
255267,0.023949388735142685,0,0,0,1,1
789120,0.03787273324719234,0,0,0,1,1
429692,0.15855975209077205,1,1,0,1,1
997654,0.027687145082063866,0,0,0,1,1
832921,0.019734309325360116,0,0,0,1,1
324900,0.15632753376175132,0,0,0,0,0
572668,0.024337231637079976,0,0,0,1,1
185774,0.031203976897068126,0,0,0,1,1
170534,0.9659984677160494,1,0,1,0,1
111022,0.015136212506484791,0,0,0,1,1
419377,0.012916540432130396,0,0,0,1,1
797078,0.009599520512279724,0,0,0,1,1
428757,0.012886725107638391,0,0,0,1,1
131560,0.01085446824832184,0,0,0,1,1
963690,0.1779859095525094,0,0,0,0,1
277094,0.011792842242121003,0,0,0,1,1
696096,0.024172131733236017,0,0,0,1,1
717359,0.1768976592908228,0,0,0,0,0
518834,0.027297072157220048,0,0,0,1,1
539125,0.02862681492884201,1,1,0,1,1
399372,0.01162493822282063,0,0,0,1,1
845807,0.022654570034861973,0,0,0,1,1
969586,0.3008104045186371,0,0,0,1,0
556164,0.02522129687119178,0,0,0,1,1
345572,0.023165084301259894,0,0,0,1,1
428853,0.38753312559852177,0,0,0,0,0
888049,0.02314200875948377,0,0,0,1,1
184456,0.013147348865963865,0,0,0,1,1
873426,0.18892546544218675,1,1,1,0,1
334324,0.02460482552662681,0,0,0,1,1
396867,0.18892546544218675,0,0,0,0,0
496675,0.30359992049134976,0,0,0,0,0
265566,0.026498099915843867,0,0,0,1,1
301301,0.014953388116549237,0,0,0,1,1
931914,0.024819703995009157,0,0,0,1,1
556865,0.09643165759439576,0,0,0,1,1
230693,0.017915180378566726,0,0,0,1,1
810693,0.16047232391517835,0,0,0,0,0
921903,0.16047232391517835,1,0,1,0,0
185857,0.033784703280185145,0,0,0,1,1
947001,0.03641500436624677,0,0,0,1,1
156980,0.16555707566142222,0,0,0,0,0
336724,0.035549613080064754,0,0,0,1,1
859730,0.029979450576624326,0,0,0,1,1
344464,0.029151102523592032,0,0,0,1,1
304779,0.025038791811725032,0,0,0,1,1
302158,0.017055857577797102,0,0,0,1,1
474333,0.01968980638440668,0,0,0,1,1
620122,0.00930892230420873,0,0,0,1,1
692328,0.01882896071290582,0,0,0,1,1
920100,0.01977669291196041,0,0,0,1,1
799781,0.01526341209226012,0,0,0,1,1
385912,0.0353432385036745,0,0,0,1,1
929410,0.012380683947058633,0,0,0,1,1
912939,0.25902533814691087,1,1,0,1,1
418327,0.030287716128730168,0,0,0,1,1
804536,0.03395773426057737,0,0,0,1,1
141945,0.05994130488913647,0,0,0,1,1
796484,0.02988948571190697,0,0,0,1,1
763341,0.037419898273967744,0,0,0,1,1
659419,0.02032960129580994,0,0,0,1,1
798433,0.03611468059515846,0,0,0,1,1
385358,0.024513901353465466,0,0,0,1,1
312048,0.011743216229538748,0,0,0,1,1
480259,0.1290701315327916,0,0,0,1,1
501976,0.02568420676842339,0,0,0,1,1
502376,0.02312899137285162,0,0,0,1,1
425477,0.170558790496394,1,0,1,0,0
585082,0.02594368525726602,0,0,0,1,1
451961,0.9659984677160494,1,0,1,0,1
604461,0.030472174694389866,0,0,0,1,1
834304,0.02868320834886294,0,0,0,1,1
773418,0.023464477040055488,0,0,0,1,1
841770,0.15461147456543625,0,0,0,0,0
754042,0.013857301415838318,0,0,0,1,1
642002,0.029630893379196516,0,0,0,1,1
369229,0.03004657803361904,0,0,0,1,1
551946,0.030968472474711135,0,0,0,1,1
542043,0.024569236113857678,0,0,0,1,1
840866,0.02480279661468532,0,0,0,1,1
108625,0.0209066754470928,0,0,0,1,1
624407,0.027827742118596538,0,0,0,1,1
950446,0.03314252520612227,0,0,0,1,1
822956,0.03365834409256773,0,0,0,1,1
631543,0.0364487600416224,0,0,0,1,1
440642,0.031486309041819545,0,0,0,1,1
966953,0.022950503585908246,0,0,0,1,1
933259,0.09919596932733024,0,0,0,1,0
244367,0.026366208259378594,0,0,0,1,1
298181,0.024171697688315532,0,0,0,1,1
793904,0.0317088082707728,0,0,0,1,1
921059,0.09666323985947385,0,0,0,1,1
334997,0.012933005476661635,0,0,0,1,1
328446,0.04045156126825692,0,0,0,1,1
925504,0.03258082967774184,0,0,0,1,1
693133,0.011787416379896692,0,0,0,1,1
499890,0.008507741350411699,0,0,0,1,1
406810,0.033159466370531625,0,0,0,1,1
545947,0.029707161622618227,0,0,0,1,1
800610,0.021054492701889825,0,0,0,1,1
209787,0.009541793519571554,0,0,0,1,1
947497,0.11127149730462765,0,0,0,1,1
386342,0.027601931872255205,0,0,0,1,1
557519,0.02331933928963295,0,0,0,1,1
260408,0.027597542149077822,0,0,0,1,1
672236,0.022024679416523092,0,0,0,1,1
585316,0.10822329957577105,0,0,0,1,1
268129,0.02174297088281865,0,0,0,1,1
506252,0.10203638610851568,0,0,0,1,1
203306,0.30148823912162387,0,0,0,0,0
694241,0.025030086286187105,0,0,0,1,1
297306,0.033072018873513916,0,0,0,1,1
814894,0.1957858119165765,0,0,0,0,0
220892,0.029757717320500133,0,0,0,1,1
387307,0.38753312559852177,0,0,0,0,0
725835,0.04247358431170557,0,0,0,1,1
894322,0.10343590515708066,0,0,0,1,1
137646,0.03871655683763156,0,0,0,1,1
828967,0.010315527704299643,0,0,0,1,1
344413,0.02359107127723284,0,0,0,1,1
968253,0.02211654920532183,0,0,0,1,1
167578,0.01381750356283575,0,0,0,1,1
648380,0.031208431845228778,0,0,0,1,1
379836,0.027621300962826525,0,0,0,1,1
159397,0.029253403575124258,0,0,0,1,1
585975,0.024479968743029677,0,0,0,1,1
126424,0.025878856570977365,0,0,0,1,1
149174,0.16555707566142222,0,0,0,0,0
975407,0.021065215702400344,0,0,0,1,1
296097,0.4090026403474709,1,1,0,1,1
129827,0.03193612303445916,0,0,0,1,1
491643,0.170558790496394,0,0,0,0,0
175902,0.31301732566934154,0,0,0,0,0
794625,0.963680115484807,1,0,1,0,1
106218,0.0369312682495965,0,0,0,1,1
283437,0.03196537650646676,0,0,0,1,1
631100,0.1499928518888076,0,0,0,0,0
903534,0.028722508261922207,0,0,0,1,1
955087,0.1683806307756235,0,0,0,1,1
846458,0.13089037054543315,0,0,0,1,1
473775,0.026050414529267794,0,0,0,1,1
627354,0.024861799686163037,0,0,0,1,1
131098,0.0104724554690849,0,0,0,1,1
621823,0.170558790496394,0,0,0,0,0
750130,0.02730064141590317,0,0,0,1,1
817069,0.37710447518954604,0,0,0,0,0
949821,0.15874901407061084,0,0,0,0,1
662936,0.014034929063721386,0,0,0,1,1
985707,0.170558790496394,0,0,0,0,0
895080,0.1979827190964447,0,0,0,0,0
424793,0.029742397752256237,0,0,0,1,1
106509,0.6028691790041827,1,1,0,0,1
967443,0.030090767523563596,0,0,0,1,1
152355,0.010291495189909999,0,0,0,1,1
511875,0.02032960129580994,0,0,0,1,1
913156,0.2881437310837422,0,0,0,1,0
838634,0.02177535918474989,0,0,0,1,1
404106,0.05097196611303742,0,0,0,1,1
164192,0.0644074090725579,0,0,0,1,1
777197,0.02181891864477263,0,0,0,1,1
878240,0.023774223198452835,0,0,0,1,1
122173,0.9659984677160494,1,0,1,0,1
478108,0.34728926954073536,0,0,0,0,0
292061,0.021420560561488704,0,0,0,1,1
353308,0.30359992049134976,1,0,1,0,0
646399,0.06498337555661093,0,0,0,1,1
331560,0.03163128615898797,0,0,0,1,1
363967,0.38753312559852177,0,0,0,0,0
465864,0.1622409496383789,0,0,0,0,0
981427,0.015878756767518147,0,0,0,1,1
277826,0.9648035913462033,1,0,1,0,1
135257,0.30359992049134976,0,0,0,0,0
715792,0.043065040197253344,1,1,0,1,1
175017,0.03143313608770619,0,0,0,1,1
564114,0.025977961049541285,0,0,0,1,1
228896,0.01941699898547147,0,0,0,1,1
271235,0.10495426340775228,0,0,0,1,1
382252,0.03098512851644024,0,0,0,1,1
626030,0.029578411412242652,0,0,0,1,1
492973,0.34728926954073536,0,0,0,0,0
290465,0.022784081237291465,0,0,0,1,1
329910,0.19987000327786403,0,0,0,0,0
503257,0.14418295753167573,0,0,0,1,1
357059,0.34887843019186215,0,0,0,0,0
507005,0.023589755946905665,0,0,0,1,1
103490,0.01628813866152216,0,0,0,1,1
922047,0.09964675913046722,0,0,0,1,1
805902,0.1957858119165765,0,0,0,0,0
107119,0.01943449440663423,0,0,0,1,1
584727,0.024366883718311638,0,0,0,1,1
742666,0.18892546544218675,0,0,0,0,0
270499,0.033137614889996725,0,0,0,1,1
665454,0.17161617550677596,0,0,0,0,0
568525,0.026240445038172706,0,0,0,1,1
947763,0.170558790496394,0,0,0,0,0
667781,0.023107380710329996,0,0,0,1,1
537013,0.03022592627307768,0,0,0,1,1
978040,0.17174854564791228,0,0,0,0,0
685518,0.14724650551659932,1,1,0,1,1
834943,0.009541793519571554,0,0,0,1,1
239605,0.018773408697133225,0,0,0,1,1
365208,0.18892546544218675,0,0,0,0,0
914044,0.027854603006838348,0,0,0,1,1
411586,0.02141534418246816,0,0,0,1,1
472824,0.0344017621404457,0,0,0,1,1
900083,0.03283325812605734,0,0,0,1,1
911503,0.02333667613551024,0,0,0,1,1
712426,0.03982046131488323,0,0,0,1,1
512097,0.027685711361725877,0,0,0,1,1
643059,0.030692927948455188,0,0,0,1,1
246187,0.023784452509141855,0,0,0,1,1
333295,0.021537390436025355,0,0,0,1,1
815643,0.034014486087173675,0,0,0,1,1
688533,0.01963656312013939,0,0,0,1,1
677329,0.08740277227201777,0,0,0,1,1
953448,0.31301732566934154,0,0,0,0,0
732808,0.0305651801375588,0,0,0,1,1
764595,0.02032960129580994,0,0,0,1,1
738431,0.03289159320819491,0,0,0,1,1
334437,0.02530703958524388,0,0,0,1,1
989746,0.010337601355455561,0,0,0,1,1
476068,0.011762085546035809,0,0,0,1,1
735263,0.035819717812575695,0,0,0,1,1
739352,0.023000251139174643,0,0,0,1,1
380788,0.024022217300237885,1,1,1,1,1
380954,0.1557108706827905,0,0,0,0,0
509810,0.027637078689070182,0,0,0,1,1
735038,0.03523122492865519,0,0,0,1,1
459404,0.020142234190173105,0,0,0,1,1
620969,0.16525310458122935,0,0,0,0,0
762072,0.10446097093781082,0,0,0,1,1
672600,0.02924580205126216,0,0,0,1,1
194493,0.029735756223720412,0,0,0,1,1
693922,0.026341991565013802,0,0,0,1,1
454514,0.10770239262136114,0,0,0,1,1
753141,0.33134842657742264,0,0,0,0,0
208368,0.34728926954073536,0,0,0,0,0
795084,0.11966089239081089,0,0,0,1,1
828924,0.15844165670460347,0,0,0,0,1
139699,0.18892546544218675,0,0,0,0,0
815381,0.9659984677160494,1,0,1,0,1
819842,0.11875183285206635,0,0,0,1,1
758789,0.1138386911141708,0,0,0,1,1
390480,0.20013839034400774,0,0,0,0,0
413994,0.02639973754479618,0,0,0,1,1
683838,0.07799865063916611,0,0,0,1,1
480957,0.02032960129580994,0,0,0,1,1
434807,0.010876924716204689,0,0,0,1,1
950707,0.00942338908092905,0,0,0,1,1
638469,0.31301732566934154,0,0,0,0,0
130497,0.30359992049134976,0,0,0,0,0
128587,0.1110412102323232,0,0,0,1,1
576110,0.026843342128943338,0,0,0,1,1
843378,0.12029527265350655,0,0,0,1,0
700650,0.09782852319187664,1,1,1,1,1
942191,0.38753312559852177,1,1,0,0,0
237402,0.02778628306865294,0,0,0,1,1
353076,0.170558790496394,0,0,0,0,0
878575,0.0283288537168103,0,0,0,1,1
340802,0.032318925609259,0,0,0,1,1
486831,0.023907473515235686,0,0,0,1,1
952696,0.15461147456543625,0,0,0,0,1
173398,0.0267785255546013,0,0,0,1,1
832301,0.010944873082296865,0,0,0,1,1
851499,0.38753312559852177,1,1,0,0,0
535151,0.011919829675271108,0,0,0,1,1
881362,0.12818027539464866,0,0,0,1,1
678205,0.5004579720674003,0,0,0,0,1
312744,0.1768976592908228,0,0,0,0,0
910416,0.1812287322197145,0,0,0,0,0
999940,0.15173528888305335,0,0,0,1,1
222490,0.02396834809974824,0,0,0,1,1
550539,0.17174854564791228,0,0,0,0,0
687984,0.9659984677160494,1,0,1,0,1
882911,0.02227090022588464,0,0,0,1,1
751718,0.029015045944050983,0,0,0,1,1
976007,0.01853210181801106,0,0,0,1,1
647956,0.1248465478409195,0,0,0,1,1
981691,0.11164414260061432,0,0,0,1,1
145017,0.16110424562574382,0,0,0,0,0
193827,0.03032793555028346,0,0,0,1,1
594672,0.031074510305888266,0,0,0,1,1
667314,0.026703769761977855,1,1,0,1,1
452342,0.023949388735142685,0,0,0,1,1
699751,0.02436583454010495,0,0,0,1,1
330278,0.02705019521740495,0,0,0,1,1
467894,0.4915147470653993,1,0,1,0,1
160640,0.02817723118419688,0,0,0,1,1
452994,0.34728926954073536,0,0,0,0,0
601341,0.03030877670878158,0,0,0,1,1
641039,0.051277478988257984,0,0,0,1,1
737542,0.027777255392283044,0,0,0,1,1
497281,0.37710447518954604,0,0,0,0,0
687401,0.020313680983247907,0,0,0,1,1
462036,0.13551026196108595,0,0,0,1,1
412880,0.0279189022932625,0,0,0,1,1
558040,0.05495052868939448,0,0,0,1,1
994940,0.024679060343048533,0,0,0,1,1
732231,0.02005553615742968,0,0,0,1,1
395622,0.028148555051646425,0,0,0,1,1
812894,0.02329544552331863,0,0,0,1,1
888357,0.02632850744501984,0,0,0,1,1
404805,0.170558790496394,0,0,0,0,0
866455,0.041963544255941516,0,0,0,1,1
164947,0.036697437522701194,0,0,0,1,1
109517,0.029101133533981433,0,0,0,1,1
801788,0.026491890498826283,0,0,0,1,1
865198,0.023774223198452835,0,0,0,1,1
718752,0.026370202530000445,0,0,0,1,1
750199,0.0649221343338558,1,1,0,1,1
220822,0.02051388760719061,0,0,0,1,1
477654,0.1424562997505387,0,0,0,1,0
755290,0.023635962959364563,0,0,0,1,1
790165,0.0259585924172753,0,0,0,1,1
131772,0.03302994134833106,0,0,0,1,1
736220,0.17082425651690883,0,0,0,0,0
184959,0.028242365463423395,0,0,0,1,1
904704,0.032915011931490094,0,0,0,1,1
501490,0.03459607871982224,0,0,0,1,1
727348,0.04970045123846064,0,0,0,1,1
481590,0.1957858119165765,0,0,0,0,0
483125,0.03060962796112428,0,0,0,1,1
688319,0.019493147831602865,0,0,0,1,1
800196,0.21130667819460228,0,0,0,0,0
148677,0.15763217210222294,1,0,1,0,0
517739,0.01995359673118052,0,0,0,1,1
640009,0.1598104614695122,0,0,0,1,1
398351,0.0409696540392921,0,0,0,1,1
669894,0.02753786224270365,0,0,0,1,1
643476,0.337347091391873,0,0,0,0,0
993266,0.024165616318432916,0,0,0,1,1
808096,0.03768752471638146,0,0,0,1,1
833322,0.02725367971519304,0,0,0,1,1
853438,0.021546312761522312,0,0,0,1,1
887209,0.03512270850974736,0,0,0,1,1
912712,0.039976474929901064,0,0,0,1,1
479445,0.023033698943612086,0,0,0,1,1
757696,0.008767555598199426,0,0,0,1,1
254361,0.013018373597245095,0,0,0,1,1
380262,0.024639917356037187,0,0,0,1,1
274765,0.16047232391517835,0,0,0,0,0
665024,0.02557794629596401,0,0,0,1,1
958544,0.025968676307142755,0,0,0,1,1
350631,0.027307642303315928,0,0,0,1,1
746061,0.03422717552523759,0,0,0,1,1
830836,0.9648035913462033,1,0,1,0,1
933208,0.022260674771404684,0,0,0,1,1
921624,0.1924333389607436,0,0,0,0,0
312979,0.02358114866932126,0,0,0,1,1
485745,0.039662330618121834,0,0,0,1,1
476652,0.03218498816980002,0,0,0,1,1
595083,0.02845761213382175,0,0,0,1,1
121856,0.051272261641520454,0,0,0,1,1
371969,0.023406528823054506,0,0,0,1,1
428114,0.19729506222194318,0,0,0,1,0
670981,0.9683499154357753,1,0,1,0,1
773571,0.317553340040366,1,1,0,1,1
510865,0.0336745548044386,0,0,0,1,1
123727,0.170558790496394,0,0,0,0,0
456958,0.011697718740676844,0,0,0,1,1
508022,0.009290399963966566,0,0,0,1,1
787660,0.02479801725683534,0,0,0,1,1
329839,0.02659960771253992,0,0,0,1,1
917685,0.1471351616452285,0,0,0,1,0
352053,0.041370614249603525,0,0,0,1,1
630338,0.032294254428567454,0,0,0,1,1
784490,0.024955241403335885,0,0,0,1,1
175954,0.03647145403146737,0,0,0,1,1
988043,0.01266916437305646,0,0,0,1,1
536371,0.16555707566142222,0,0,0,0,0
702522,0.02924580205126216,0,0,0,1,1
529085,0.009534239029289923,0,0,0,1,1
604332,0.02858150802820913,0,0,0,1,1
442695,0.1957858119165765,0,0,0,0,0
971107,0.02103179867562869,0,0,0,1,1
838270,0.03762970670835849,0,0,0,1,1
552568,0.18892546544218675,1,0,1,0,0
919329,0.02591358974171287,0,0,0,1,1
930325,0.020641927954601597,0,0,0,1,1
375909,0.04347494003777774,0,0,0,1,1
477739,0.028490346085921305,0,0,0,1,1
643507,0.16106729728459804,0,0,0,1,1
464962,0.010551843886638492,0,0,0,1,1
829886,0.01136342365154937,0,0,0,1,1
183948,0.024861799686163037,0,0,0,1,1
231462,0.03072452244556388,0,0,0,1,1
605500,0.024533666707866334,0,0,0,1,1
602685,0.050378577484154835,0,0,0,1,1
183388,0.14686142940924354,1,1,0,1,1
628840,0.17174854564791228,0,0,0,0,0
170982,0.1399313870866783,1,0,1,0,0
314589,0.026900733156033113,0,0,0,1,1
892258,0.02200361928420081,0,0,0,1,1
158969,0.02309776956382583,0,0,0,1,1
101544,0.029007502721380907,0,0,0,1,1
638495,0.016757287780850918,0,0,0,1,1
206284,0.37710447518954604,0,0,0,0,0
890936,0.026127015061559147,0,0,0,1,1
666337,0.02380611860357951,0,0,0,1,1
832566,0.030197882004411463,0,0,0,1,1
101895,0.01397295016379871,0,0,0,1,1
968064,0.1482207538017234,0,0,0,0,1
741138,0.11923279485953045,0,0,0,1,1
851421,0.02601430896087322,0,0,0,1,1
396998,0.03716368412016686,0,0,0,1,1
925573,0.032933951739422165,0,0,0,1,1
977178,0.027639386829599488,0,0,0,1,1
776547,0.0280642467728692,0,0,0,1,1
210725,0.024428235104885336,0,0,0,1,1
434679,0.017441032877832285,0,0,0,1,1
531290,0.1502702656328036,0,0,0,0,1
987347,0.01026765309060133,0,0,0,1,1
116238,0.18794584822919977,0,0,0,0,0
617489,0.7566272504702903,0,0,0,1,0
777300,0.03624564686178249,0,0,0,1,1
518677,0.025631087243465803,0,0,0,1,1
983416,0.1843218556872015,0,0,0,0,0
336665,0.1510779941014062,0,0,0,0,1
949290,0.025409233126081263,0,0,0,1,1
840267,0.08256631216083257,0,0,0,1,0
128459,0.027365060982875337,0,0,0,1,1
203772,0.031298765170859985,0,0,0,1,1
225327,0.021054492701889825,0,0,0,1,1
572547,0.0993304765482434,0,0,0,1,1
487070,0.030892065015645342,0,0,0,1,1
645712,0.031224027554994312,0,0,0,1,1
308704,0.030403539989539832,0,0,0,1,1
404742,0.025533497976572634,0,0,0,1,1
464959,0.03793350004760513,0,0,0,1,1
555576,0.02633129205969089,0,0,0,1,1
631714,0.9648035913462033,1,0,1,0,1
704709,0.01118017514298595,0,0,0,1,1
732213,0.026843342128943338,0,0,0,1,1
112856,0.03276909752380964,0,0,0,1,1
819924,0.1491507139395728,0,0,0,1,1
340874,0.16555707566142222,0,0,0,0,0
728568,0.014837281212969433,0,0,0,1,1
309861,0.02835417064336076,0,0,0,1,1
113904,0.05397687117098345,0,0,0,1,1
776464,0.015012195659399938,0,0,0,1,1
911723,0.1768976592908228,0,0,0,0,0
249813,0.028822383836709285,0,0,0,1,1
913895,0.03468419323506195,0,0,0,1,1
226194,0.028735483419386636,0,0,0,1,1
264823,0.015925036690292497,0,0,0,1,1
398586,0.02514648207495291,0,0,0,1,1
939238,0.15844165670460347,0,0,0,0,1
686059,0.028883536078292884,0,0,0,1,1
266234,0.024055539418110505,0,0,0,1,1
642099,0.20148391959366266,0,0,0,1,0
680168,0.16555707566142222,0,0,0,0,0
346766,0.17174854564791228,0,0,0,0,0
480275,0.024914865493084273,0,0,0,1,1
218127,0.128599025595039,1,1,0,1,1
435249,0.10784057148528443,0,0,0,1,1
480858,0.9325527541882281,1,0,1,1,1
870120,0.01940578016316802,0,0,0,1,1
925978,0.022641720790619557,0,0,0,1,1
726873,0.028999011828667962,0,0,0,1,1
539760,0.0287722399077541,0,0,0,1,1
804911,0.9624069385083862,1,0,1,0,1
871219,0.031876262428518966,0,0,0,1,1
545582,0.012288293168663781,0,0,0,1,1
868568,0.025351347957955017,0,0,0,1,1
803976,0.02348214324177435,0,0,0,1,1
622019,0.03222054118826633,0,0,0,1,1
902083,0.026163132809143348,0,0,0,1,1
389706,0.021054492701889825,0,0,0,1,1
404339,0.13135833643253583,0,0,0,1,1
592251,0.020565546436547347,0,0,0,1,1
690916,0.0214867463026147,0,0,0,1,1
397480,0.01703454881952575,0,0,0,1,1
827275,0.02118269162390336,0,0,0,1,1
514403,0.03154620506724982,0,0,0,1,1
191814,0.1506430550974202,0,0,0,1,1
554983,0.052901666246531136,0,0,0,1,1
840659,0.1979827190964447,1,0,1,0,0
156868,0.02787873310719645,0,0,0,1,1
729805,0.03357065969328608,1,1,0,1,1
808524,0.02071440987650909,0,0,0,1,1
415332,0.03173471401887378,0,0,0,1,1
689275,0.03300694638039793,0,0,0,1,1
169247,0.16010041923031512,0,0,0,1,0
286611,0.3389143802133575,0,0,0,0,0
320004,0.025394224801545566,0,0,0,1,1
955652,0.4981028786717851,0,0,0,1,0
717632,0.030330454909867816,0,0,0,1,1
108896,0.12511144746078523,1,1,1,1,1
372647,0.029194685805408738,0,0,0,1,1
674933,0.30359992049134976,0,0,0,0,0
501885,0.17867211999938387,0,0,0,0,0
259734,0.1422683220308106,1,1,0,1,1
561307,0.16555707566142222,0,0,0,0,0
533539,0.031819869902983196,0,0,0,1,1
325490,0.08137207597501918,0,0,0,1,1
558969,0.027991429193302032,0,0,0,1,1
863070,0.02481943808611268,0,0,0,1,1
617296,0.03183725719697079,0,0,0,1,1
724781,0.022256512705866364,0,0,0,1,1
965751,0.17867211999938387,0,0,0,0,0
368981,0.022642055357014662,0,0,0,1,1
562234,0.026359052179247448,0,0,0,1,1
574492,0.19316216135870506,1,0,1,0,0
998776,0.14251777542389343,0,0,0,0,1
139087,0.039469189806146186,0,0,0,1,1
187876,0.20046670355335322,0,0,0,0,0
218538,0.14760390928378686,0,0,0,1,1
822122,0.02311240980285676,0,0,0,1,1
639419,0.026559027512106786,0,0,0,1,1
196096,0.15632753376175132,1,1,0,0,0
442251,0.37710447518954604,0,0,0,0,0
300023,0.02366020093991203,0,0,0,1,1
795446,0.03114818932526036,0,0,0,1,1
703804,0.016818338224848926,0,0,0,1,1
466645,0.38753312559852177,0,0,0,0,0
937512,0.02218059573120113,0,0,0,1,1
348681,0.025281221114414592,0,0,0,1,1
882590,0.026954367491148736,0,0,0,1,1
967819,0.9609137957604401,1,0,1,0,1
232533,0.16555707566142222,0,0,0,0,0
989406,0.31301732566934154,0,0,0,0,0
288384,0.028085015798346477,0,0,0,1,1
294289,0.9648035913462033,1,0,1,0,1
850821,0.08012110084354027,0,0,0,1,1
644017,0.009541793519571554,0,0,0,1,1
440595,0.026393450139422077,0,0,0,1,1
955463,0.025863040254660144,0,0,0,1,1
865855,0.02469852498127872,0,0,0,1,1
476273,0.170558790496394,0,0,0,0,0
136121,0.028490346085921305,0,0,0,1,1
424812,0.026995665199178228,0,0,0,1,1
539505,0.16555707566142222,0,0,0,0,0
417240,0.011395447613454393,0,0,0,1,1
210291,0.08135874978976382,0,0,0,1,1
148810,0.9659984677160494,1,0,1,0,1
941852,0.023107380710329996,0,0,0,1,1
188071,0.01802799168734475,0,0,0,1,1
115852,0.03803409905757992,0,0,0,1,1
467848,0.014607244589463202,0,0,0,1,1
711605,0.18129828458089872,0,0,0,0,0
866983,0.03181275856177065,0,0,0,1,1
776466,0.16110424562574382,0,0,0,0,0
989837,0.17137141932693492,0,0,0,0,0
700474,0.1768976592908228,0,0,0,0,0
295355,0.018214861750176163,0,0,0,1,1
462174,0.03569959292249122,0,0,0,1,1
671803,0.025924422719754193,0,0,0,1,1
271675,0.17541616981454328,0,0,0,1,1
767006,0.027235111971672436,0,0,0,1,1
353455,0.02946286134293809,0,0,0,1,1
366687,0.15608941927430306,0,0,0,1,0
191065,0.02812194219656797,0,0,0,1,1
257194,0.16555707566142222,1,0,1,0,0
540548,0.027580713539629573,0,0,0,1,1
526094,0.020917997959190967,0,0,0,1,1
100301,0.028462087551446903,0,0,0,1,1
737027,0.9648035913462033,1,0,1,0,1
905360,0.41384870359152587,0,0,0,0,0
877603,0.0216471426682201,0,0,0,1,1
642031,0.1499928518888076,0,0,0,0,0
106936,0.012956986073350005,0,0,0,1,1
173446,0.03647550854100226,0,0,0,1,1
865429,0.023001870071230553,0,0,0,1,1
618524,0.022260674771404684,0,0,0,1,1
163405,0.1768976592908228,0,0,0,0,0
854884,0.38753312559852177,0,0,0,0,0
424337,0.10707563306984202,0,0,0,1,1
612144,0.02381414591197086,0,0,0,1,1
495253,0.02172474732877645,0,0,0,1,1
365346,0.03325658712126129,0,0,0,1,1
975531,0.21379591358914635,0,0,0,0,0
345518,0.02726176323332054,0,0,0,1,1
717100,0.4953412676059627,1,1,0,1,1
174666,0.17387451273709756,0,0,0,0,0
990512,0.5288567022347387,0,0,0,0,1
678284,0.12699319080077678,0,0,0,1,0
702482,0.17267310067510436,0,0,0,0,0
526508,0.03427375333759326,0,0,0,1,1
932748,0.1421924479955024,1,1,0,1,1
488346,0.17267310067510436,1,0,1,0,0
748019,0.020216971251049223,0,0,0,1,1
874876,0.38753312559852177,0,0,0,0,0
153884,0.02948945166185106,0,0,0,1,1
260714,0.0369543637145165,0,0,0,1,1
273243,0.16924334908255195,0,0,0,0,0
399379,0.01704853548556904,0,0,0,1,1
401956,0.03244129850753693,1,1,0,1,1
424837,0.02428027540251922,0,0,0,1,1
573897,0.03063440489919926,0,0,0,1,1
574302,0.11907188151361796,0,0,0,1,1
637721,0.11672581919492939,0,0,0,1,1
880033,0.015613286928753245,0,0,0,1,1
924787,0.03890046633725053,1,1,0,1,1
370443,0.4731860258477797,1,1,0,1,1
470022,0.027089971532647094,0,0,0,1,1
352170,0.029700849018617533,0,0,0,1,1
694915,0.17387451273709756,0,0,0,0,0
127663,0.012264459055703617,0,0,0,1,1
987921,0.021187243482785376,0,0,0,1,1
228748,0.027039184934444332,0,0,0,1,1
954453,0.025640573894936923,0,0,0,1,1
255546,0.04226780196170968,0,0,0,1,1
988307,0.025471041897533995,0,0,0,1,1
727873,0.17267310067510436,0,0,0,0,0
841249,0.024028982975332416,0,0,0,1,1
300465,0.025368287589628995,0,0,0,1,1
660768,0.024597912573244403,0,0,0,1,1
647041,0.17997058804217259,0,0,0,1,0
673301,0.022023772862225656,1,1,0,1,1
102299,0.024829870767045743,0,0,0,1,1
483875,0.14270659612931116,0,0,0,1,0
520207,0.027591878177998963,0,0,0,1,1
547561,0.03314578991931913,0,0,0,1,1
590981,0.1338482746972993,0,0,0,1,1
769023,0.037374983689498334,1,1,0,1,1
300676,0.022020629824083777,0,0,0,1,1
879260,0.24476248970491027,0,0,0,0,0
366487,0.02953748173251766,0,0,0,1,1
659147,0.027364318213391057,0,0,0,1,1
796104,0.09116141118076852,0,0,0,1,1
142609,0.37710447518954604,0,0,0,0,0
778952,0.02437615339370239,0,0,0,1,1
295423,0.024719705503681015,0,0,0,1,1
488872,0.02265034782931748,0,0,0,1,1
444997,0.026073910583475312,0,0,0,1,1
890447,0.021708588343700715,0,0,0,1,1
130179,0.16312440362476424,0,0,0,0,0
167587,0.027310853060201902,0,0,0,1,1
495707,0.1144789127519569,0,0,0,1,1
431021,0.028007634037028408,0,0,0,1,1
928868,0.02641530472581013,0,0,0,1,1
140005,0.02258380622480706,0,0,0,1,1
187902,0.028632508609804683,0,0,0,1,1
539436,0.02962773181118978,0,0,0,1,1
298160,0.17387451273709756,0,0,0,0,0
798351,0.013939335917830267,0,0,0,1,1
196812,0.1158223601392426,0,0,0,1,0
749827,0.06619060418602556,0,0,0,1,1
423035,0.027043750116152863,0,0,0,1,1
726932,0.02615037536136508,0,0,0,1,1
654540,0.30359992049134976,0,0,0,0,0
777514,0.12300874029299841,0,0,0,1,1
114638,0.013330891032485902,0,0,0,1,1
612795,0.02194960296243033,0,0,0,1,1
410544,0.031301906476242376,0,0,0,1,1
842049,0.03398215579285498,0,0,0,1,1
430048,0.012911180010201794,0,0,0,1,1
608384,0.00989598210343417,0,0,0,1,1
397141,0.02143930983100579,0,0,0,1,1
758165,0.12200812972079257,0,0,0,1,0
200012,0.037557467506128574,0,0,0,1,1
689909,0.026531187618882932,0,0,0,1,1
677141,0.030773651992870004,0,0,0,1,1
772952,0.02259857026802323,0,0,0,1,1
237729,0.03447464701408504,0,0,0,1,1
994285,0.02117722116298148,0,0,0,1,1
165443,0.03661840252168075,0,0,0,1,1
858669,0.03374096320862866,0,0,0,1,1
261787,0.023561952053120148,0,0,0,1,1
962011,0.02429553579442438,0,0,0,1,1
514493,0.2155467197789668,0,0,0,0,0
731510,0.011463919230598035,0,0,0,1,1
128210,0.0403182839076051,0,0,0,1,1
322193,0.03169651147088577,0,0,0,1,1
316308,0.02457021465167979,0,0,0,1,1
755367,0.024160001141696398,0,0,0,1,1
970639,0.1463105754665317,0,0,0,1,1
688891,0.31301732566934154,0,0,0,0,0
270909,0.021895803420381214,0,0,0,1,1
403893,0.021740509686001032,0,0,0,1,1
530833,0.020011083637076328,0,0,0,1,1
329692,0.024339870236962807,0,0,0,1,1
571964,0.02185834127971519,0,0,0,1,1
892273,0.9656372523150991,1,0,1,0,1
127645,0.02678391430184708,0,0,0,1,1
342554,0.03026511531752267,0,0,0,1,1
459683,0.1616457501818821,0,0,0,0,1
634727,0.12081860500318432,0,0,0,1,1
805377,0.01920976538186367,0,0,0,1,1
211549,0.025180181186602434,0,0,0,1,1
948783,0.01857291389742955,0,0,0,1,1
630588,0.032009920013107186,0,0,0,1,1
912420,0.02647518260186471,0,0,0,1,1
439900,0.032495898823584966,0,0,0,1,1
295205,0.04341135568437817,0,0,0,1,1
748055,0.14439807175974836,0,0,0,1,1
163639,0.01704059299073299,0,0,0,1,1
800998,0.15829909702644154,0,0,0,0,0
867532,0.1278666208268393,0,0,0,1,1
169948,0.02258150433829689,0,0,0,1,1
432592,0.014832192543166011,0,0,0,1,1
697272,0.023522697124374683,0,0,0,1,1
737676,0.1676219129436931,1,0,1,0,0
127966,0.023176576512410323,0,0,0,1,1
623008,0.16924334908255195,0,0,0,0,0
267428,0.022023772862225656,0,0,0,1,1
498030,0.029467331525968112,0,0,0,1,1
194640,0.013198107908041446,0,0,0,1,1
678514,0.012164929980468382,0,0,0,1,1
803830,0.024546856610812358,0,0,0,1,1
986086,0.020645553711475403,0,0,0,1,1
462803,0.024853668447718663,0,0,0,1,1
614379,0.029837399376393774,0,0,0,1,1
721377,0.025293749984178177,0,0,0,1,1
434215,0.02761877330967989,0,0,0,1,1
536671,0.029316657185597412,0,0,0,1,1
970746,0.037405954539912606,0,0,0,1,1
185919,0.028417091031702976,0,0,0,1,1
128789,0.024233823862420716,0,0,0,1,1
181423,0.029370376516901775,0,0,0,1,1
203577,0.024160014337872255,0,0,0,1,1
247680,0.026883134285840368,0,0,0,1,1
270862,0.02243169775749736,0,0,0,1,1
313185,0.022583109841653126,0,0,0,1,1
360942,0.02134948581423354,0,0,0,1,1
567412,0.02796427972946995,0,0,0,1,1
763806,0.2530179039988978,1,0,1,0,0
868912,0.023425482482620365,0,0,0,1,1
930209,0.024289259132196945,0,0,0,1,1
133732,0.04012777440018742,0,0,0,1,1
830673,0.025539465869697905,0,0,0,1,1
342569,0.5945315219670086,1,0,1,0,1
323043,0.02048400168319067,0,0,0,1,1
400985,0.025605996755656186,0,0,0,1,1
455941,0.01205141407298834,0,0,0,1,1
393403,0.02854611311457101,0,0,0,1,1
790943,0.21379591358914635,0,0,0,0,0
137106,0.0351613710237584,0,0,0,1,1
646277,0.02281439118754655,0,0,0,1,1
796281,0.028289033548302697,0,0,0,1,1
807297,0.031386003514843434,0,0,0,1,1
150767,0.15916288350818192,0,0,0,1,0
451080,0.19022626313867796,0,0,0,0,0
290184,0.14734348594992103,1,0,1,1,1
569236,0.02585621569961377,0,0,0,1,1
684835,0.21191706998323742,0,0,0,0,0
874336,0.010157057091556948,0,0,0,1,1
611618,0.025724821800640896,0,0,0,1,1
999986,0.32438644327710453,0,0,0,0,0
755015,0.16427257012847687,0,0,0,0,0
897673,0.09807641200278501,1,1,0,1,1
127725,0.025120995913028965,0,0,0,1,1
705453,0.026531187618882932,0,0,0,1,1
199809,0.021432720847282004,0,0,0,1,1
491391,0.013432941558314697,0,0,0,1,1
533470,0.029448696844556827,0,0,0,1,1
209729,0.029348952234684297,0,0,0,1,1
311946,0.1503987357095753,0,0,0,1,0
415916,0.1119577980493429,0,0,0,1,1
523110,0.01111460405476929,0,0,0,1,1
604436,0.2155467197789668,0,0,0,0,0
608974,0.013203562751232691,0,0,0,1,1
638253,0.027130377138483992,0,0,0,1,1
686471,0.0787820228656523,0,0,0,1,1
849105,0.34887843019186215,0,0,0,0,0
504455,0.1937330146011049,1,1,0,0,0
522251,0.02834659518625853,0,0,0,1,1
590098,0.0317042118641792,0,0,0,1,1
341904,0.21379591358914635,0,0,0,0,0
621180,0.043915479442278055,0,0,0,1,1
700245,0.03441585142426334,0,0,0,1,1
960195,0.0227855564954252,0,0,0,1,1
492165,0.022475856705874993,0,0,0,1,1
894041,0.01809593443288682,0,0,0,1,1
384286,0.03628429344877814,0,0,0,1,1
693045,0.17267310067510436,0,0,0,0,1
240829,0.029726293564153447,0,0,0,1,1
904300,0.19022581607479738,0,0,0,1,0
404720,0.02676854899558957,0,0,0,1,1
508080,0.12818959024668214,0,0,0,1,1
313544,0.09064584679613646,0,0,0,1,1
557723,0.023863666053466487,0,0,0,1,1
133066,0.02440194135407894,0,0,0,1,1
469532,0.20463531076357552,0,0,0,0,0
295578,0.036663711811463835,0,0,0,1,1
581682,0.02901725932993006,0,0,0,1,1
193781,0.02153320113584209,0,0,0,1,1
595323,0.02035666854525293,0,0,0,1,1
287224,0.9656372523150991,1,0,1,0,1
516491,0.03179897620755093,0,0,0,1,1
287198,0.06353131805200075,0,0,0,1,1
825336,0.020112827455334267,0,0,0,1,1
685683,0.035318791106199704,0,0,0,1,1
937030,0.02528394060839701,0,0,0,1,1
449530,0.0981650283589097,0,0,0,1,1
597191,0.022931821731597832,0,0,0,1,1
429054,0.022400063256642302,0,0,0,1,1
284621,0.026007489233763073,0,0,0,1,1
434760,0.030525092274120962,0,0,0,1,1
663897,0.14159382973876927,0,0,0,0,0
934235,0.034358565810360266,0,0,0,1,1
355102,0.1676219129436931,0,0,0,0,0
767767,0.31301732566934154,0,0,0,0,0
309933,0.0206434526978416,0,0,0,1,1
510537,0.16576573506781922,0,0,0,1,1
274141,0.024713194905728902,0,0,0,1,1
192543,0.024553983466026677,0,0,0,1,1
321427,0.1790735835060406,0,0,0,0,0
628844,0.028739946653937542,0,0,0,1,1
702800,0.018519247443139687,0,0,0,1,1
159608,0.01515295454093434,0,0,0,1,1
765518,0.022403557227199757,0,0,0,1,1
824315,0.019115439149598342,0,0,0,1,1
196777,0.15180278229679792,0,0,0,1,1
257705,0.02968496474462656,0,0,0,1,1
262562,0.01222146430777371,0,0,0,1,1
338786,0.018468006441713935,0,0,0,1,1
225067,0.028359225191036713,0,0,0,1,1
794784,0.026333458450282694,0,0,0,1,1
270022,0.016601118906949753,0,0,0,1,1
982017,0.02765931411835497,0,0,0,1,1
493369,0.37710447518954604,0,0,0,0,0
212544,0.11045829682458784,0,0,0,1,1
304445,0.11330627745707901,0,0,0,1,1
315869,0.031038039366814246,0,0,0,1,1
373429,0.19152814101728952,1,0,1,0,0
492401,0.02671747574512803,0,0,0,1,1
637760,0.0279343797483314,0,0,0,1,1
793180,0.19152814101728952,0,0,0,0,0
843212,0.03399348154672085,0,0,0,1,1
930089,0.2694989831653001,0,0,0,0,0
206466,0.337347091391873,0,0,0,0,0
993271,0.027865313422099507,0,0,0,1,1
401454,0.009307855151711793,0,0,0,1,1
709659,0.030550688005872212,0,0,0,1,1
589466,0.01714714893630748,0,0,0,1,1
437440,0.30359992049134976,0,0,0,0,0
164657,0.02668350636874731,0,0,0,1,1
253825,0.025893661384215585,0,0,0,1,1
187758,0.3071946779343104,0,0,0,0,0
593781,0.015935508216569763,0,0,0,1,1
591414,0.30359992049134976,0,0,0,0,0
296690,0.017651582447793777,0,0,0,1,1
863349,0.021906542510989897,0,0,0,1,1
695107,0.02083015371687659,0,0,0,1,1
989067,0.20646650844652964,0,0,0,0,0
325379,0.029627630123652934,0,0,0,1,1
493972,0.030623937130578975,0,0,0,1,1
278719,0.9632952068831673,1,0,1,0,1
624216,0.021246685127244522,0,0,0,1,1
738320,0.013475660822777843,0,0,0,1,1
970706,0.03527987599007961,0,0,0,1,1
313424,0.03171242942842772,0,0,0,1,1
907324,0.11514898016171621,0,0,0,1,1
735966,0.10501568717075008,0,0,0,1,1
953612,0.1787963351252134,0,0,0,0,0
500026,0.0978347654080739,0,0,0,1,1
771307,0.0310182789408599,0,0,0,1,1
194571,0.025850054746771704,0,0,0,1,1
381234,0.024560599349654856,0,0,0,1,1
416091,0.20463531076357552,0,0,0,0,0
677218,0.026408336251407906,0,0,0,1,1
852629,0.2095590334390619,1,0,1,0,0
523037,0.3412048449040923,1,1,0,0,0
914368,0.009986473304131974,0,0,0,1,1
306667,0.00954368876457861,0,0,0,1,1
332466,0.022958097053785053,0,0,0,1,1
903359,0.01120630335834798,0,0,0,1,1
923164,0.025268294673659222,0,0,0,1,1
527434,0.03000177679482156,1,1,0,1,1
905478,0.026720516437948733,0,0,0,1,1
402034,0.02436059963028714,0,0,0,1,1
215626,0.012461124881798291,0,0,0,1,1
168160,0.37710447518954604,0,0,0,0,0
368549,0.027464795828792424,0,0,0,1,1
925918,0.20947266933510925,1,0,1,0,0
243642,0.020028062166789515,0,0,0,1,1
821202,0.023808977974549617,0,0,0,1,1
487777,0.025850222912037212,0,0,0,1,1
896372,0.10963555300069087,0,0,0,1,1
711874,0.028338184486713977,0,0,0,1,1
904114,0.02049473000340846,0,0,0,1,1
246734,0.02436237983883813,0,0,0,1,1
646187,0.2081731857303604,0,0,0,0,0
799967,0.02289770061834606,0,0,0,1,1
407119,0.019517128514828428,0,0,0,1,1
972732,0.030709777126264427,0,0,0,1,1
108907,0.026591371003754014,0,0,0,1,1
202716,0.009715151033725111,0,0,0,1,1
207821,0.03851579200775422,0,0,0,1,1
828884,0.24476248970491027,1,0,1,0,0
464385,0.17387451273709756,0,0,0,0,1
659637,0.02862400930984516,0,0,0,1,1
107719,0.012243713966135822,0,0,0,1,1
787625,0.025419848119926074,0,0,0,1,1
297954,0.960500772059878,1,0,1,0,1
707588,0.020285485614438315,0,0,0,1,1
241714,0.01895772588071149,0,0,0,1,1
927975,0.019501695313043934,0,0,0,1,1
933707,0.01980403663053828,0,0,0,1,1
180977,0.02069911403283376,0,0,0,1,1
625320,0.37710447518954604,0,0,0,0,0
852572,0.20463531076357552,0,0,0,0,0
700335,0.028394356915075775,0,0,0,1,1
989040,0.17267310067510436,1,0,1,0,0
521875,0.012305912866427775,0,0,0,1,1
778168,0.012690622703192884,0,0,0,1,1
879036,0.03594892111655006,0,0,0,1,1
736414,0.028564751601854257,0,0,0,1,1
441304,0.02019767474424066,0,0,0,1,1
842982,0.02336344122887825,0,0,0,1,1
165019,0.019088706788937614,0,0,0,1,1
453494,0.10349700334317227,0,0,0,1,0
274896,0.019740751424983386,0,0,0,1,1
371532,0.12220790810449791,0,0,0,1,1
198485,0.1206459821974069,0,0,0,1,0
392682,0.15685598485084917,0,0,0,0,1
441345,0.38753312559852177,1,1,0,0,0
641189,0.12484731866078355,0,0,0,1,1
868250,0.024289650848234107,0,0,0,1,1
360031,0.21191706998323742,0,0,0,0,0
810581,0.032940773637059814,0,0,0,1,1
261044,0.02111978557844993,0,0,0,1,1
667117,0.031721034108381195,0,0,0,1,1
868327,0.9656372523150991,1,0,1,0,1
132774,0.03206734558915774,0,0,0,1,1
209058,0.031632769939109316,0,0,0,1,1
431187,0.19845987170977003,0,0,0,0,0
475930,0.6479052642674075,1,1,1,1,1
788217,0.30725069375815467,0,0,0,0,0
571409,0.19845987170977003,0,0,0,0,0
658996,0.11715217452435564,0,0,0,1,1
679609,0.12124988945494913,0,0,0,1,1
986217,0.01536855562780604,0,0,0,1,1
987221,0.025316379788165973,0,0,0,1,1
378014,0.09329674950460849,0,0,0,1,1
676873,0.029109627735149444,1,1,0,1,1
911971,0.14099217569326222,0,0,0,1,1
704600,0.022506947374427048,0,0,0,1,1
895267,0.022131947517515207,0,0,0,1,1
625497,0.009607632467648225,0,0,0,1,1
943775,0.02669969556677717,0,0,0,1,1
541178,0.018448700353789427,0,0,0,1,1
932513,0.032587029339016964,0,0,0,1,1
563142,0.17267310067510436,0,0,0,0,0
979575,0.05149943292743869,0,0,0,1,1
184490,0.17387451273709756,1,0,1,0,0
655892,0.0955944131021179,0,0,0,1,1
552328,0.029457456636717054,0,0,0,1,1
992542,0.20463531076357552,1,0,1,0,0
661050,0.01920409679773426,0,0,0,1,1
664034,0.03235584666800987,1,1,0,1,1
746520,0.03217172081714589,0,0,0,1,1
525508,0.37710447518954604,0,0,0,0,0
790475,0.3389143802133575,0,0,0,0,0
139479,0.4445085213918548,1,1,0,1,1
153462,0.13533510130039883,0,0,0,1,1
918397,0.1623917041007116,0,0,0,0,0
138737,0.024305872965662067,0,0,0,1,1
285942,0.02399768491524212,0,0,0,1,1
972462,0.37710447518954604,1,1,1,0,0
713257,0.04162930117626631,0,0,0,1,1
724168,0.023878188867105875,0,0,0,1,1
275446,0.009602667564190677,0,0,0,1,1
654225,0.13292217815435736,1,1,0,1,1
282872,0.013224159974736525,0,0,0,1,1
583005,0.011876460837136496,0,0,0,1,1
418636,0.21379591358914635,1,1,0,0,0
834544,0.022063765022220166,0,0,0,1,1
690510,0.17267310067510436,0,0,0,0,0
915846,0.009398903184958826,0,0,0,1,1
549091,0.0657589145312061,0,0,0,1,1
563774,0.03013880826373191,0,0,0,1,1
692841,0.21191706998323742,0,0,0,0,0
996254,0.022057359894440503,0,0,0,1,1
155654,0.38753312559852177,0,0,0,0,0
779412,0.21191706998323742,0,0,0,0,1
566714,0.02283901604966349,1,1,0,1,1
325661,0.008871865152296245,0,0,0,1,1
894788,0.025502125974918233,0,0,0,1,1
248752,0.21191706998323742,0,0,0,0,0
306880,0.02323103290169467,0,0,0,1,1
155964,0.41384870359152587,0,0,0,0,0
809207,0.1676219129436931,1,1,0,0,0
736970,0.03220504618831337,0,0,0,1,1
613860,0.37710447518954604,0,0,0,0,0
556778,0.026265161186214556,0,0,0,1,1
845819,0.0367861012627445,0,0,0,1,1
881846,0.02576016773002492,0,0,0,1,1
308255,0.2523221308763058,0,0,0,1,1
420243,0.1676219129436931,0,0,0,0,0
195977,0.02841202095397559,0,0,0,1,1
693665,0.028434941409512544,0,0,0,1,1
141877,0.03463093566289288,0,0,0,1,1
928292,0.035909002762119314,0,0,0,1,1
435129,0.029156676732770635,0,0,0,1,1
898552,0.12660754576825753,0,0,0,1,1
317689,0.9656372523150991,1,0,1,0,1
787833,0.025712881168142538,0,0,0,1,1
690029,0.02838303569757118,0,0,0,1,1
215840,0.02799053395884866,0,0,0,1,1
630071,0.017047866400772688,0,0,0,1,1
298344,0.01070850044569386,0,0,0,1,1
243965,0.15010826731803098,0,0,0,0,0
595775,0.15582987935591613,1,0,1,0,0
123667,0.027555401285578807,0,0,0,1,1
340723,0.16312440362476424,0,0,0,0,0
300818,0.03474796975824857,0,0,0,1,1
313571,0.9656372523150991,1,0,1,0,1
353032,0.023597808545638033,0,0,0,1,1
371065,0.03175343120438155,0,0,0,1,1
960417,0.337347091391873,0,0,0,0,0
645078,0.17267310067510436,0,0,0,0,0
727415,0.025595296291325273,0,0,0,1,1
777540,0.020644229447236415,0,0,0,1,1
944855,0.007928876345471306,0,0,0,1,1
957686,0.02397936462559776,0,0,0,1,1
118355,0.10166178635884862,0,0,0,1,1
128753,0.23234686973987112,1,0,1,0,0
268145,0.013779071403251585,0,0,0,1,1
281064,0.026942735873908545,0,0,0,1,1
294849,0.10223803902227384,0,0,0,1,1
534649,0.02659796436228525,0,0,0,1,1
560024,0.024266906404775714,0,0,0,1,1
681785,0.021966299802144307,0,0,0,1,1
781227,0.24031677539735255,0,0,0,0,0
944035,0.035790718680947936,0,0,0,1,1
116895,0.40317806419875096,0,0,0,0,0
835683,0.02695857794321291,0,0,0,1,1
629177,0.022959530798553753,0,0,0,1,1
765747,0.00948336282779782,0,0,0,1,1
110296,0.022508503551091914,0,0,0,1,1
280641,0.022866580107702608,0,0,0,1,1
310911,0.17267310067510436,0,0,0,0,0
567571,0.02625363780322593,0,0,0,1,1
601681,0.02613032981702885,0,0,0,1,1
710115,0.038702197879769105,0,0,0,1,1
721437,0.10467255473811662,0,0,0,1,1
755533,0.02351229570171961,0,0,0,1,1
769709,0.02159489103977398,0,0,0,1,1
784380,0.21191706998323742,0,0,0,0,0
860602,0.02081663644451616,0,0,0,1,1
477157,0.30359992049134976,0,0,0,0,0
355628,0.960500772059878,1,0,1,0,1
874614,0.02761397024010733,0,0,0,1,1
264701,0.011613523674277836,0,0,0,1,1
405804,0.021867616306443162,0,0,0,1,1
440213,0.03619601163521408,1,1,0,1,1
543693,0.02534245664036664,0,0,0,1,1
553389,0.028019032618807446,0,0,0,1,1
627373,0.19712911908908076,0,0,0,0,0
190429,0.34278078533342504,0,0,0,0,0
816323,0.031214308835627445,0,0,0,1,1
992769,0.2042123563778441,0,0,0,0,0
996686,0.026836825233305293,0,0,0,1,1
477468,0.01972911196757348,0,0,0,1,1
953927,0.20646650844652964,1,1,0,0,1
421310,0.9644301495800426,1,0,1,1,1
585850,0.18166410951131334,0,0,0,1,1
224298,0.022400856631681374,0,0,0,1,1
395871,0.19152814101728952,0,0,0,0,0
605320,0.03441231451641339,0,0,0,1,1
648286,0.2081731857303604,1,0,1,0,0
993650,0.024648832221430033,0,0,0,1,1
568786,0.027045218178151444,0,0,0,1,1
968325,0.11074531139013816,0,0,0,1,1
516276,0.19022626313867796,0,0,0,0,0
786827,0.20463531076357552,0,0,0,0,0
887609,0.337347091391873,0,0,0,0,0
847183,0.021969327851881288,0,0,0,1,1
441389,0.0377123315563404,0,0,0,1,1
621583,0.014092883608501777,0,0,0,1,1
394812,0.01848300621672497,0,0,0,1,1
689981,0.011968230965318948,0,0,0,1,1
326234,0.02644661741560074,0,0,0,1,1
661442,0.1676219129436931,1,0,1,0,0
742749,0.01108193664569362,0,0,0,1,1
839115,0.030401263891703258,0,0,0,1,1
161415,0.02216361582170302,0,0,0,1,1
835133,0.2095590334390619,0,0,0,0,0
585642,0.16068176659739536,0,0,0,1,0
968632,0.025378831479643982,0,0,0,1,1
548638,0.1676219129436931,0,0,0,0,0
743849,0.023848765266081887,0,0,0,1,1
113861,0.14532585711101573,0,0,0,1,1
336138,0.024128188627577644,0,0,0,1,1
928734,0.31301732566934154,0,0,0,0,0
943647,0.30359992049134976,0,0,0,0,0
201355,0.009878418442866249,0,0,0,1,1
865352,0.20463531076357552,0,0,0,0,0
191508,0.17387451273709756,0,0,0,0,0
432961,0.21191706998323742,0,0,0,0,0
103975,0.21191706998323742,0,0,0,0,0
391861,0.03208161540078444,0,0,0,1,1
434113,0.036644482340964644,0,0,0,1,1
706510,0.02877077250557314,0,0,0,1,1
939485,0.015005715029642878,0,0,0,1,1
577467,0.025436946746333927,0,0,0,1,1
618656,0.03786921647205787,0,0,0,1,1
594028,0.012826467459933712,0,0,0,1,1
815344,0.07363313480389135,0,0,0,1,1
605761,0.023001999281626072,0,0,0,1,1
110422,0.1790735835060406,0,0,0,0,0
917346,0.31997676175959017,0,0,0,1,0
506746,0.026493536685325104,0,0,0,1,1
490439,0.2250179926458385,1,1,0,1,1
182159,0.11655548838696865,0,0,0,1,1
436705,0.032325731396043014,1,1,0,1,1
688557,0.02268486715296367,0,0,0,1,1
889061,0.022114325142276157,0,0,0,1,1
255019,0.17387451273709756,1,0,1,0,0
876319,0.014000127696518245,0,0,0,1,1
502047,0.17692297398335144,1,0,1,0,0
334454,0.021228089916066513,0,0,0,1,1
348245,0.21191706998323742,1,1,0,0,1
137744,0.2007247314160019,0,0,0,0,0
734077,0.018958161081385323,0,0,0,1,1
350238,0.023417252060037017,0,0,0,1,1
587633,0.08760299115621545,0,0,0,1,0
763761,0.015992997551912476,0,0,0,1,1
433857,0.31301732566934154,0,0,0,0,0
969360,0.02374664609204133,0,0,0,1,1
699875,0.0183734491741601,0,0,0,1,1
298539,0.12496256859759666,0,0,0,1,1
959514,0.454252352708037,0,0,0,0,0
926531,0.2007247314160019,1,0,1,0,0
936319,0.019322790760905283,0,0,0,1,1
254940,0.02956635329609336,0,0,0,1,1
299113,0.0193480128225686,0,0,0,1,1
941122,0.45818524189555254,1,1,1,1,1
963921,0.18971676546466623,1,0,1,0,0
427354,0.1456009978011221,0,0,0,0,1
711263,0.1787963351252134,0,0,0,0,0
989148,0.07893209877492406,0,0,0,1,1
594649,0.011554189558147063,0,0,0,1,1
339005,0.022042373977357328,0,0,0,1,1
558138,0.18351626995452375,0,0,0,0,0
712236,0.09693643684236472,0,0,0,1,1
804402,0.021799910398003827,0,0,0,1,1
979135,0.41138145036434515,0,0,0,0,0
643364,0.017454606597560006,0,0,0,1,1
896651,0.17267310067510436,0,0,0,0,0
995404,0.9649002531640106,1,0,1,0,1
522493,0.023851611343245503,0,0,0,1,1
572890,0.09918622596727049,0,0,0,1,1
551710,0.1790735835060406,0,0,0,0,0
600785,0.02083015371687659,0,0,0,1,1
332175,0.026690960387743063,0,0,0,1,1
854969,0.43668657699813396,0,0,0,0,0
212477,0.09891416819627256,0,0,0,1,1
984878,0.027463645357270475,0,0,0,1,1
497106,0.08528606285629663,0,0,0,1,1
795129,0.05093946113245217,0,0,0,1,1
433353,0.0204329836035527,0,0,0,1,1
497613,0.6366979621070433,1,1,0,1,1
314014,0.12594975907319184,0,0,0,1,1
916000,0.025362766048084292,0,0,0,1,1
596327,0.026500273771081793,0,0,0,1,1
749817,0.015050671673805882,0,0,0,1,1
308798,0.10511092226240154,0,0,0,1,1
831693,0.2319356470253781,0,0,0,0,0
466865,0.032361596516721845,0,0,0,1,1
901954,0.02551451596741906,0,0,0,1,1
719242,0.03393256790562293,0,0,0,1,1
838938,0.03217615236424232,0,0,0,1,1
537914,0.06749236581459447,0,0,0,1,1
462232,0.20463531076357552,0,0,0,0,0
136608,0.027281206075668592,0,0,0,1,1
750324,0.012346122810245542,0,0,0,1,1
358020,0.021974247821814598,0,0,0,1,1
607885,0.028234935889438855,0,0,0,1,1
318786,0.027471007915277852,0,0,0,1,1
752274,0.025679309282175346,0,0,0,1,1
227429,0.0264978123453848,0,0,0,1,1
299919,0.40073093478415117,0,0,0,0,0
531841,0.02217851599691482,0,0,0,1,1
536132,0.22357379448036102,1,1,0,1,1
609667,0.032591297453155775,0,0,0,1,1
734490,0.025658918514886022,0,0,0,1,1
969485,0.012799902980163048,0,0,0,1,1
740703,0.025730576424209874,0,0,0,1,1
463833,0.4082644518571939,1,0,1,1,1
600664,0.01245227447708162,0,0,0,1,1
604772,0.02775400180349374,0,0,0,1,1
633162,0.1676219129436931,1,0,1,0,0
905569,0.018407016465514445,0,0,0,1,1
337842,0.02566361032825468,0,0,0,1,1
413050,0.022852587961787806,0,0,0,1,1
216658,0.02796054256876746,0,0,0,1,1
465540,0.024205578139074542,0,0,0,1,1
825239,0.02556750333753179,0,0,0,1,1
254546,0.03383302635002934,0,0,0,1,1
614219,0.028330840259396167,0,0,0,1,1
453972,0.019749177126570892,0,0,0,1,1
855559,0.02485363751537322,0,0,0,1,1
225972,0.09304603897946036,0,0,0,1,1
384986,0.02768044313927289,0,0,0,1,1
786709,0.029601500475513777,0,0,0,1,1
861095,0.02709736409868206,0,0,0,1,1
378793,0.011856244256457203,0,0,0,1,1
555081,0.28388021757293974,0,0,0,1,0
202156,0.02576992772529495,0,0,0,1,1
452530,0.021522016416283422,0,0,0,1,1
629299,0.012166997399037744,0,0,0,1,1
704607,0.15282455580970306,1,1,0,1,1
222929,0.02575754906055174,0,0,0,1,1
242028,0.04387305968143066,0,0,0,1,1
188828,0.026986728407390876,0,0,0,1,1
241421,0.0215201143845001,0,0,0,1,1
258088,0.027814216802812992,0,0,0,1,1
677527,0.012951817125069673,0,0,0,1,1
561072,0.01656399661705086,0,0,0,1,1
210835,0.021336858576896586,0,0,0,1,1
972222,0.09079372040284893,0,0,0,1,0
262937,0.2530179039988978,1,1,0,0,0
281075,0.02451864786329801,0,0,0,1,1
731958,0.41138145036434515,0,0,0,0,0
613076,0.021228089916066513,0,0,0,1,1
428778,0.17387451273709756,0,0,0,0,0
634392,0.12402948944390316,0,0,0,1,1
438707,0.01981480354169412,0,0,0,1,1
790089,0.02457995952053199,0,0,0,1,1
891237,0.03263010707759483,0,0,0,1,1
453408,0.022780312513879804,0,0,0,1,1
257579,0.017495091737801997,0,0,0,1,1
828735,0.02565673090020684,0,0,0,1,1
238814,0.031084097374627244,0,0,0,1,1
123702,0.011143688161129085,0,0,0,1,1
453971,0.21191706998323742,0,0,0,0,0
562703,0.9656372523150991,1,0,1,0,1
933865,0.2986851477145363,1,0,1,0,0
426530,0.023129080500041543,0,0,0,1,1
785398,0.025678101557742042,0,0,0,1,1
639807,0.025442340987848755,0,0,0,1,1
817851,0.025966782557038076,0,0,0,1,1
435378,0.018762023801963935,0,0,0,1,1
454471,0.021828503999527554,0,0,0,1,1
374117,0.02325223275414796,0,0,0,1,1
790094,0.02461285803612379,0,0,0,1,1
337341,0.4753001343834629,1,0,1,1,1
614122,0.028617574394172028,0,0,0,1,1
727507,0.5615864236954761,0,0,0,0,1
464639,0.027895876506641454,1,1,0,1,1
498149,0.1363161830041874,0,0,0,0,1
672395,0.0745755042348952,0,0,0,1,1
410552,0.023017164292352267,0,0,0,1,1
970351,0.41138145036434515,0,0,0,0,0
175342,0.034453458013903045,0,0,0,1,1
384356,0.2155467197789668,0,0,0,0,0
738732,0.02743025392212409,0,0,0,1,1
975767,0.024297973370369312,0,0,0,1,1
789431,0.41138145036434515,1,0,1,0,0
102730,0.15582987935591613,0,0,0,0,1
120393,0.027047943936237336,0,0,0,1,1
160266,0.15582987935591613,0,0,0,0,0
195137,0.09277322403785468,0,0,0,1,1
413620,0.02866774956225947,0,0,0,1,1
624463,0.03635406872848485,0,0,0,1,1
675848,0.02723955753147099,0,0,0,1,1
725100,0.023441040531595226,0,0,0,1,1
798752,0.18707230146682405,0,0,0,0,1
895560,0.024139115324294892,0,0,0,1,1
208586,0.24684132813502074,0,0,0,0,1
791132,0.02230210166678363,0,0,0,1,1
247220,0.02724002208365693,0,0,0,1,1
329056,0.030232569698071195,0,0,0,1,1
367547,0.02809466578930135,0,0,0,1,1
240774,0.1790735835060406,0,0,0,0,0
327320,0.032049433467584904,0,0,0,1,1
856782,0.026204815140827124,0,0,0,1,1
951954,0.058718154716628335,0,0,0,1,1
349132,0.033556209706655966,0,0,0,1,1
672089,0.015300867028990686,0,0,0,1,1
659967,0.030622676060611583,0,0,0,1,1
718655,0.37179199638370425,0,0,0,0,0
300166,0.09599877588888368,0,0,0,1,0
380110,0.01873261038333281,0,0,0,1,1
154680,0.0327478888969411,0,0,0,1,1
957325,0.20463531076357552,0,0,0,0,0
945834,0.3288108979873574,0,0,0,0,0
513170,0.033215581504659544,0,0,0,1,1
462815,0.41138145036434515,0,0,0,0,0
511568,0.04382736536872808,0,0,0,1,1
813320,0.026054121016540796,0,0,0,1,1
431829,0.013968668654900384,0,0,0,1,1
732113,0.07408642710954116,0,0,0,1,1
595320,0.01010006609347502,0,0,0,1,1
877630,0.14315194336999823,0,0,0,1,1
277610,0.021266234773085663,0,0,0,1,1
802870,0.03178899782573363,0,0,0,1,1
231614,0.012794071279950378,0,0,0,1,1
419818,0.03182514000264195,0,0,0,1,1
440112,0.030456579820440526,0,0,0,1,1
200991,0.02493184297307442,0,0,0,1,1
203084,0.024751955172423862,0,0,0,1,1
467046,0.02443632746371044,0,0,0,1,1
575849,0.024953691642671506,0,0,0,1,1
100380,0.00999163464615045,0,0,0,1,1
959059,0.029487709500479766,0,0,0,1,1
457716,0.02818531093517079,0,0,0,1,1
528122,0.018178548244990343,0,0,0,1,1
857971,0.038607044473269424,0,0,0,1,1
172162,0.16074529780380495,0,0,0,0,0
815498,0.1725187092634494,0,0,0,1,0
271148,0.03235776180862311,0,0,0,1,1
614377,0.1676219129436931,0,0,0,0,0
176379,0.2986851477145363,0,0,0,0,0
851231,0.025225449701551814,0,0,0,1,1
312607,0.034587460226427155,0,0,0,1,1
928916,0.011834733364413383,0,0,0,1,1
420394,0.12453436657106806,0,0,0,1,1
628917,0.02082912368272921,0,0,0,1,1
802535,0.41138145036434515,0,0,0,0,0
687895,0.010308081870149147,0,0,0,1,1
137040,0.04895235996624059,0,0,0,1,1
270575,0.029991962555674642,0,0,0,1,1
661321,0.027498548697785407,0,0,0,1,1
908643,0.10103823055080387,0,0,0,1,1
197642,0.02647106890100992,0,0,0,1,1
345597,0.018472826338182168,0,0,0,1,1
511626,0.1676219129436931,1,0,1,0,0
188147,0.030923751105988228,0,0,0,1,1
761510,0.013984475337348454,0,0,0,1,1
909845,0.1104746084501396,0,0,0,1,1
417274,0.41138145036434515,0,0,0,0,0
100646,0.033902674658754926,0,0,0,1,1
236767,0.019157675042912943,0,0,0,1,1
327653,0.03251537174315476,0,0,0,1,1
342725,0.026593891797857355,0,0,0,1,1
509136,0.030798678606710955,0,0,0,1,1
583754,0.2530179039988978,0,0,0,0,0
613747,0.027288204033325495,0,0,0,1,1
764869,0.025014425603267065,0,0,0,1,1
905320,0.023028481139042038,0,0,0,1,1
329162,0.009341011380218965,0,0,0,1,1
342527,0.0277201621433791,0,0,0,1,1
807681,0.024417064287294538,0,0,0,1,1
192600,0.021679820564026075,0,0,0,1,1
592532,0.9656372523150991,1,0,1,0,1
671911,0.029868903640592057,0,0,0,1,1
690199,0.015148797891955971,0,0,0,1,1
721664,0.02521263340544476,0,0,0,1,1
773844,0.17387451273709756,1,1,0,0,1
849425,0.025173167551182173,0,0,0,1,1
687639,0.02449774109884463,0,0,0,1,1
858196,0.026593069598694244,0,0,0,1,1
194394,0.02721637349122868,0,0,0,1,1
432729,0.1790735835060406,1,0,1,0,0
732862,0.9656372523150991,1,0,1,0,1
942681,0.022581261441904834,0,0,0,1,1
188006,0.009555770604631902,0,0,0,1,1
838881,0.027937806773042258,0,0,0,1,1
308171,0.023011987642403833,0,0,0,1,1
450417,0.18971676546466623,0,0,0,0,0
749033,0.03993298096279416,0,0,0,1,1
851130,0.012448736519178159,0,0,0,1,1
989802,0.02960287068120564,0,0,0,1,1
204343,0.020254595945946096,0,0,0,1,1
516995,0.008943674803058778,0,0,0,1,1
354206,0.17387451273709756,0,0,0,0,0
944810,0.03718220591803445,0,0,0,1,1
175285,0.018894938798887692,0,0,0,1,1
638685,0.03360991647752419,0,0,0,1,1
497421,0.03614553898500439,0,0,0,1,1
730561,0.1676219129436931,0,0,0,0,0
458864,0.17267310067510436,0,0,0,0,0
928957,0.02736971015813106,0,0,0,1,1
186901,0.028594643173323386,1,1,0,1,1
511573,0.026983316537296458,0,0,0,1,1
614106,0.021145517022598367,0,0,0,1,1
909503,0.03458124794247812,0,0,0,1,1
320772,0.020112827455334267,0,0,0,1,1
740918,0.20253659388931355,0,0,0,1,0
478142,0.029131766995189042,0,0,0,1,1
612719,0.023067872016969613,0,0,0,1,1
887117,0.687011655050181,1,1,0,0,1
587420,0.028678710533746828,0,0,0,1,1
639346,0.1790735835060406,1,0,1,0,0
563981,0.009361173808842691,0,0,0,1,1
852323,0.021591259404494193,0,0,0,1,1
206914,0.013585331626874971,0,0,0,1,1
583272,0.1790735835060406,0,0,0,0,0
702542,0.03645288217219393,0,0,0,1,1
757010,0.019157675042912943,0,0,0,1,1
463926,0.187775674131179,0,0,0,1,1
716362,0.01030743174124881,0,0,0,1,1
257440,0.024006797905441364,0,0,0,1,1
610916,0.2155467197789668,0,0,0,0,0
671383,0.027396809160820525,0,0,0,1,1
722399,0.017496228321562363,0,0,0,1,1
369795,0.1676219129436931,0,0,0,0,1
527090,0.20463531076357552,0,0,0,0,0
126490,0.051053535891000326,1,0,1,1,1
106477,0.033459705731510477,0,0,0,1,1
690890,0.03392739971416036,0,0,0,1,1
767894,0.031157127143688516,0,0,0,1,1
776317,0.40073093478415117,0,0,0,0,0
741384,0.1790735835060406,1,0,1,0,0
391397,0.03286504527642256,0,0,0,1,1
973168,0.03661026342041985,0,0,0,1,1
324739,0.027037549617832213,0,0,0,1,1
530517,0.10757365089771023,0,0,0,1,1
242779,0.016458573041721783,0,0,0,1,1
781570,0.020649237904546848,0,0,0,1,1
426698,0.02293881920151821,0,0,0,1,1
985115,0.21191706998323742,0,0,0,0,0
153626,0.012929481624375211,0,0,0,1,1
189158,0.02193460488002022,0,0,0,1,1
163970,0.033792237194750774,0,0,0,1,1
635719,0.010255370999745111,0,0,0,1,1
500280,0.02328653815424944,0,0,0,1,1
139532,0.016628078130326403,0,0,0,1,1
169393,0.022030581637606416,0,0,0,1,1
177598,0.030465637893594962,0,0,0,1,1
246405,0.011875069305757149,0,0,0,1,1
280864,0.02456751381554998,0,0,0,1,1
404314,0.020540201360680174,0,0,0,1,1
434477,0.025433526581338708,0,0,0,1,1
459345,0.01813481259400001,0,0,0,1,1
551837,0.027312396000822272,0,0,0,1,1
632435,0.08863710007794283,0,0,0,1,1
920102,0.13730091911040665,1,0,1,0,0
132296,0.034980944284352576,0,0,0,1,1
240132,0.007896107963260469,0,0,0,1,1
367811,0.16427257012847687,0,0,0,0,0
418779,0.025626557238268056,0,0,0,1,1
432718,0.015128789066239701,0,0,0,1,1
671119,0.013988082061629731,0,0,0,1,1
762485,0.01146020222711849,0,0,0,1,1
774272,0.02224096699727767,0,0,0,1,1
822051,0.0331340857256134,0,0,0,1,1
952545,0.009325711242944646,0,0,0,1,1
848632,0.029553365931592298,0,0,0,1,1
989568,0.02643226424609312,0,0,0,1,1
164743,0.029981869954800046,0,0,0,1,1
172724,0.1790735835060406,0,0,0,0,0
304528,0.20646650844652964,1,1,1,0,0
419749,0.029421697035118648,0,0,0,1,1
284203,0.026299922212341374,0,0,0,1,1
914152,0.01134574867413863,0,0,0,1,1
119135,0.011018004367117659,0,0,0,1,1
691220,0.02371641745636592,0,0,0,1,1
213246,0.12442979636579167,0,0,0,1,1
246571,0.02958978089195161,0,0,0,1,1
930502,0.02338477505121917,0,0,0,1,1
116288,0.16353538111093677,0,0,0,1,1
857497,0.022493921181830717,0,0,0,1,1
369682,0.017834752098460843,0,0,0,1,1
430107,0.037916939425246696,0,0,0,1,1
435657,0.03056930339923605,0,0,0,1,1
515822,0.10078316610969801,0,0,0,1,1
275358,0.028430349599857983,0,0,0,1,1
456785,0.023923703093449742,0,0,0,1,1
188318,0.02894543535620117,0,0,0,1,1
966729,0.16071775060451177,0,0,0,1,1
922484,0.009704976206661314,0,0,0,1,1
926300,0.03290802324131015,0,0,0,1,1
211891,0.023760793803442596,0,0,0,1,1
660294,0.024889084832669425,0,0,0,1,1
267291,0.02028744236681862,0,0,0,1,1
409989,0.17267310067510436,0,0,0,0,0
758738,0.023020072462469024,0,0,0,1,1
708634,0.012350099382084782,0,0,0,1,1
365166,0.33478662501128614,1,1,0,0,0
849587,0.11365717451911697,0,0,0,1,1
599442,0.020279609278697455,0,0,0,1,1
752580,0.08124724361810301,0,0,0,1,1
462663,0.0261137412036329,0,0,0,1,1
978048,0.09968119862188367,0,0,0,1,1
826975,0.16312440362476424,0,0,0,0,0
420457,0.014547593755617259,0,0,0,1,1
497108,0.02482156875502205,0,0,0,1,1
238156,0.0118904535287115,0,0,0,1,1
383367,0.3250241393734617,0,0,0,0,0
250619,0.02242385389856081,0,0,0,1,1
680376,0.18351626995452375,0,0,0,0,0
691855,0.21191706998323742,1,0,1,0,0
833728,0.02948616343573959,0,0,0,1,1
258951,0.030151336998769762,0,0,0,1,1
354477,0.02425027753809542,0,0,0,1,1
417001,0.17267310067510436,0,0,0,0,0
626211,0.025032778573803222,0,0,0,1,1
597197,0.030923011911833033,0,0,0,1,1
986421,0.03280354695587439,0,0,0,1,1
779085,0.02796054256876746,0,0,0,1,1
921705,0.031301906476242376,0,0,0,1,1
317888,0.021769392094651868,0,0,0,1,1
777171,0.01976874575571399,0,0,0,1,1
932745,0.09840348396708624,0,0,0,1,1
947620,0.020623274154256882,0,0,0,1,1
742509,0.020283004992174197,0,0,0,1,1
745901,0.40073093478415117,0,0,0,0,0
202218,0.16224397250674535,0,0,0,0,1
612963,0.21191706998323742,0,0,0,0,0
666473,0.026531187618882932,0,0,0,1,1
136715,0.022233964603115684,0,0,0,1,1
486197,0.454252352708037,0,0,0,0,0
628952,0.02443632746371044,0,0,0,1,1
690866,0.010364170779570315,0,0,0,1,1
947158,0.10508341745630337,0,0,0,1,1
123780,0.1790735835060406,1,0,1,0,0
157200,0.01126975065709125,0,0,0,1,1
392953,0.06745018218541142,0,0,0,1,1
395962,0.20646650844652964,0,0,0,0,0
737509,0.11271672566762929,0,0,0,1,1
335852,0.028400280197107976,0,0,0,1,1
481457,0.43668657699813396,0,0,0,0,0
659607,0.026115541722122486,0,0,0,1,1
706884,0.047239992810918,1,1,1,1,1
197067,0.02190959642610549,0,0,0,1,1
376424,0.13335070683971262,0,0,0,1,1
490250,0.035189231288112854,0,0,0,1,1
317827,0.008398034929293348,0,0,0,1,1
119997,0.02385236042053505,0,0,0,1,1
356507,0.02570253908602375,0,0,0,1,1
422496,0.011205291913349888,0,0,0,1,1
929728,0.009761351936219622,0,0,0,1,1
343879,0.17267310067510436,0,0,0,0,1
406176,0.02526264856947273,0,0,0,1,1
494384,0.024261079423510395,0,0,0,1,1
581661,0.020990632648052572,0,0,0,1,1
618823,0.02753326289223757,1,1,0,1,1
641050,0.024816489506789816,0,0,0,1,1
695596,0.1790735835060406,0,0,0,0,0
739084,0.010056680534734531,0,0,0,1,1
743610,0.015116988951754668,0,0,0,1,1
829588,0.04843374184825729,0,0,0,1,1
878816,0.20463531076357552,0,0,0,0,0
969810,0.02379682381434769,0,0,0,1,1
565960,0.033153766200795735,0,0,0,1,1
641704,0.02895686639863647,0,0,0,1,1
108264,0.010687573158301069,0,0,0,1,1
298601,0.029906849644281495,0,0,0,1,1
581481,0.022239265061579288,0,0,0,1,1
693608,0.028710602909544285,0,0,0,1,1
772370,0.03318144020100648,0,0,0,1,1
843037,0.029329038868085168,0,0,0,1,1
212189,0.02655899544953394,0,0,0,1,1
216487,0.026664525705015256,0,0,0,1,1
674118,0.027301183345578586,0,0,0,1,1
880436,0.0233065823591704,0,0,0,1,1
387455,0.030034894627473187,0,0,0,1,1
877124,0.026377234437729994,0,0,0,1,1
107461,0.024832092852767846,0,0,0,1,1
785076,0.02424343218410056,0,0,0,1,1
510353,0.03154751833577953,0,0,0,1,1
764896,0.029643225031544176,0,0,0,1,1
838845,0.177679611640234,1,1,0,1,1
229391,0.18351626995452375,0,0,0,0,0
576654,0.21191706998323742,1,0,1,0,0
459164,0.4433278738516081,0,0,0,0,0
393101,0.1787963351252134,0,0,0,0,0
574627,0.1456009978011221,1,0,1,0,0
276035,0.049843906027814855,0,0,0,1,1
445679,0.5699943742678211,1,0,1,0,1
474458,0.02376630033104,0,0,0,1,1
237858,0.33478662501128614,0,0,0,0,0
200744,0.020202325343649796,0,0,0,1,1
448354,0.02744928354950694,0,0,0,1,1
421744,0.027288204033325495,0,0,0,1,1
953892,0.17387451273709756,0,0,0,0,1
474894,0.3288108979873574,0,0,0,0,0
794323,0.12224328854166895,0,0,0,1,0
622992,0.17267310067510436,1,0,1,0,0
206772,0.024546856610812358,0,0,0,1,1
860099,0.14747863034163544,0,0,0,1,1
348215,0.0261137412036329,0,0,0,1,1
966089,0.17267310067510436,0,0,0,0,0
208323,0.02216352122024906,0,0,0,1,1
244296,0.03767334709236165,0,0,0,1,1
577501,0.022118824126751497,0,0,0,1,1
961218,0.018383926273576472,0,0,0,1,1
343103,0.019681566271099116,0,0,0,1,1
454880,0.010692738590963194,0,0,0,1,1
328188,0.02883595797425339,0,0,0,1,1
401350,0.2155467197789668,0,0,0,0,0
947679,0.33478662501128614,0,0,0,0,0
625451,0.023985326171131728,0,0,0,1,1
908882,0.16427257012847687,0,0,0,0,0
979644,0.012226018384665237,0,0,0,1,1
492090,0.40073093478415117,0,0,0,0,0
887266,0.02540232111348936,0,0,0,1,1
128032,0.03806089481635589,0,0,0,1,1
171042,0.2081731857303604,1,0,1,0,0
337066,0.02778448658686597,0,0,0,1,1
581651,0.2530179039988978,0,0,0,0,0
582066,0.024638059644730613,0,0,0,1,1
643705,0.016680759818301732,0,0,0,1,1
752107,0.02751682787289156,0,0,0,1,1
798881,0.022144315630642602,0,0,0,1,1
868025,0.18733803446487518,0,0,0,1,0
918112,0.037347623271287406,0,0,0,1,1
977305,0.024604958257868383,0,0,0,1,1
447796,0.02945708087925087,0,0,0,1,1
584845,0.030279001608063117,0,0,0,1,1
225279,0.33478662501128614,0,0,0,0,0
498643,0.02301215548951807,0,0,0,1,1
489985,0.16427257012847687,0,0,0,0,0
104267,0.37179199638370425,0,0,0,0,0
190227,0.03663015889514815,0,0,0,1,1
212849,0.0247795126708952,0,0,0,1,1
100753,0.04221564514088962,0,0,0,1,1
794723,0.025311896177850884,0,0,0,1,1
712584,0.40073093478415117,0,0,0,0,0
460349,0.024305872965662067,0,0,0,1,1
317776,0.021160397711461,0,0,0,1,1
543901,0.025533777027763684,0,0,0,1,1
837641,0.02338477505121917,0,0,0,1,1
947750,0.3250241393734617,0,0,0,0,0
718962,0.02702397950787596,0,0,0,1,1
309304,0.026754130259138538,0,0,0,1,1
834537,0.21191706998323742,0,0,0,0,0
515775,0.009535487196051445,0,0,0,1,1
576363,0.010458336384473058,0,0,0,1,1
696732,0.19152814101728952,0,0,0,0,0
190827,0.11705450375309281,0,0,0,1,1
599372,0.03248662289094712,0,0,0,1,1
446988,0.024522883325964098,0,0,0,1,1
863280,0.3221111858669992,0,0,0,1,0
319768,0.41138145036434515,1,1,0,0,0
618719,0.023034116916367565,0,0,0,1,1
381189,0.02610947247522251,0,0,0,1,1
575821,0.10126550615735044,0,0,0,1,1
172284,0.23234686973987112,0,0,0,0,0
243191,0.026757854942798125,0,0,0,1,1
269694,0.01677053210009533,0,0,0,1,1
312545,0.14434431779388776,0,0,0,1,1
353096,0.031012593655847402,0,0,0,1,1
401766,0.02899434510043751,0,0,0,1,1
446352,0.024426495458600518,0,0,0,1,1
356578,0.454252352708037,0,0,0,0,0
549686,0.021579667069824636,0,0,0,1,1
911668,0.01655700166720827,0,0,0,1,1
453032,0.03063453686760394,0,0,0,1,1
696562,0.20233749659674605,0,0,0,0,0
559576,0.010784746870616452,0,0,0,1,1
822205,0.21191706998323742,0,0,0,0,0
513099,0.031157618699911557,0,0,0,1,1
765655,0.17267310067510436,0,0,0,0,0
316933,0.05741646954855785,0,0,0,1,1
890650,0.17387451273709756,0,0,0,0,0
162489,0.012883692145606791,0,0,0,1,1
950933,0.02384448534644871,0,0,0,1,1
139135,0.030318707914568976,0,0,0,1,1
374931,0.021107222633962856,0,0,0,1,1
713520,0.2260638378520958,1,0,1,1,1
779106,0.01920976538186367,0,0,0,1,1
778066,0.1501332436782899,0,0,0,1,1
820204,0.034454414027706846,0,0,0,1,1
597294,0.3250241393734617,0,0,0,0,0
592350,0.027039184934444332,0,0,0,1,1
900853,0.028185550951056296,0,0,0,1,1
318755,0.00902190027995961,0,0,0,1,1
469660,0.0340190236519397,0,0,0,1,1
133821,0.01682423003883867,0,0,0,1,1
915156,0.02397814044352747,0,0,0,1,1
961463,0.33478662501128614,0,0,0,0,0
948714,0.027197742119611172,0,0,0,1,1
783255,0.010308930714908099,0,0,0,1,1
134012,0.24476248970491027,0,0,0,0,0
841948,0.027300535999002985,0,0,0,1,1
536018,0.02789050758922607,0,0,0,1,1
603545,0.12345218734905476,0,0,0,1,1
338750,0.9656372523150991,1,0,1,0,1
982535,0.020695082601767088,0,0,0,1,1
138121,0.026786851106087816,0,0,0,1,1
516594,0.02225908596500891,0,0,0,1,1
844677,0.02714349584772383,0,0,0,1,1
942355,0.011338039326514063,0,0,0,1,1
140391,0.036622055218411706,0,0,0,1,1
220538,0.15579516630652088,0,0,0,0,1
178565,0.21191706998323742,0,0,0,0,0
729173,0.025326772692890843,0,0,0,1,1
781924,0.023192125243870643,0,0,0,1,1
453133,0.011608070378161446,0,0,0,1,1
465421,0.034566734352040315,0,0,0,1,1
985839,0.02688169552805628,0,0,0,1,1
321012,0.009858357230277628,0,0,0,1,1
528331,0.02185327244812904,0,0,0,1,1
383391,0.20463531076357552,0,0,0,0,0
186810,0.030528974918832337,0,0,0,1,1
771901,0.08724543199341074,0,0,0,1,1
104960,0.0915735020051267,0,0,0,1,1
129533,0.33478662501128614,1,0,1,0,0
253412,0.2081731857303604,1,0,1,0,0
293689,0.2155467197789668,0,0,0,0,0
348400,0.04743082053911775,0,0,0,1,1
354461,0.02914660066051837,0,0,0,1,1
478986,0.023562462868615623,0,0,0,1,1
729444,0.24476248970491027,0,0,0,0,0
750649,0.030497687340752904,0,0,0,1,1
805170,0.021183642374594747,0,0,0,1,1
834790,0.2155467197789668,0,0,0,0,0
997434,0.019260023018706066,0,0,0,1,1
218757,0.2155467197789668,0,0,0,0,1
830171,0.0252469901702108,0,0,0,1,1
571239,0.021048478160591973,0,0,0,1,1
976529,0.02064863139581608,0,0,0,1,1
127785,0.027918696942209047,0,0,0,1,1
503357,0.030485555846555712,0,0,0,1,1
166865,0.011212234252229236,0,0,0,1,1
313732,0.02124646301014803,0,0,0,1,1
254579,0.033814406048845023,0,0,0,1,1
631583,0.010438219066482818,0,0,0,1,1
799657,0.1676219129436931,0,0,0,0,0
957881,0.027693999580473035,0,0,0,1,1
649422,0.015531104257907187,0,0,0,1,1
733627,0.10508341745630337,0,0,0,1,1
515929,0.19760848705550632,0,0,0,1,0
570600,0.02694075432380219,0,0,0,1,1
640614,0.023483428723711817,0,0,0,1,1
864845,0.16802604929505988,0,0,0,1,0
431640,0.021561271092751716,0,0,0,1,1
850414,0.027263257764167062,0,0,0,1,1
352490,0.017969656930942414,0,0,0,1,1
593327,0.5063786236870225,1,1,0,1,1
114214,0.12417288725427236,1,1,0,1,1
562644,0.023079947465027905,0,0,0,1,1
618494,0.1007623191713537,0,0,0,1,1
774386,0.40073093478415117,0,0,0,0,0
734458,0.03475029950563461,0,0,0,1,1
784946,0.021679820564026075,0,0,0,1,1
433477,0.24476248970491027,0,0,0,0,0
489244,0.02506507405121377,0,0,0,1,1
352216,0.1596170761945096,0,0,0,0,0
582874,0.41138145036434515,0,0,0,0,0
492496,0.1012990603768142,0,0,0,1,1
747571,0.012807155013450713,0,0,0,1,1
843737,0.21191706998323742,0,0,0,0,0
278854,0.039115846816881454,0,0,0,1,1
483969,0.2007247314160019,1,0,1,0,0
547500,0.03092042990907554,0,0,0,1,1
354084,0.025743943386435184,0,0,0,1,1
634386,0.021769392094651868,0,0,0,1,1
482551,0.012592314863893086,0,0,0,1,1
788947,0.014758426169949851,0,0,0,1,1
753089,0.02321034030886975,0,0,0,1,1
877419,0.03026511531752267,1,1,0,1,1
106616,0.1790735835060406,0,0,0,0,0
618022,0.022687699401081052,0,0,0,1,1
586365,0.1790735835060406,0,0,0,0,0
677153,0.1676219129436931,1,0,1,0,0
193946,0.2095590334390619,0,0,0,0,0
891128,0.03321853027590427,0,0,0,1,1
358151,0.10407968322227851,0,0,0,1,1
236129,0.022546006119261,0,0,0,1,1
879904,0.013086684343212886,0,0,0,1,1
726309,0.21191706998323742,0,0,0,0,0
949628,0.9680128534640984,1,0,1,0,1
498610,0.10588245998966143,0,0,0,1,1
728486,0.02863080061401836,0,0,0,1,1
110394,0.02190702706758687,0,0,0,1,1
450865,0.02829655867986789,0,0,0,1,1
711510,0.0233065823591704,0,0,0,1,1
372652,0.03852982709450416,0,0,0,1,1
294865,0.02541959868885576,0,0,0,1,1
462595,0.02663692518381766,0,0,0,1,1
794496,0.454252352708037,0,0,0,0,0
444365,0.020613629895614827,0,0,0,1,1
167465,0.0772070436137031,0,0,0,1,1
722089,0.08037048080638524,0,0,0,1,1
802452,0.02083015371687659,0,0,0,1,1
214605,0.02453807427853206,0,0,0,1,1
592515,0.9680128534640984,1,0,1,0,1
299107,0.026408948528769145,0,0,0,1,1
613303,0.013998955456815829,0,0,0,1,1
602587,0.03046478340032393,0,0,0,1,1
674643,0.1676219129436931,0,0,0,0,0
138810,0.1790735835060406,0,0,0,0,0
314081,0.13661786320167157,0,0,0,1,1
545278,0.02871035096515268,0,0,0,1,1
625859,0.011385648960274634,0,0,0,1,1
844556,0.02445113978487138,0,0,0,1,1
925385,0.008379253561885317,0,0,0,1,1
351500,0.010017466729332338,0,0,0,1,1
210385,0.43668657699813396,0,0,0,0,0
730246,0.20549353174708074,0,0,0,0,0
999631,0.025133274963850274,0,0,0,1,1
574771,0.012676019084891348,0,0,0,1,1
975949,0.13948321504595362,0,0,0,1,0
641612,0.4433278738516081,0,0,0,0,0
260855,0.024288245899762514,0,0,0,1,1
575487,0.41138145036434515,0,0,0,0,0
427140,0.026531187618882932,0,0,0,1,1
616083,0.02149524447479584,0,0,0,1,1
675651,0.030360153264363678,0,0,0,1,1
717762,0.21191706998323742,1,1,0,0,0
720079,0.11725146385962655,0,0,0,1,1
740090,0.021876367624357723,0,0,0,1,1
839527,0.027205531142323977,0,0,0,1,1
198900,0.029735301551372523,0,0,0,1,1
216762,0.02537839487609864,0,0,0,1,1
824351,0.017985004028444326,0,0,0,1,1
510440,0.024756980399563314,0,0,0,1,1
803234,0.014171717466862641,0,0,0,1,1
493598,0.011948509650331441,0,0,0,1,1
848694,0.17244848510604815,1,1,0,1,1
688731,0.20463531076357552,1,0,1,0,0
839356,0.027322660148860114,0,0,0,1,1
141655,0.026307585699772686,0,0,0,1,1
549751,0.02143795253845737,0,0,0,1,1
443232,0.014222552022083895,0,0,0,1,1
588993,0.19549063116219806,0,0,0,0,0
451425,0.025155762452176534,0,0,0,1,1
928354,0.026136377160484402,0,0,0,1,1
534813,0.02646256211233633,0,0,0,1,1
614810,0.027351771619589137,0,0,0,1,1
103502,0.11922794464325119,0,0,0,1,1
208485,0.011955529350959735,0,0,0,1,1
334575,0.028172859265544928,0,0,0,1,1
455896,0.010759099612185973,0,0,0,1,1
469781,0.03530118734576185,0,0,0,1,1
533488,0.1790735835060406,0,0,0,0,0
707557,0.02980163067715691,0,0,0,1,1
738459,0.02205719906644538,0,0,0,1,1
947863,0.029163934008698277,0,0,0,1,1
793134,0.029830893336482128,0,0,0,1,1
891903,0.040428197823662845,0,0,0,1,1
129817,0.032461934485473506,0,0,0,1,1
618300,0.03286504527642256,0,0,0,1,1
167062,0.01734239766761988,0,0,0,1,1
212735,0.026409554152760292,0,0,0,1,1
246591,0.11619063860451101,0,0,0,1,1
951879,0.4433278738516081,1,1,0,0,0
285636,0.1236340190685917,0,0,0,1,1
327972,0.03793865245191541,0,0,0,1,1
351292,0.2530179039988978,0,0,0,0,0
375430,0.03442714183374989,0,0,0,1,1
797326,0.41138145036434515,0,0,0,0,0
198785,0.17387451273709756,0,0,0,0,0
281952,0.1965988810474184,0,0,0,0,0
515905,0.034806857327130215,0,0,0,1,1
839748,0.053984628846656786,0,0,0,1,1
351551,0.40073093478415117,0,0,0,0,0
990947,0.9656372523150991,1,0,1,0,1
540905,0.025287677395731022,0,0,0,1,1
625599,0.1647172939369291,0,0,0,1,0
707017,0.09961053902865459,0,0,0,1,1
807256,0.014620729666108655,0,0,0,1,1
653191,0.03563995252656303,0,0,0,1,1
955292,0.13528078993434178,0,0,0,1,1
164500,0.2095590334390619,0,0,0,0,0
587480,0.02955547243405963,0,0,0,1,1
294283,0.02606892216584962,0,0,0,1,1
478247,0.01109330269187496,0,0,0,1,1
637249,0.01833460559530559,0,0,0,1,1
888291,0.021396923472513926,0,0,0,1,1
456613,0.13649626631132064,0,0,0,1,1
266377,0.37179199638370425,0,0,0,0,0
432059,0.023679057428977975,0,0,0,1,1
772827,0.07854460038411533,0,0,0,1,1
119845,0.035142564285535055,0,0,0,1,1
963619,0.40073093478415117,0,0,0,0,0
293137,0.21191706998323742,0,0,0,0,0
608070,0.02581651489634972,0,0,0,1,1
887995,0.027416181310244658,0,0,0,1,1
936211,0.02833087814732561,0,0,0,1,1
659767,0.03272903373007767,0,0,0,1,1
723208,0.20233749659674605,0,0,0,0,0
168843,0.029040477270568944,0,0,0,1,1
278059,0.1676219129436931,1,0,1,0,0
455606,0.011544274094457789,0,0,0,1,1
826166,0.21191706998323742,0,0,0,0,1
167515,0.02047405671344704,0,0,0,1,1
581007,0.02382399559008622,0,0,0,1,1
368772,0.41138145036434515,0,0,0,0,0
551938,0.02518712138987397,0,0,0,1,1
556808,0.02321034030886975,0,0,0,1,1
571970,0.02168577191492764,0,0,0,1,1
603658,0.01781420754666809,0,0,0,1,1
616650,0.02083015371687659,0,0,0,1,1
688820,0.022023772862225656,0,0,0,1,1
709472,0.020801334754584563,0,0,0,1,1
654751,0.0240787748881095,0,0,0,1,1
320183,0.40073093478415117,0,0,0,0,0
224130,0.02921102752846046,0,0,0,1,1
448912,0.028189058354471275,0,0,0,1,1
813520,0.009638894003516103,0,0,0,1,1
273177,0.02732734834183319,0,0,0,1,1
565900,0.010638277743620207,0,0,0,1,1
387214,0.40073093478415117,0,0,0,0,0
605421,0.0766930993267621,0,0,0,1,0
642808,0.017431811250975784,0,0,0,1,1
496830,0.2081731857303604,1,0,1,0,0
992268,0.031047505995992986,0,0,0,1,1
415372,0.013330891032485902,0,0,0,1,1
691761,0.09522405122070876,0,0,0,1,1
287927,0.12455811979657248,0,0,0,1,1
858667,0.02083015371687659,0,0,0,1,1
137751,0.17181610340032658,0,0,0,1,1
556958,0.028528848250060274,0,0,0,1,1
689459,0.024922962195323566,0,0,0,1,1
874415,0.17387451273709756,0,0,0,0,0
897716,0.02730078382208838,0,0,0,1,1
853957,0.021221295526685193,0,0,0,1,1
294071,0.0250851805747563,0,0,0,1,1
682064,0.9656372523150991,1,0,1,0,1
158508,0.020935720065608475,0,0,0,1,1
728679,0.025764321577730523,0,0,0,1,1
205430,0.02338477505121917,1,1,0,1,1
882874,0.20463531076357552,1,0,1,0,0
371079,0.027617473430420668,1,1,0,1,1
574330,0.0338265475069131,0,0,0,1,1
617471,0.022861678703615662,0,0,0,1,1
203133,0.025451991051838013,1,1,0,1,1
742064,0.20463531076357552,0,0,0,0,0
265665,0.15829909702644154,0,0,0,0,0
605322,0.020660860678890617,0,0,0,1,1
262683,0.029727660097166323,0,0,0,1,1
264095,0.19152814101728952,0,0,0,0,0
184895,0.03127618743254115,0,0,0,1,1
268932,0.031553095129649815,0,0,0,1,1
989473,0.1788004939151199,0,0,0,1,0
282854,0.029167754628473645,0,0,0,1,1
944355,0.010364170779570315,0,0,0,1,1
171906,0.022326785116833187,0,0,0,1,1
357574,0.024434333855749335,0,0,0,1,1
768748,0.027846094040044556,0,0,0,1,1
784185,0.026184633392624314,0,0,0,1,1
165339,0.40487065834360664,0,0,0,0,0
945091,0.02961315134306969,0,0,0,1,1
341907,0.050847290567704984,1,1,0,1,1
377674,0.07226444127249088,0,0,0,1,1
478278,0.023351715935011,0,0,0,1,1
975309,0.014169669562428803,0,0,0,1,1
588220,0.02086368462498411,0,0,0,1,1
832745,0.03189954621798597,0,0,0,1,1
580979,0.1790735835060406,0,0,0,0,0
865977,0.024616762188362354,0,0,0,1,1
593710,0.025449242175249756,0,0,0,1,1
684881,0.010519406747983155,0,0,0,1,1
141023,0.019631189388931554,0,0,0,1,1
576071,0.026298704567170466,0,0,0,1,1
127137,0.017709870461615682,0,0,0,1,1
432370,0.033602072418610456,0,0,0,1,1
971142,0.012327930562592357,0,0,0,1,1
318564,0.02496293611951317,0,0,0,1,1
495926,0.1790735835060406,0,0,0,0,0
381496,0.02457641084334059,0,0,0,1,1
878281,0.023899906327676402,0,0,0,1,1
454718,0.029226375320657604,0,0,0,1,1
946061,0.6562914457400644,1,1,0,1,1
471523,0.037920663929261814,0,0,0,1,1
644434,0.010411598272834222,0,0,0,1,1
904283,0.02501611916155481,0,0,0,1,1
516301,0.11068206240712004,0,0,0,1,1
298865,0.021327717944991005,0,0,0,1,1
471583,0.027909048767556382,0,0,0,1,1
363774,0.02312522436859179,0,0,0,1,1
450896,0.024955848385841722,0,0,0,1,1
816510,0.17267310067510436,0,0,0,0,0
971157,0.02536853387645595,0,0,0,1,1
951712,0.027816913079797,0,0,0,1,1
724987,0.10598902491591058,0,0,0,1,1
975497,0.02332644263344705,0,0,0,1,1
562734,0.017683870379076108,0,0,0,1,1
919889,0.025410999444434784,0,0,0,1,1
805226,0.10395809052535092,0,0,0,1,1
956402,0.02294148111727241,0,0,0,1,1
564882,0.028622918687806313,0,0,0,1,1
952730,0.02686495660058541,0,0,0,1,1
144261,0.9487231441949489,1,0,1,0,1
825809,0.37163478693322105,0,0,0,0,0
422398,0.026593069598694244,0,0,0,1,1
435613,0.022329252968590643,0,0,0,1,1
449046,0.012178665238548398,0,0,0,1,1
456822,0.029905315959899346,0,0,0,1,1
258799,0.41138145036434515,1,1,0,0,0
629410,0.020528693769371106,0,0,0,1,1
664684,0.41138145036434515,0,0,0,0,0
583223,0.01951221408164307,1,1,0,1,1
105835,0.37179199638370425,0,0,0,0,0
873886,0.024496134865779045,0,0,0,1,1
583271,0.9210350061672218,1,0,1,1,1
906274,0.10395809052535092,1,1,0,1,1
903006,0.1204085762294954,0,0,0,1,1
969053,0.025856502840279377,0,0,0,1,1
609072,0.039984123566189515,0,0,0,1,1
996796,0.024772045633867316,0,0,0,1,1
214322,0.13358754537247344,0,0,0,1,1
224854,0.07209111947571087,0,0,0,1,1
443243,0.02929643363886029,0,0,0,1,1
520091,0.04041431859384589,0,0,0,1,1
531430,0.03594318136521353,0,0,0,1,1
616722,0.008273267591427389,0,0,0,1,1
920954,0.33478662501128614,0,0,0,0,0
911525,0.019244606987372535,0,0,0,1,1
971528,0.02509634972492756,0,0,0,1,1
988249,0.02269283469985963,0,0,0,1,1
154736,0.021240736166689544,0,0,0,1,1
903496,0.026123921811829362,0,0,0,1,1
913340,0.03405062286621661,0,0,0,1,1
184496,0.03102121541043943,0,0,0,1,1
753533,0.024826034558134646,0,0,0,1,1
572265,0.03190741706808713,0,0,0,1,1
938636,0.022023772862225656,0,0,0,1,1
193824,0.03500131876655002,0,0,0,1,1
722169,0.011473299603881184,0,0,0,1,1
129555,0.025069055755024553,0,0,0,1,1
637986,0.0157995283221339,0,0,0,1,1
185496,0.0981645152371171,0,0,0,1,1
858802,0.037623616570503185,0,0,0,1,1
548722,0.027709824400708048,0,0,0,1,1
421691,0.024083729967371462,0,0,0,1,1
698395,0.02415691228356236,0,0,0,1,1
828076,0.01697030598060614,0,0,0,1,1
498319,0.1508411791740981,1,1,0,0,1
618824,0.02196872388594253,0,0,0,1,1
843158,0.2895172184817158,0,0,0,0,0
737764,0.030158706992478024,0,0,0,1,1
419732,0.24684132813502074,0,0,0,0,0
389812,0.18537293268532518,0,0,0,0,1
975387,0.02281742178455243,0,0,0,1,1
842959,0.01867162278385139,0,0,0,1,1
419540,0.029527851956848226,0,0,0,1,1
749684,0.1825735682904972,0,0,0,1,1
239182,0.034389110096512916,0,0,0,1,1
872297,0.24476248970491027,0,0,0,0,0
201055,0.2155467197789668,1,0,1,0,0
913449,0.12493982750991141,0,0,0,1,1
166011,0.20463531076357552,0,0,0,0,1
739138,0.02571599561781568,0,0,0,1,1
970014,0.20646650844652964,1,1,0,0,1
275306,0.0296147214851746,0,0,0,1,1
621093,0.030497687340752904,0,0,0,1,1
300806,0.03346236286901049,0,0,0,1,1
999982,0.17387451273709756,0,0,0,0,0
344260,0.020312458462054317,0,0,0,1,1
423272,0.012041538251937671,0,0,0,1,1
241374,0.024980100254204083,0,0,0,1,1
522234,0.028864312940513472,0,0,0,1,1
773943,0.026857639185199383,0,0,0,1,1
957452,0.01188931712738989,0,0,0,1,1
622006,0.027205716092480795,0,0,0,1,1
963036,0.030866986495339598,0,0,0,1,1
373554,0.2081731857303604,0,0,0,0,0
814236,0.10144851362949618,0,0,0,1,1
186199,0.026136173179676928,0,0,0,1,1
857682,0.022563270723029025,0,0,0,1,1
346346,0.1790735835060406,0,0,0,0,0
470373,0.021266246423133385,0,0,0,1,1
940822,0.0215201143845001,0,0,0,1,1
696897,0.3250241393734617,0,0,0,0,0
895684,0.030497687340752904,0,0,0,1,1
365642,0.025462061546159518,0,0,0,1,1
927202,0.027225360278023046,0,0,0,1,1
344052,0.2095590334390619,0,0,0,0,1
787548,0.02258450009685212,0,0,0,1,1
258248,0.025262146262493075,0,0,0,1,1
242288,0.02083015371687659,0,0,0,1,1
652212,0.02958978089195161,0,0,0,1,1
551510,0.030497687340752904,0,0,0,1,1
818329,0.24476248970491027,0,0,0,0,0
336878,0.2530179039988978,0,0,0,0,0
969616,0.008686178668115682,0,0,0,1,1
849589,0.029596808638625585,0,0,0,1,1
474905,0.02960996572487614,0,0,0,1,1
716294,0.021799910398003827,0,0,0,1,1
131257,0.028189058354471275,0,0,0,1,1
628409,0.019847168460108592,0,0,0,1,1
554136,0.02235169155489955,0,0,0,1,1
557867,0.16614685717401334,0,0,0,1,0
726077,0.2007247314160019,0,0,0,0,0
234878,0.01401464909616968,0,0,0,1,1
250311,0.013372826866023108,0,0,0,1,1
759991,0.027225360278023046,0,0,0,1,1
446712,0.027816913079797,0,0,0,1,1
874938,0.17267310067510436,1,0,1,0,0
131047,0.03304340542944699,0,0,0,1,1
367562,0.0273445603538604,0,0,0,1,1
386298,0.17267310067510436,0,0,0,0,0
744698,0.33478662501128614,0,0,0,0,0
459017,0.021755121189388233,0,0,0,1,1
542118,0.03275035049525368,0,0,0,1,1
697905,0.025016736245803806,0,0,0,1,1
877654,0.02223126234150325,0,0,0,1,1
532978,0.03262322466543959,0,0,0,1,1
608419,0.0242167360021635,0,0,0,1,1
720178,0.9644301495800426,1,0,1,0,1
375399,0.1217492128365436,0,0,0,1,0
417507,0.02413639816832566,0,0,0,1,1
565805,0.021432720847282004,0,0,0,1,1
342156,0.020029530286425037,0,0,0,1,1
584536,0.02335000824135504,0,0,0,1,1
614100,0.02144867256016948,0,0,0,1,1
756663,0.21191706998323742,1,0,1,0,0
361266,0.034457692219887634,1,1,0,1,1
762562,0.1790735835060406,0,0,0,0,0
852520,0.04069233715513492,0,0,0,1,1
902742,0.20463531076357552,0,0,0,0,0
366537,0.02045787707455274,0,0,0,1,1
915933,0.0352213125413079,0,0,0,1,1
882084,0.24476248970491027,0,0,0,0,0
155791,0.022201513650502984,0,0,0,1,1
668020,0.04223048164481903,0,0,0,1,1
386037,0.02864599995518606,0,0,0,1,1
465927,0.1857184308603988,0,0,0,0,0
130823,0.02778227500263789,0,0,0,1,1
952003,0.038683758411023936,0,0,0,1,1
353786,0.14058332177320879,0,0,0,0,1
762255,0.20646650844652964,0,0,0,0,0
290200,0.04082248770775469,0,0,0,1,1
609730,0.02195989159612957,0,0,0,1,1
683458,0.3250241393734617,1,0,1,0,0
539746,0.20646650844652964,0,0,0,0,0
745383,0.5181023481035191,0,0,0,0,0
451528,0.41138145036434515,0,0,0,0,0
545586,0.11528236588936988,0,0,0,1,1
176115,0.029830893336482128,0,0,0,1,1
528697,0.20463531076357552,0,0,0,0,0
516362,0.024723969576783075,0,0,0,1,1
763248,0.3250241393734617,0,0,0,0,0
294273,0.44757898381648115,0,0,0,0,0
831854,0.3250241393734617,0,0,0,0,0
706007,0.09471486417185807,0,0,0,1,1
731254,0.16924334908255195,1,0,1,0,0
889501,0.11663792211556878,1,1,0,1,1
895994,0.16924334908255195,0,0,0,0,0
918341,0.01059541822923053,0,0,0,1,1
923761,0.022748195745060897,0,0,0,1,1
925609,0.02392306914718305,0,0,0,1,1
283654,0.03336082496994584,1,1,0,1,1
319304,0.1396492381813731,0,0,0,1,1
846194,0.021767337046790337,0,0,0,1,1
265226,0.0261607123453788,0,0,0,1,1
540551,0.03249448377536657,0,0,0,1,1
235882,0.03552883853284016,0,0,0,1,1
263762,0.026598535077809442,0,0,0,1,1
432302,0.40073093478415117,0,0,0,0,0
607856,0.010754979868375562,0,0,0,1,1
295302,0.15259438363821332,0,0,0,0,1
837012,0.3972820564334379,0,0,0,1,0
309584,0.03278189923855335,0,0,0,1,1
693926,0.9126860037828711,1,0,1,0,1
512191,0.026449682849291316,0,0,0,1,1
720765,0.026805622598260193,0,0,0,1,1
436569,0.02509634972492756,0,0,0,1,1
599145,0.03687078173517932,0,0,0,1,1
340574,0.11864317226465325,0,0,0,1,1
877101,0.026079041605008447,0,0,0,1,1
865759,0.2530179039988978,0,0,0,0,0
551975,0.031139047108764577,0,0,0,1,1
821216,0.030168415394984417,0,0,0,1,1
259342,0.034513935496308816,0,0,0,1,1
490774,0.01793787327752,0,0,0,1,1
906852,0.02663101810066309,0,0,0,1,1
913233,0.04223303703415354,0,0,0,1,1
573995,0.20463531076357552,0,0,0,0,1
845580,0.025925351916406564,0,0,0,1,1
262305,0.10081659835693935,0,0,0,1,1
453876,0.17387451273709756,0,0,0,0,0
956908,0.03475029950563461,0,0,0,1,1
262099,0.019600736297747813,0,0,0,1,1
500759,0.00900897330812676,0,0,0,1,1
644163,0.023808977974549617,0,0,0,1,1
504078,0.40073093478415117,0,0,0,0,0
636017,0.17267310067510436,0,0,0,0,0
780423,0.009816557552473225,0,0,0,1,1
222748,0.027173686078570396,0,0,0,1,1
839328,0.010959555340340436,0,0,0,1,1
172987,0.02534227445583708,0,0,0,1,1
237492,0.06794444158717215,0,0,0,1,1
346390,0.17387451273709756,0,0,0,0,0
375792,0.0940707214643846,0,0,0,1,1
616350,0.10149491429268057,0,0,0,1,1
652374,0.12512905298306523,0,0,0,1,1
724435,0.034972089624302434,0,0,0,1,1
770327,0.036466699407051974,0,0,0,1,1
851562,0.016900653660392572,0,0,0,1,1
917779,0.019740751424983386,0,0,0,1,1
585066,0.1790735835060406,1,0,1,0,0
694723,0.024210314159117147,0,0,0,1,1
157731,0.02655899544953394,0,0,0,1,1
780140,0.0240787748881095,0,0,0,1,1
356558,0.01987867891482328,0,0,0,1,1
890673,0.10103823055080387,0,0,0,1,1
322955,0.16924334908255195,0,0,0,0,0
873761,0.22767195282026484,0,0,0,1,0
591841,0.02568191924907306,0,0,0,1,1
827172,0.020099620196403593,0,0,0,1,1
607769,0.40073093478415117,0,0,0,0,0
504219,0.025451579701466345,0,0,0,1,1
130439,0.11189526276832075,1,1,0,1,1
429308,0.02774922861746922,0,0,0,1,1
578013,0.034502019213065616,0,0,0,1,1
772960,0.011074651778792147,0,0,0,1,1
294172,0.3228325220663167,0,0,0,0,0
391564,0.015456128058877227,0,0,0,1,1
715640,0.00985107905541631,0,0,0,1,1
442282,0.023568039380878654,0,0,0,1,1
902852,0.2095590334390619,0,0,0,0,1
306051,0.019695116548177835,0,0,0,1,1
586191,0.107555186626136,0,0,0,1,1
752729,0.024462248009829435,0,0,0,1,1
103304,0.01920011182750148,0,0,0,1,1
446171,0.025425098014130166,0,0,0,1,1
763183,0.017481728148791512,1,1,0,1,1
148289,0.4433278738516081,0,0,0,0,0
643099,0.19152814101728952,0,0,0,0,0
711541,0.02228727139300029,0,0,0,1,1
829003,0.02654991121357131,0,0,0,1,1
901049,0.18684767772481353,1,1,0,1,1
444524,0.02613309933988616,0,0,0,1,1
974829,0.11751444398638479,0,0,0,1,1
499089,0.025201848221544716,0,0,0,1,1
930337,0.19549063116219806,1,0,1,0,0
130086,0.030831149822651796,0,0,0,1,1
153193,0.013528669561025016,0,0,0,1,1
571643,0.019660530558065988,0,0,0,1,1
595215,0.0318279531849701,0,0,0,1,1
101540,0.11416835824781284,0,0,0,1,1
268630,0.023988955572121867,0,0,0,1,1
272114,0.17387451273709756,0,0,0,0,0
634850,0.020246295743282926,0,0,0,1,1
214504,0.026968172994024566,0,0,0,1,1
489391,0.41138145036434515,0,0,0,0,0
471015,0.41138145036434515,0,0,0,0,0
370093,0.05730284627801934,0,0,0,1,1
968943,0.023467656683019675,0,0,0,1,1
184090,0.15070543464439903,0,0,0,1,1
867056,0.028632277144050294,0,0,0,1,1
316666,0.24476248970491027,0,0,0,0,0
346678,0.011230523556340147,0,0,0,1,1
118729,0.09993049688399001,1,1,0,1,1
316633,0.14398475006491065,0,0,0,1,1
605926,0.018027261141755572,0,0,0,1,1
934212,0.009786448598438798,0,0,0,1,1
234454,0.24476248970491027,0,0,0,0,0
624621,0.009823361482131183,0,0,0,1,1
298327,0.028417091031702976,0,0,0,1,1
405442,0.028232110244542172,0,0,0,1,1
275846,0.32000577709644384,0,0,0,0,0
622906,0.02009499383395321,0,0,0,1,1
559721,0.40073093478415117,0,0,0,0,0
723591,0.031697432763252605,0,0,0,1,1
693295,0.023666015935511386,0,0,0,1,1
801832,0.1676219129436931,1,0,1,0,0
125969,0.021617602012979135,0,0,0,1,1
776139,0.013405091370809624,0,0,0,1,1
827546,0.03124504501063531,0,0,0,1,1
834120,0.011413876619565728,0,0,0,1,1
300845,0.028741620437836544,0,0,0,1,1
308891,0.1790735835060406,0,0,0,0,0
373888,0.1676219129436931,0,0,0,0,0
545087,0.1171488474117175,0,0,0,1,1
203773,0.21191706998323742,0,0,0,0,0
366599,0.3615368961698802,0,0,0,0,0
478107,0.1048350437841917,0,0,0,1,1
684081,0.17387451273709756,0,0,0,0,0
298343,0.020573149945961648,0,0,0,1,1
480239,0.025964753435428794,0,0,0,1,1
234895,0.12844961284406495,0,0,0,1,1
262176,0.010737620059661668,0,0,0,1,1
266148,0.10555958772005597,0,0,0,1,1
678454,0.019805366430614788,0,0,0,1,1
920840,0.020897399155309165,0,0,0,1,1
565242,0.2095590334390619,0,0,0,0,0
838482,0.02226341091100045,0,0,0,1,1
925767,0.41138145036434515,0,0,0,0,0
127410,0.031139047108764577,0,0,0,1,1
382983,0.2530179039988978,1,0,1,0,0
116703,0.04246260988863398,0,0,0,1,1
388777,0.027923990285617123,0,0,0,1,1
536485,0.010566252375203644,0,0,0,1,1
282532,0.17267310067510436,0,0,0,0,0
601775,0.030139424265323397,0,0,0,1,1
344627,0.013068149571376204,0,0,0,1,1
557525,0.017703263972505216,0,0,0,1,1
650377,0.02273037132319283,0,0,0,1,1
832046,0.2551431707667012,0,0,0,0,0
310965,0.021607780591329423,0,0,0,1,1
571215,0.025502125974918233,0,0,0,1,1
131558,0.08715279242726645,0,0,0,1,1
454356,0.20233749659674605,0,0,0,0,0
589394,0.9656372523150991,1,0,1,0,1
790813,0.025000238453100017,0,0,0,1,1
416216,0.009438941410141942,0,0,0,1,1
667901,0.02844571027741911,0,0,0,1,1
813681,0.02130649757972609,0,0,0,1,1
599078,0.12693264979112456,0,0,0,0,1
733350,0.01615566144701564,0,0,0,1,1
931622,0.02743025392212409,0,0,0,1,1
822811,0.03310375213686323,1,1,0,1,1
991056,0.13750751326692434,0,0,0,1,1
604681,0.03386236015627509,0,0,0,1,1
777118,0.024056313365132535,0,0,0,1,1
488811,0.37179199638370425,0,0,0,0,0
595236,0.17267310067510436,0,0,0,0,0
275244,0.02098839134861272,0,0,0,1,1
604328,0.20463531076357552,1,0,1,0,0
697917,0.1676219129436931,0,0,0,0,0
615201,0.021058653858208213,0,0,0,1,1
628130,0.026387777324419576,0,0,0,1,1
854998,0.019938693204656244,0,0,0,1,1
118628,0.02040064538109516,0,0,0,1,1
449441,0.40675174657155444,0,0,0,0,0
136334,0.0262042661990966,0,0,0,1,1
479359,0.9649002531640106,1,0,1,0,1
169137,0.027816913079797,0,0,0,1,1
184306,0.01109677919755381,0,0,0,1,1
708343,0.02462127079446005,0,0,0,1,1
746377,0.2155467197789668,1,0,1,0,0
588445,0.02127858337140307,0,0,0,1,1
975412,0.028568965163029925,0,0,0,1,1
129171,0.1790735835060406,0,0,0,0,0
274410,0.08562759663075016,0,0,0,1,1
277587,0.12765814016456137,0,0,0,1,1
389429,0.02584330111761666,0,0,0,1,1
600302,0.02648605513476205,0,0,0,1,1
795155,0.21351410062447784,1,0,1,0,0
836713,0.024160014337872255,0,0,0,1,1
919117,0.028221512911886983,0,0,0,1,1
940796,0.011032741323449042,0,0,0,1,1
236003,0.02019767474424066,0,0,0,1,1
584458,0.010702316188706056,0,0,0,1,1
227804,0.07809462568870253,0,0,0,1,1
458072,0.037950645194291005,0,0,0,1,1
832810,0.1790735835060406,0,0,0,0,0
949974,0.2530179039988978,0,0,0,0,0
661054,0.009806809237869557,0,0,0,1,1
901987,0.021305126370418828,0,0,0,1,1
158680,0.01758725540294229,1,1,0,1,1
287088,0.02555559242167115,0,0,0,1,1
331078,0.025339457056311233,0,0,0,1,1
383627,0.015360845229172294,0,0,0,1,1
411690,0.023907251663507302,0,0,0,1,1
503025,0.12396198463947489,0,0,0,1,0
517940,0.1787963351252134,0,0,0,0,0
679607,0.0327032186490913,0,0,0,1,1
854902,0.04512756779483065,0,0,0,1,1
981664,0.0270602815517091,0,0,0,1,1
255509,0.031004539230076362,0,0,0,1,1
641103,0.03852032087346495,1,1,0,1,1
670210,0.018015273816045552,0,0,0,1,1
938324,0.02391022891670231,0,0,0,1,1
653973,0.0934978103182978,0,0,0,1,1
589427,0.1475243565686198,0,0,0,0,1
194758,0.032244041679317575,0,0,0,1,1
973111,0.02227092308313452,0,0,0,1,1
124085,0.11620194979429203,1,1,0,1,1
933968,0.026690960387743063,0,0,0,1,1
175814,0.013207130563392675,0,0,0,1,1
334329,0.0400235552124496,0,0,0,1,1
414305,0.05013959360321328,0,0,0,1,1
650870,0.02349616159722603,0,0,0,1,1
677695,0.03975752884362524,0,0,0,1,1
733324,0.029570700222375585,0,0,0,1,1
764305,0.021187243482785376,0,0,0,1,1
774326,0.020322375126577304,0,0,0,1,1
853003,0.17387451273709756,0,0,0,0,0
857942,0.025114315767079152,0,0,0,1,1
496831,0.4433278738516081,0,0,0,0,0
102464,0.043516121959226564,0,0,0,1,1
122094,0.024629243949247773,0,0,0,1,1
630920,0.9009299672645541,0,0,0,0,0
673054,0.024296449582300705,0,0,0,1,1
876765,0.16312440362476424,0,0,0,0,0
827731,0.02538699175780056,0,0,0,1,1
852573,0.023233282053605094,0,0,0,1,1
235885,0.02496293611951317,0,0,0,1,1
184045,0.33478662501128614,0,0,0,0,0
307619,0.2530179039988978,0,0,0,0,0
844749,0.019012293938315546,0,0,0,1,1
292096,0.02543006123003474,0,0,0,1,1
518064,0.02083015371687659,0,0,0,1,1
886227,0.17267310067510436,0,0,0,0,0
565991,0.20463531076357552,0,0,0,0,0
854610,0.022228016920777614,0,0,0,1,1
419758,0.028430089700196857,0,0,0,1,1
738567,0.14755128655243632,0,0,0,1,0
302129,0.026968172994024566,1,1,0,1,1
824216,0.23348748774458197,0,0,0,1,0
168316,0.031731705207043694,0,0,0,1,1
368713,0.21191706998323742,1,0,1,0,0
652852,0.10886759546004711,0,0,0,1,0
866701,0.03637740691515612,0,0,0,1,1
517559,0.02411885324938129,0,0,0,1,1
648924,0.10622595648261532,0,0,0,1,1
633861,0.01275269665644509,0,0,0,1,1
677174,0.011878867109545952,0,0,0,1,1
680379,0.024889084832669425,0,0,0,1,1
750974,0.02375751074941029,0,0,0,1,1
136065,0.9644301495800426,1,0,1,0,1
663422,0.24862037631321807,1,1,0,1,1
141703,0.02826158937372938,0,0,0,1,1
221862,0.03118245600936814,0,0,0,1,1
412133,0.027039184934444332,0,0,0,1,1
551154,0.023172475427442663,0,0,0,1,1
611990,0.03913103664330298,0,0,0,1,1
658257,0.2530179039988978,1,0,1,0,0
571123,0.04252715863703782,0,0,0,1,1
409914,0.02528394060839701,0,0,0,1,1
873945,0.014165999010723329,0,0,0,1,1
733582,0.01949762854551654,0,0,0,1,1
813931,0.0206434526978416,0,0,0,1,1
154480,0.030648570407777118,0,0,0,1,1
930921,0.02224125607585597,0,0,0,1,1
349115,0.027220051195701384,0,0,0,1,1
492695,0.41138145036434515,0,0,0,0,0
984290,0.1083748765339028,0,0,0,1,1
765877,0.028475819734526616,0,0,0,1,1
937065,0.021999165127056325,1,1,0,1,1
497070,0.21191706998323742,0,0,0,0,0
379120,0.023047790992378,0,0,0,1,1
881628,0.0970970086154676,1,1,0,1,1
388478,0.14050890863172238,0,0,0,1,1
756892,0.02383443661216671,0,0,0,1,1
727179,0.2530179039988978,0,0,0,0,0
515718,0.21191706998323742,0,0,0,0,0
577322,0.011923467240794976,0,0,0,1,1
373144,0.019165503908387508,0,0,0,1,1
790740,0.1676219129436931,0,0,0,0,0
596462,0.40487065834360664,0,0,0,0,0
976636,0.03743675135585202,1,1,0,1,1
117219,0.020627467872315505,0,0,0,1,1
388156,0.019548674337579012,0,0,0,1,1
866168,0.02754901936783629,0,0,0,1,1
348723,0.009438941410141942,0,0,0,1,1
724028,0.11970188160146812,0,0,0,1,1
468310,0.02293239951634874,0,0,0,1,1
615678,0.09065828461092966,0,0,0,1,1
745454,0.20035486845402728,0,0,0,0,0
612294,0.1057617847001228,0,0,0,1,1
163757,0.025334230619350254,0,0,0,1,1
962730,0.03019937664740713,0,0,0,1,1
348047,0.04895592929834399,0,0,0,1,1
474779,0.10089149357327533,0,0,0,1,1
200067,0.024794702038588676,0,0,0,1,1
299204,0.3288108979873574,0,0,0,0,0
402918,0.11284092261745628,0,0,0,1,0
739005,0.022965694230009246,0,0,0,1,1
805431,0.02441991663090851,0,0,0,1,1
442304,0.020531874363413884,0,0,0,1,1
475034,0.3465475669400947,1,1,0,0,0
940187,0.3615368961698802,1,1,0,0,0
445746,0.02402220898554346,0,0,0,1,1
860809,0.0240787748881095,0,0,0,1,1
211475,0.1348270551815373,0,0,0,1,1
333773,0.027320449050039674,0,0,0,1,1
443198,0.08215783049341246,0,0,0,1,1
490563,0.01666753763406152,0,0,0,1,1
927305,0.0239346114433248,0,0,0,1,1
473410,0.034482708499938786,0,0,0,1,1
833221,0.1790735835060406,0,0,0,0,0
568594,0.01229071786755453,0,0,0,1,1
216946,0.07430198958336122,0,0,0,1,1
368669,0.16427257012847687,0,0,0,0,0
892701,0.011713103414839035,0,0,0,1,1
980761,0.02223983786926287,0,0,0,1,1
861330,0.1790735835060406,0,0,0,0,0
743018,0.02068305137941817,0,0,0,1,1
945430,0.02774922861746922,0,0,0,1,1
996984,0.19845987170977003,0,0,0,0,0
745830,0.011786772459518162,0,0,0,1,1
187618,0.2081731857303604,0,0,0,0,0
294334,0.02533233474490551,0,0,0,1,1
793126,0.33478662501128614,0,0,0,0,0
143981,0.029337215668897753,0,0,0,1,1
607489,0.024480878581798548,0,0,0,1,1
827339,0.010624518223105301,0,0,0,1,1
343383,0.02536853387645595,0,0,0,1,1
239749,0.3942757964779652,1,1,0,0,0
562093,0.030160458125481415,0,0,0,1,1
616857,0.026120086054957217,0,0,0,1,1
259878,0.09345619669555028,0,0,0,1,1
557996,0.029200028660026536,0,0,0,1,1
387648,0.02453683477704832,0,0,0,1,1
908801,0.20463531076357552,0,0,0,0,0
781621,0.029821877692534242,0,0,0,1,1
669222,0.029421697035118648,0,0,0,1,1
481105,0.02112379022809247,0,0,0,1,1
421923,0.022163085542425017,0,0,0,1,1
891335,0.023791635303643047,0,0,0,1,1
517087,0.026525476115058712,0,0,0,1,1
166693,0.010898025084140029,0,0,0,1,1
782549,0.031022506388786515,0,0,0,1,1
418166,0.031228848682358555,0,0,0,1,1
606396,0.40073093478415117,1,1,0,0,0
162456,0.030092491542765366,0,0,0,1,1
851836,0.03171098533476395,0,0,0,1,1
981091,0.029259563308551763,0,0,0,1,1
299830,0.02209058794157081,0,0,0,1,1
369388,0.21191706998323742,1,0,1,0,0
399670,0.02855625459188542,0,0,0,1,1
860172,0.0360302025873524,0,0,0,1,1
864456,0.1238507997942783,0,0,0,1,1
123586,0.03181942661473471,1,1,0,1,1
516255,0.026925052810831025,0,0,0,1,1
666381,0.022333851683376215,0,0,0,1,1
648432,0.09673167530026434,0,0,0,1,1
714939,0.03228047838275178,0,0,0,1,1
502952,0.21191706998323742,0,0,0,0,0
414318,0.01847660134779851,0,0,0,1,1
184478,0.18591097760659775,0,0,0,1,1
242387,0.5248282380819124,1,1,0,0,0
460025,0.03882183083689577,0,0,0,1,1
984115,0.03085120874821208,0,0,0,1,1
200877,0.030706703513244168,0,0,0,1,1
561251,0.023597808545638033,0,0,0,1,1
419182,0.03361027050211258,0,0,0,1,1
709726,0.012566138148490091,0,0,0,1,1
794024,0.02053678425980051,0,0,0,1,1
975199,0.02610241171772843,0,0,0,1,1
680193,0.9620090690346247,1,0,1,0,1
150656,0.10178210475207991,0,0,0,1,1
201816,0.022209445319716754,0,0,0,1,1
351138,0.03025153173121653,0,0,0,1,1
860848,0.024160014337872255,0,0,0,1,1
355750,0.032351461482724386,0,0,0,1,1
432493,0.021260721055321025,0,0,0,1,1
494600,0.02087464483031273,0,0,0,1,1
996989,0.12926954597255255,0,0,0,1,1
874374,0.035734977040185884,0,0,0,1,1
892616,0.039060025895284955,0,0,0,1,1
321656,0.22102400580838097,1,0,1,0,0
532376,0.17387451273709756,0,0,0,0,0
274622,0.2095590334390619,0,0,0,0,0
207453,0.02800608658642508,0,0,0,1,1
819077,0.025027711100117974,0,0,0,1,1
460037,0.2155467197789668,1,1,0,0,1
933848,0.03420700708408475,0,0,0,1,1
434802,0.021784732415779034,0,0,0,1,1
640110,0.022422731397473823,0,0,0,1,1
333694,0.0278909134306138,0,0,0,1,1
576176,0.2042123563778441,0,0,0,0,0
654073,0.013212254393020628,0,0,0,1,1
392802,0.021769392094651868,0,0,0,1,1
782241,0.021573929593067025,0,0,0,1,1
377114,0.015643668673675525,0,0,0,1,1
178409,0.3942757964779652,0,0,0,0,0
245289,0.01476729445310359,0,0,0,1,1
311795,0.09145652810994948,0,0,0,1,1
819969,0.026034294164494372,0,0,0,1,1
177993,0.02881273007130517,0,0,0,1,1
113184,0.2530179039988978,0,0,0,0,0
802206,0.02538068439157141,0,0,0,1,1
377247,0.019712835329632725,0,0,0,1,1
500038,0.029265963921932318,0,0,0,1,1
744138,0.02028744236681862,0,0,0,1,1
500767,0.008537900825632523,0,0,0,1,1
374679,0.02928476441244328,0,0,0,1,1
283110,0.026498495615757393,0,0,0,1,1
301112,0.0344394696485172,0,0,0,1,1
358979,0.02114862634482867,0,0,0,1,1
429829,0.029954700174424986,0,0,0,1,1
773676,0.19845987170977003,0,0,0,0,0
981737,0.028995051878791252,0,0,0,1,1
538854,0.03279716358296332,0,0,0,1,1
973485,0.029160336261166306,0,0,0,1,1
544690,0.08220312513169803,0,0,0,1,1
810755,0.01682988551183843,0,0,0,1,1
633202,0.017122526426116426,0,0,0,1,1
672431,0.014332403352957315,0,0,0,1,1
680181,0.033375177383927264,0,0,0,1,1
853603,0.03386227521415304,0,0,0,1,1
226643,0.12640772076950707,0,0,0,1,1
251081,0.2081731857303604,0,0,0,0,0
332711,0.02153112960298675,0,0,0,1,1
305857,0.20233749659674605,0,0,0,0,0
562084,0.023192125243870643,0,0,0,1,1
730901,0.19022626313867796,0,0,0,0,0
859176,0.04282430470205759,0,0,0,1,1
297218,0.6075894088165493,1,0,1,0,1
547360,0.026314616250161727,0,0,0,1,1
773290,0.028793578110937714,0,0,0,1,1
569846,0.19455987539944383,0,0,0,0,1
707710,0.5248282380819124,1,0,1,0,0
235229,0.3615368961698802,0,0,0,0,0
190720,0.022845513254571848,0,0,0,1,1
292516,0.21191706998323742,0,0,0,0,0
355724,0.17387451273709756,0,0,0,0,0
729418,0.2530179039988978,0,0,0,0,0
467249,0.12254194561362455,0,0,0,1,1
689112,0.010133285931188828,0,0,0,1,1
415862,0.027912971709538097,0,0,0,1,1
316082,0.013867885159141016,0,0,0,1,1
671628,0.10579283646951959,0,0,0,1,1
632826,0.02841761352287951,0,0,0,1,1
682571,0.027811489754610737,0,0,0,1,1
940200,0.41138145036434515,0,0,0,0,0
301152,0.1596170761945096,0,0,0,0,0
869672,0.40073093478415117,0,0,0,0,0
891790,0.023450284886350498,0,0,0,1,1
295510,0.12484499536155405,0,0,0,1,1
375694,0.011464392735908708,0,0,0,1,1
182519,0.03754012279448082,0,0,0,1,1
850170,0.03526115308242978,1,1,0,1,1
142906,0.03288202048050019,0,0,0,1,1
871980,0.04661651589589941,0,0,0,1,1
856667,0.032276825616804235,0,0,0,1,1
556626,0.022214031159685673,0,0,0,1,1
968447,0.015446506991536796,0,0,0,1,1
400181,0.18029084539106005,0,0,0,1,0
409102,0.012041815190431897,0,0,0,1,1
291510,0.029573852372344236,0,0,0,1,1
232555,0.024396500887389035,1,1,0,1,1
152740,0.17387451273709756,0,0,0,0,1
652498,0.16249177979325388,0,0,0,1,1
922926,0.024198568601868115,0,0,0,1,1
908201,0.20233749659674605,1,0,1,0,0
565533,0.02083015371687659,0,0,0,1,1
615022,0.04157929459567289,0,0,0,1,1
778031,0.0349419989101886,0,0,0,1,1
977363,0.25205041781559107,1,1,0,1,1
618124,0.02524386306383521,0,0,0,1,1
494179,0.0240787748881095,0,0,0,1,1
963985,0.02655899544953394,0,0,0,1,1
676631,0.6499782669418294,0,0,0,1,0
677213,0.07183520147537376,0,0,0,1,1
876755,0.013240242528086444,0,0,0,1,1
454690,0.026003978834093788,0,0,0,1,1
959478,0.029727660097166323,0,0,0,1,1
722988,0.02966860093468469,0,0,0,1,1
970092,0.02661582510102604,0,0,0,1,1
383190,0.02091276337517554,0,0,0,1,1
313254,0.02477293939298082,0,0,0,1,1
673401,0.020410894253032337,0,0,0,1,1
144830,0.012337885866946063,0,0,0,1,1
727428,0.2042123563778441,1,1,0,0,0
174343,0.02525888888763071,0,0,0,1,1
362586,0.025796407848423845,0,0,0,1,1
722518,0.029768675281256766,0,0,0,1,1
750457,0.24031677539735255,0,0,0,0,0
905909,0.023101745337936984,0,0,0,1,1
156313,0.026660870619910747,0,0,0,1,1
501854,0.02412590161649687,1,1,0,1,1
821314,0.1247490184702548,0,0,0,1,1
160471,0.1787963351252134,0,0,0,0,0
113442,0.2042123563778441,0,0,0,0,0
164794,0.17387451273709756,0,0,0,0,0
231508,0.025155762452176534,0,0,0,1,1
869164,0.009683202731725581,0,0,0,1,1
820265,0.17387451273709756,0,0,0,0,0
177029,0.18584985003499577,0,0,0,0,1
842855,0.028189058354471275,0,0,0,1,1
578114,0.019293163841919033,0,0,0,1,1
941127,0.024501624072507,0,0,0,1,1
111485,0.01544199156276309,0,0,0,1,1
280087,0.02651266185274561,0,0,0,1,1
931183,0.018274368683395287,0,0,0,1,1
920211,0.33478662501128614,0,0,0,0,0
683660,0.02845011156360069,0,0,0,1,1
793473,0.0849726679303059,0,0,0,1,1
379351,0.021371222432257177,0,0,0,1,1
169054,0.014160505786308121,0,0,0,1,1
456433,0.028350144632133003,0,0,0,1,1
862258,0.026408948528769145,0,0,0,1,1
114927,0.03088649104589248,0,0,0,1,1
426302,0.10769651986731651,0,0,0,1,1
323448,0.026575607991426522,0,0,0,1,1
707860,0.1676219129436931,1,0,1,0,0
515605,0.06588158723161819,1,1,1,1,1
821820,0.033851735726336346,0,0,0,1,1
237751,0.1676219129436931,0,0,0,0,0
523296,0.11823313047735931,0,0,0,1,1
566851,0.0305270923728859,0,0,0,1,1
420204,0.12288118388049925,0,0,0,1,1
107203,0.03065071467819893,0,0,0,1,1
309480,0.14837453510124765,0,0,0,1,0
499563,0.41138145036434515,1,1,0,0,0
171788,0.43668657699813396,0,0,0,0,0
383701,0.1364172500681845,0,0,0,1,1
678341,0.15191105503222538,0,0,0,1,1
279821,0.017209499329557836,0,0,0,1,1
202784,0.014391423138374854,0,0,0,1,1
765542,0.2155467197789668,0,0,0,0,0
646023,0.1965988810474184,0,0,0,0,0
470952,0.21191706998323742,0,0,0,0,0
790240,0.04650370749450644,0,0,0,1,1
881871,0.133478074115642,0,0,0,1,0
229612,0.01231435452432202,0,0,0,1,1
852571,0.027446401509358676,0,0,0,1,1
137161,0.33478662501128614,0,0,0,0,0
608493,0.025956754482023284,0,0,0,1,1
360240,0.15829909702644154,0,0,0,0,0
199509,0.033413338996267174,0,0,0,1,1
279883,0.16226458038526287,1,0,1,0,0
292497,0.03133339358238485,0,0,0,1,1
816330,0.1683577615091791,0,0,0,0,0
876426,0.030927728334618893,0,0,0,1,1
278213,0.09767003451912411,0,0,0,1,1
653400,0.37507302169995643,1,1,0,1,1
285776,0.12691260561295037,0,0,0,1,0
400470,0.025531365124579465,0,0,0,1,1
690641,0.019560786540384782,0,0,0,1,1
655325,0.01702598896239319,0,0,0,1,1
459835,0.3250241393734617,1,1,0,0,0
647005,0.11970188160146812,1,1,1,1,1
736258,0.21191706998323742,0,0,0,0,0
966227,0.1790735835060406,0,0,0,0,0
871022,0.33478662501128614,0,0,0,0,0
346163,0.04197421412688573,0,0,0,1,1
966059,0.03182295379393651,0,0,0,1,1
369853,0.17267310067510436,0,0,0,0,0
267944,0.026384948336939575,0,0,0,1,1
207110,0.024258528703112528,0,0,0,1,1
348463,0.010737620059661668,0,0,0,1,1
764634,0.02651963758425601,0,0,0,1,1
453349,0.02923447777242674,0,0,0,1,1
457489,0.02064900695327707,0,0,0,1,1
864806,0.021659623368284215,0,0,0,1,1
340307,0.031414382220275955,0,0,0,1,1
922634,0.030739715779250977,0,0,0,1,1
458963,0.009602667564190677,0,0,0,1,1
599746,0.010824669563846806,0,0,0,1,1
631704,0.02471958177720138,0,0,0,1,1
948051,0.25764855857855407,0,0,0,1,0
113804,0.022527542501213655,0,0,0,1,1
336076,0.19022626313867796,0,0,0,0,0
607275,0.024355949199671007,0,0,0,1,1
836374,0.028656990555655345,0,0,0,1,1
408259,0.028111819014337725,0,0,0,1,1
812617,0.17267310067510436,0,0,0,0,0
617079,0.025711166984623713,0,0,0,1,1
675204,0.02880917323164178,0,0,0,1,1
375768,0.027471007915277852,0,0,0,1,1
870169,0.3655186881610081,0,0,0,0,0
282041,0.02081976187017278,0,0,0,1,1
585947,0.02992387722316744,0,0,0,1,1
224530,0.17267310067510436,1,0,1,0,0
686561,0.4433278738516081,1,1,0,0,0
758262,0.03702935564843875,0,0,0,1,1
287097,0.03186291477544681,0,0,0,1,1
751594,0.025374039811222462,0,0,0,1,1
198645,0.02639061586339473,0,0,0,1,1
948662,0.0212248107279595,0,0,0,1,1
564138,0.009352953420776007,0,0,0,1,1
668253,0.01982482185894653,0,0,0,1,1
746837,0.011474746068704763,0,0,0,1,1
983855,0.16312440362476424,0,0,0,0,0
422121,0.02420936391229911,0,0,0,1,1
135076,0.035318791106199704,0,0,0,1,1
602014,0.012054527811962123,0,0,0,1,1
520821,0.028350305936633978,0,0,0,1,1
711853,0.41138145036434515,0,0,0,0,0
562737,0.02501861268861379,0,0,0,1,1
900151,0.021815844630600097,0,0,0,1,1
693494,0.17387451273709756,0,0,0,0,0
176278,0.021833760611950664,0,0,0,1,1
632103,0.02022052583582965,0,0,0,1,1
606877,0.025170376537873955,0,0,0,1,1
174743,0.021815844630600097,0,0,0,1,1
581396,0.03504873049620218,0,0,0,1,1
183052,0.01802847605828665,0,0,0,1,1
725326,0.012264459055703617,0,0,0,1,1
147754,0.037986012536461625,0,0,0,1,1
564111,0.03395380452808829,0,0,0,1,1
682826,0.021709042275359053,0,0,0,1,1
461012,0.027801147402795916,0,0,0,1,1
638506,0.018865256162071416,0,0,0,1,1
605907,0.027961168888280798,0,0,0,1,1
609009,0.024624735264099213,0,0,0,1,1
747681,0.029181969116550407,0,0,0,1,1
199073,0.024807944273626634,0,0,0,1,1
998465,0.1708652806375474,0,0,0,1,1
240442,0.029848594026425892,0,0,0,1,1
631869,0.02542441056072779,0,0,0,1,1
816763,0.030063248292852777,0,0,0,1,1
376862,0.023499383217924618,0,0,0,1,1
845699,0.02364984117246294,0,0,0,1,1
604019,0.027141409149439577,0,0,0,1,1
688615,0.1676219129436931,0,0,0,0,0
912957,0.009168042147156037,0,0,0,1,1
342044,0.022067503714272765,0,0,0,1,1
802974,0.3942757964779652,1,0,1,0,0
253282,0.03888671539536852,1,1,0,1,1
858674,0.030384476806278843,0,0,0,1,1
850721,0.0929371381696693,0,0,0,1,1
793662,0.023252767715623783,0,0,0,1,1
436719,0.030738638775847926,0,0,0,1,1
629966,0.2530179039988978,0,0,0,0,0
194657,0.21191706998323742,0,0,0,0,0
470323,0.026590699025482376,0,0,0,1,1
896331,0.012287831169917766,0,0,0,1,1
709747,0.026958265498583916,0,0,0,1,1
690970,0.02690027490201117,0,0,0,1,1
710145,0.17267310067510436,0,0,0,0,0
358794,0.022073750556483626,0,0,0,1,1
504638,0.10883136730307576,1,1,0,1,1
937312,0.026108780704716967,0,0,0,1,1
957557,0.026743869277804682,0,0,0,1,1
393565,0.024674359682819353,0,0,0,1,1
420481,0.028811670127762107,0,0,0,1,1
103043,0.16185342814515022,0,0,0,1,0
155374,0.04945813663147587,0,0,0,1,1
235930,0.028998196876364825,0,0,0,1,1
486048,0.020683398105112747,0,0,0,1,1
288776,0.0343431736883571,0,0,0,1,1
488679,0.031240083263466095,0,0,0,1,1
872946,0.02445113978487138,0,0,0,1,1
256013,0.029706311273883765,0,0,0,1,1
485196,0.02188113480009313,0,0,0,1,1
318654,0.03505368981891778,0,0,0,1,1
270248,0.028489336563785758,0,0,0,1,1
422320,0.12059340371046874,0,0,0,1,1
607588,0.33478662501128614,0,0,0,0,0
920637,0.013628035016073677,0,0,0,1,1
919463,0.37179199638370425,1,0,1,0,0
620990,0.21191706998323742,0,0,0,0,0
196469,0.024465673351163692,0,0,0,1,1
192098,0.33478662501128614,0,0,0,0,0
996639,0.02556093088447784,0,0,0,1,1
532422,0.015264395723082472,0,0,0,1,1
604822,0.19928638002627083,0,0,0,1,0
136906,0.030800053648051412,0,0,0,1,1
142686,0.022023772862225656,0,0,0,1,1
717565,0.010506436143052392,0,0,0,1,1
982508,0.023915385336190313,0,0,0,1,1
290445,0.02708435415786023,0,0,0,1,1
344998,0.05072200151139753,0,0,0,1,1
599483,0.026028719819206427,0,0,0,1,1
716948,0.022156760594839855,0,0,0,1,1
778920,0.022660069509571577,0,0,0,1,1
137227,0.02745557388091066,0,0,0,1,1
223958,0.09675401983812815,0,0,0,1,1
267245,0.029421697035118648,0,0,0,1,1
269565,0.2007247314160019,0,0,0,0,0
383891,0.02297352289285781,0,0,0,1,1
707716,0.020028062166789515,0,0,0,1,1
991371,0.9632952068831673,1,0,1,0,1
696609,0.025184488283438278,0,0,0,1,1
836720,0.4433278738516081,0,0,0,0,0
803529,0.021852897337233636,0,0,0,1,1
290964,0.08555011828079162,0,0,0,1,1
325367,0.08012846874492634,0,0,0,1,1
263055,0.020795482312927223,0,0,0,1,1
856654,0.026399359718865947,0,0,0,1,1
721423,0.032329777253445664,0,0,0,1,1
807902,0.02479635781993548,0,0,0,1,1
587619,0.028135831689715923,0,0,0,1,1
439675,0.03279602916649584,0,0,0,1,1
960309,0.1273760292462755,0,0,0,1,1
215651,0.10820689110052087,0,0,0,1,1
115198,0.9620676087130173,1,0,1,0,1
700145,0.02651963758425601,0,0,0,1,1
478785,0.10667544909589839,0,0,0,1,1
148453,0.1676219129436931,0,0,0,0,0
790123,0.029906849644281495,0,0,0,1,1
895778,0.17267310067510436,0,0,0,0,0
283994,0.038971285901372464,0,0,0,1,1
415067,0.021686025443153803,0,0,0,1,1
278676,0.01213084475610982,0,0,0,1,1
475713,0.01958091679325742,0,0,0,1,1
677068,0.14748037481491377,0,0,0,1,0
702284,0.02352461660919089,0,0,0,1,1
790303,0.0286856859486595,0,0,0,1,1
107835,0.20463531076357552,0,0,0,0,0
203950,0.11136834851640746,0,0,0,1,1
146354,0.24476248970491027,0,0,0,0,0
512262,0.02466405038214899,0,0,0,1,1
652394,0.02664966167312788,0,0,0,1,1
762355,0.010462035164389505,0,0,0,1,1
788759,0.0181504980270994,0,0,0,1,1
834081,0.03204580239675754,0,0,0,1,1
420126,0.1511813688002416,0,0,0,0,0
842066,0.03499901670211194,0,0,0,1,1
835920,0.33478662501128614,0,0,0,0,0
108367,0.11193168842179285,1,1,0,1,1
172731,0.21191706998323742,1,0,1,0,0
258102,0.012349992500343016,0,0,0,1,1
750688,0.028850387438911492,0,0,0,1,1
833704,0.021106671200558265,0,0,0,1,1
906468,0.010240667218092187,0,0,0,1,1
944821,0.03797768998653647,0,0,0,1,1
484317,0.02338477505121917,0,0,0,1,1
430813,0.009296399879268174,0,0,0,1,1
982416,0.033892224435357464,0,0,0,1,1
607662,0.02646789662810347,0,0,0,1,1
748701,0.027596759029135984,0,0,0,1,1
664705,0.02671810913681231,0,0,0,1,1
520163,0.02407052559344816,0,0,0,1,1
604470,0.021437883025164733,0,0,0,1,1
587543,0.17267310067510436,0,0,0,0,0
855451,0.1110153264015359,1,1,0,1,1
993328,0.02832412610350044,0,0,0,1,1
776153,0.14164299452977763,1,1,0,1,1
100883,0.023284319003248077,0,0,0,1,1
577124,0.024629243949247773,0,0,0,1,1
613546,0.02655899544953394,0,0,0,1,1
826271,0.1092177177983188,1,1,0,1,1
505790,0.01945203804710216,0,0,0,1,1
269120,0.026285651176208288,0,0,0,1,1
302198,0.023843160217555157,0,0,0,1,1
221328,0.018708465193507655,0,0,0,1,1
195069,0.16312440362476424,0,0,0,0,0
492966,0.029064184247438153,0,0,0,1,1
875212,0.19570603259150013,0,0,0,1,0
824133,0.03713636044151777,0,0,0,1,1
650358,0.02708333385484756,0,0,0,1,1
787606,0.04102883616257301,0,0,0,1,1
338872,0.021960367831546198,0,0,0,1,1
302657,0.24476248970491027,0,0,0,0,0
686031,0.02224146982770071,0,0,0,1,1
875086,0.1078766650843241,0,0,0,1,1
970783,0.12947984685903,0,0,0,1,1
734880,0.021995645359907248,0,0,0,1,1
898000,0.013101820253735278,0,0,0,1,1
578203,0.02294998220316072,0,0,0,1,1
145688,0.24476248970491027,0,0,0,0,0
207865,0.029391384896521107,0,0,0,1,1
903797,0.024275043007460674,0,0,0,1,1
954231,0.02324388462635516,0,0,0,1,1
426141,0.18344605735657682,1,0,1,0,0
619920,0.019650253866919182,0,0,0,1,1
725575,0.015046500057220231,0,0,0,1,1
518622,0.02421144183773302,0,0,0,1,1
658407,0.028768832129618723,1,1,0,1,1
982528,0.25657701069919847,1,1,0,1,1
623569,0.0334320401484239,0,0,0,1,1
193722,0.037313559286044705,0,0,0,1,1
113755,0.04692412273833163,0,0,0,1,1
567210,0.020116143206728467,0,0,0,1,1
960629,0.017818349982498833,0,0,0,1,1
606074,0.1719973125208373,0,0,0,1,0
303934,0.033943816703062846,0,0,0,1,1
329355,0.06579302890438972,0,0,0,1,1
656993,0.20233749659674605,0,0,0,0,0
765989,0.028364693148811244,0,0,0,1,1
810100,0.03958779023255827,0,0,0,1,1
239490,0.02371360860936636,0,0,0,1,1
555050,0.02942264408152567,0,0,0,1,1
357466,0.025311523436737548,0,0,0,1,1
384090,0.026622947372118205,0,0,0,1,1
707592,0.4433278738516081,1,1,0,0,0
486897,0.3250241393734617,0,0,0,0,0
105932,0.019841625476739306,0,0,0,1,1
636000,0.02803857211884576,0,0,0,1,1
623654,0.1401050761436202,1,1,0,1,1
724424,0.008830414349058924,0,0,0,1,1
484592,0.019157675042912943,0,0,0,1,1
614428,0.21191706998323742,1,0,1,0,0
832665,0.02866133818708142,0,0,0,1,1
246517,0.02364277664526831,0,0,0,1,1
449417,0.02379269550219506,0,0,0,1,1
526020,0.40487065834360664,0,0,0,0,0
880948,0.02815849738893443,0,0,0,1,1
324773,0.011666617997327221,0,0,0,1,1
949890,0.021815844630600097,0,0,0,1,1
136772,0.17328846087128305,1,1,0,1,1
581712,0.023233531796774544,0,0,0,1,1
789859,0.010526801402802669,0,0,0,1,1
213112,0.08348181928621799,0,0,0,1,1
647491,0.02460749955179,0,0,0,1,1
440511,0.12327183692246288,0,0,0,1,1
779184,0.010134009955702846,0,0,0,1,1
140598,0.022278265146413595,0,0,0,1,1
266365,0.018344758143290632,0,0,0,1,1
436226,0.011117040097813303,0,0,0,1,1
469230,0.030679170724383784,0,0,0,1,1
754936,0.21379591358914635,0,0,0,0,0
965674,0.031932303416873704,0,0,0,1,1
964791,0.18344605735657682,0,0,0,0,1
183885,0.9656372523150991,1,0,1,0,1
542934,0.1790735835060406,0,0,0,0,0
155354,0.039459118491877485,0,0,0,1,1
828136,0.025791619075339202,0,0,0,1,1
255767,0.17387451273709756,0,0,0,0,0
216725,0.023666015935511386,0,0,0,1,1
537387,0.032876431674430606,0,0,0,1,1
955716,0.011544274094457789,0,0,0,1,1
217802,0.06602832328605449,0,0,0,1,1
511472,0.0480057644228538,0,0,0,1,1
720300,0.027688982400158574,1,1,0,1,1
963464,0.032515877881286674,0,0,0,1,1
899509,0.028765867326428596,0,0,0,1,1
731494,0.02847731126044647,0,0,0,1,1
738435,0.019841625476739306,0,0,0,1,1
578688,0.025840219962264568,0,0,0,1,1
184009,0.030448366079377773,0,0,0,1,1
284461,0.010364170779570315,0,0,0,1,1
371875,0.011133427875348049,0,0,0,1,1
633627,0.04282430470205759,0,0,0,1,1
414382,0.17267310067510436,0,0,0,0,0
677704,0.0275248863986394,0,0,0,1,1
498514,0.41138145036434515,0,0,0,0,0
317205,0.029921570260154934,0,0,0,1,1
479509,0.10622230379214945,0,0,0,1,1
103916,0.022233322103789782,0,0,0,1,1
332869,0.0240787748881095,0,0,0,1,1
346554,0.9644301495800426,1,0,1,0,1
394454,0.02771451648456063,0,0,0,1,1
510264,0.20233749659674605,0,0,0,0,0
535944,0.02611396405281215,0,0,0,1,1
572282,0.010871459625283434,0,0,0,1,1
808341,0.2155467197789668,1,0,1,0,0
818271,0.24476248970491027,0,0,0,0,0
898787,0.019304800862634128,0,0,0,1,1
402082,0.02248600375629674,0,0,0,1,1
518236,0.044813503587687264,0,0,0,1,1
423609,0.029261620993952454,0,0,0,1,1
160993,0.03231214819968423,0,0,0,1,1
192691,0.028134786802891474,0,0,0,1,1
661035,0.022206520484933948,0,0,0,1,1
243061,0.02495176551206458,0,0,0,1,1
153072,0.028355116192017388,0,0,0,1,1
576692,0.02194276164944597,0,0,0,1,1
254745,0.4863779649406231,0,0,0,0,0
943068,0.009893620426214611,0,0,0,1,1
179956,0.19564485821767716,0,0,0,0,1
113839,0.02486553056733447,0,0,0,1,1
977523,0.028298354955445856,0,0,0,1,1
954952,0.02748084557964189,0,0,0,1,1
166966,0.40073093478415117,0,0,0,0,0
781495,0.028323495671239547,0,0,0,1,1
411876,0.030971862326451906,0,0,0,1,1
385864,0.01122712789774061,0,0,0,1,1
194855,0.09886444486048734,0,0,0,1,1
174702,0.17387451273709756,0,0,0,0,0
747604,0.1790735835060406,0,0,0,0,0
476288,0.012662767534163455,0,0,0,1,1
549858,0.010611921743275342,0,0,0,1,1
768365,0.3942757964779652,0,0,0,0,0
983822,0.038656152044091646,0,0,0,1,1
292957,0.03372445571122405,0,0,0,1,1
398611,0.02179465346126306,0,0,0,1,1
206947,0.14478964977716724,0,0,0,1,1
233819,0.027951583940518613,0,0,0,1,1
275949,0.41138145036434515,0,0,0,0,0
336484,0.3183711908007788,0,0,0,0,0
625123,0.022563355973587964,0,0,0,1,1
679132,0.2530179039988978,0,0,0,0,0
683751,0.02625422910647564,0,0,0,1,1
867780,0.01672659235411249,0,0,0,1,1
958274,0.03737202160020354,0,0,0,1,1
972686,0.023715148362409837,0,0,0,1,1
478666,0.029027466966524442,0,0,0,1,1
682419,0.022037996115171907,0,0,0,1,1
109896,0.025693689363203046,0,0,0,1,1
878284,0.17267310067510436,0,0,0,0,0
887748,0.02310997312702161,0,0,0,1,1
672336,0.030262745982008173,0,0,0,1,1
394806,0.011079581587964066,0,0,0,1,1
412362,0.21379591358914635,1,0,1,0,0
297327,0.05228589646890669,0,0,0,1,1
658330,0.0399320820193981,0,0,0,1,1
419626,0.08853651934533595,0,0,0,0,0
707152,0.19564485821767716,0,0,0,0,1
548251,0.029428270545562202,0,0,0,1,1
375597,0.02345022476130805,0,0,0,1,1
579015,0.10763291833617679,0,0,0,1,1
954558,0.035923015531315355,0,0,0,1,1
874104,0.011823869435346773,0,0,0,1,1
110678,0.022660069509571577,0,0,0,1,1
175104,0.010969979863186733,0,0,0,1,1
249559,0.012722214908859145,0,0,0,1,1
422803,0.030775498853491155,0,0,0,1,1
799510,0.1349500647262918,0,0,0,1,1
953210,0.1363161830041874,1,1,0,0,1
134202,0.023635804137799636,0,0,0,1,1
549541,0.009969133100207903,0,0,0,1,1
933233,0.0118010729016541,0,0,0,1,1
957912,0.16494899010239208,0,0,0,0,0
927721,0.19022626313867796,0,0,0,0,0
954750,0.035755298518636694,0,0,0,1,1
488535,0.009110243598590749,0,0,0,1,1
925340,0.01642655733518806,0,0,0,1,1
857814,0.04028813905959228,0,0,0,1,1
671534,0.011332244784235442,0,0,0,1,1
900460,0.02434857793698199,0,0,0,1,1
652370,0.027314635144886686,0,0,0,1,1
328349,0.17387451273709756,0,0,0,0,0
738597,0.03605390505109476,0,0,0,1,1
607347,0.14303105316870174,0,0,0,1,1
922161,0.012734993707740607,0,0,0,1,1
832155,0.20233749659674605,0,0,0,0,0
868767,0.026321500853936048,0,0,0,1,1
875485,0.20202667827341828,1,1,0,1,1
537613,0.030542405944988072,0,0,0,1,1
964159,0.02463754227255911,0,0,0,1,1
128280,0.05584294178497863,0,0,0,1,1
250711,0.03266683392104009,0,0,0,1,1
806859,0.09715299703943799,0,0,0,1,1
457652,0.2081731857303604,1,0,1,0,0
184151,0.10249821603399362,0,0,0,1,1
668692,0.026713886349683465,0,0,0,1,1
233017,0.11333860299909279,0,0,0,1,1
154643,0.215261067196287,0,0,0,0,0
195594,0.011528069541148916,0,0,0,1,1
309408,0.024751955172423862,0,0,0,1,1
966204,0.08951388455928616,0,0,0,1,1
366133,0.03165782664532593,0,0,0,1,1
260513,0.02300205688185268,0,0,0,1,1
397706,0.022528390031781902,0,0,0,1,1
555102,0.025736593638376232,0,0,0,1,1
258238,0.033251549778647624,0,0,0,1,1
427733,0.02672708568788816,0,0,0,1,1
326174,0.1676219129436931,0,0,0,0,0
571340,0.21191706998323742,0,0,0,0,0
775193,0.02188688360566237,0,0,0,1,1
859218,0.21191706998323742,0,0,0,0,0
251023,0.018407016465514445,0,0,0,1,1
348085,0.011571899170600678,0,0,0,1,1
285122,0.019660530558065988,0,0,0,1,1
597189,0.11544879543846143,0,0,0,1,1
932405,0.029182117267651363,0,0,0,1,1
398535,0.215261067196287,1,1,0,0,0
551391,0.025263647883809463,0,0,0,1,1
274879,0.10296478608922217,0,0,0,1,1
460091,0.025822949115581865,0,0,0,1,1
516224,0.051494170014721945,0,0,0,1,1
805349,0.21931638911557874,0,0,0,1,0
674689,0.030651152346960614,0,0,0,1,1
924724,0.18850115163670134,0,0,0,0,0
317726,0.02860748520375358,0,0,0,1,1
804784,0.030528918958785015,0,0,0,1,1
383898,0.215261067196287,0,0,0,0,0
340277,0.019069612836460494,0,0,0,1,1
199959,0.22281501033613754,0,0,0,0,0
571479,0.20463531076357552,1,0,1,0,0
581533,0.02156930801422638,0,0,0,1,1
472674,0.030093404621704692,0,0,0,1,1
431514,0.17387451273709756,0,0,0,0,0
574723,0.11600611722485125,0,0,0,1,1
794286,0.028926747619385535,0,0,0,1,1
117618,0.010160367566821614,0,0,0,1,1
606371,0.02083412601114852,0,0,0,1,1
573217,0.03039388675558221,0,0,0,1,1
902015,0.02699296332235807,0,0,0,1,1
549080,0.027482917945994285,0,0,0,1,1
942984,0.11747555965881856,0,0,0,1,1
421191,0.021241211379195497,0,0,0,1,1
897728,0.17267310067510436,0,0,0,0,0
810990,0.024757024344987066,0,0,0,1,1
924056,0.01924415006919728,0,0,0,1,1
592088,0.02496293611951317,0,0,0,1,1
600756,0.0105334613425706,0,0,0,1,1
180411,0.020607660100759918,0,0,0,1,1
572094,0.030790502849963538,0,0,0,1,1
344009,0.08103163645494198,0,0,0,1,1
869265,0.029347499502311174,0,0,0,1,1
144936,0.026528087067865542,1,1,0,1,1
691645,0.215261067196287,0,0,0,0,0
539106,0.02338477505121917,0,0,0,1,1
436087,0.2887592502846592,1,1,0,0,0
360868,0.2081731857303604,0,0,0,0,0
752874,0.022065575810407245,0,0,0,1,1
793742,0.10920193570069382,1,1,1,1,1
448774,0.02428819176638513,0,0,0,1,1
131463,0.02091184038191666,0,0,0,1,1
502212,0.036718885496091175,0,0,0,1,1
712130,0.0334958259952091,0,0,0,1,1
378267,0.008367276670397734,0,0,0,1,1
926961,0.014424709710257994,0,0,0,1,1
309921,0.03069484813572535,0,0,0,1,1
508215,0.17387451273709756,0,0,0,0,0
995943,0.9620090690346247,1,0,1,0,1
781347,0.029217446120122493,0,0,0,1,1
905180,0.024461401134001005,0,0,0,1,1
342929,0.024439541323128488,0,0,0,1,1
820223,0.02957934778879362,0,0,0,1,1
424012,0.03507361962671641,0,0,0,1,1
314935,0.01898366403425719,0,0,0,1,1
904367,0.13050598368484015,0,0,0,1,1
616207,0.1790735835060406,0,0,0,0,0
218311,0.022457911686664278,0,0,0,1,1
316323,0.13225710437066668,1,1,0,1,1
923406,0.10003302428546704,0,0,0,1,1
403258,0.21191706998323742,1,0,1,0,0
671928,0.025452087863855236,0,0,0,1,1
610585,0.025511267002596726,0,0,0,1,1
962566,0.18584985003499577,0,0,0,0,1
366250,0.1790735835060406,0,0,0,0,0
980478,0.03424107184310415,0,0,0,1,1
932572,0.010571956378564075,0,0,0,1,1
244387,0.024540357893613123,0,0,0,1,1
329215,0.02028744236681862,0,0,0,1,1
420010,0.09666724293476123,0,0,0,0,0
857353,0.021214279317156717,0,0,0,1,1
468138,0.024160014337872255,0,0,0,1,1
414207,0.025471041897533995,0,0,0,1,1
452976,0.02923401013617107,0,0,0,1,1
561284,0.03049393484255126,0,0,0,1,1
149426,0.02998543267054633,0,0,0,1,1
943048,0.03115320908020961,0,0,0,1,1
447804,0.02800608658642508,1,1,0,1,1
907595,0.1457412932456395,0,0,0,0,0
337488,0.02570151539576964,0,0,0,1,1
552818,0.027664361838915456,0,0,0,1,1
268439,0.0248849637246117,0,0,0,1,1
936214,0.009507350190394533,0,0,0,1,1
642485,0.21191706998323742,0,0,0,0,0
341594,0.03934945926155372,0,0,0,1,1
898630,0.02512346643563601,0,0,0,1,1
182058,0.02237517909177226,0,0,0,1,1
263127,0.02325223275414796,0,0,0,1,1
709385,0.021266234773085663,0,0,0,1,1
224952,0.037340974751031056,0,0,0,1,1
326707,0.021968437750197717,0,0,0,1,1
687525,0.03330007962587886,0,0,0,1,1
770094,0.019669038413622532,0,0,0,1,1
839659,0.0166908781368767,0,0,0,1,1
806850,0.215261067196287,0,0,0,0,0
448577,0.1425640311121017,0,0,0,1,1
863259,0.018569939635451067,0,0,0,1,1
269632,0.03161178077230663,0,0,0,1,1
705641,0.04714525016272427,0,0,0,1,1
133730,0.029140131081008956,0,0,0,1,1
960253,0.21191706998323742,0,0,0,0,0
602068,0.031817046668217205,1,1,0,1,1
690494,0.09946412914748101,0,0,0,1,1
571498,0.02364984117246294,0,0,0,1,1
390911,0.02173706482542721,0,0,0,1,1
133035,0.022198218112779538,0,0,0,1,1
435789,0.0088954643307832,0,0,0,1,1
655721,0.16494899010239208,0,0,0,0,0
318751,0.022344853732423828,0,0,0,1,1
319822,0.1056713543553663,0,0,0,1,1
339845,0.0974527450129028,0,0,0,1,1
666878,0.026044801532046007,0,0,0,1,1
761150,0.11234365324754914,1,1,0,1,1
786703,0.0247081292559182,0,0,0,1,1
694472,0.02413848819843825,0,0,0,1,1
799399,0.18839820231552154,0,0,0,0,0
243001,0.20463531076357552,1,0,1,0,0
382738,0.06867581035682752,0,0,0,1,1
831829,0.02192840388074003,0,0,0,1,1
385235,0.0226159209718383,0,0,0,1,1
206591,0.02650740008662373,0,0,0,1,1
167363,0.031297852796888605,0,0,0,1,1
335755,0.02447709516493091,0,0,0,1,1
574391,0.09334467455311675,0,0,0,1,1
585509,0.21191706998323742,0,0,0,0,0
768518,0.011593491984356063,0,0,0,1,1
935253,0.11551816195640287,0,0,0,1,1
284610,0.03254939768795419,0,0,0,1,1
337815,0.03346747438290275,0,0,0,1,1
182184,0.03035853223771698,0,0,0,1,1
578944,0.0259795755232799,0,0,0,1,1
258860,0.028030560011163216,0,0,0,1,1
314413,0.17267310067510436,0,0,0,0,1
541564,0.019740751424983386,0,0,0,1,1
791765,0.02416883585683632,0,0,0,1,1
824668,0.027934115269880395,0,0,0,1,1
176359,0.02426995630685936,0,0,0,1,1
408468,0.1676219129436931,0,0,0,0,0
532378,0.026408948528769145,0,0,0,1,1
756496,0.011154841082402143,0,0,0,1,1
196798,0.02916028315910568,1,1,0,1,1
140750,0.02488495041832694,0,0,0,1,1
584173,0.02994420741860837,0,0,0,1,1
855721,0.02355630153865012,0,0,0,1,1
456554,0.08963898789630295,0,0,0,1,1
474383,0.6192083845965669,1,0,1,1,1
892994,0.020690453167570136,0,0,0,1,1
273552,0.1350247356443977,0,0,0,1,1
863626,0.027319427944774627,0,0,0,1,1
314250,0.10744255229904354,0,0,0,1,1
135878,0.04150971114535367,1,1,0,1,1
476497,0.03773543505883912,0,0,0,1,1
682979,0.036541335387975604,0,0,0,1,1
909476,0.027189707191488572,0,0,0,1,1
512897,0.03151041964327412,0,0,0,1,1
537795,0.029907479121361633,0,0,0,1,1
700276,0.028001977372863435,0,0,0,1,1
708271,0.17459710165382122,0,0,0,1,1
843672,0.20463531076357552,1,1,0,0,0
645147,0.025611507810969214,0,0,0,1,1
704074,0.0925620503864286,0,0,0,1,1
978654,0.025082197824228256,0,0,0,1,1
227015,0.01678897266396503,0,0,0,1,1
165596,0.02109518042721854,0,0,0,1,1
819592,0.023047790992378,0,0,0,1,1
847559,0.024377236937671874,0,0,0,1,1
523288,0.010728089122502237,0,0,0,1,1
969318,0.017508822998295637,0,0,0,1,1
370990,0.013572187585966178,0,0,0,1,1
433946,0.029002279113671054,0,0,0,1,1
263822,0.08933722634031863,0,0,0,1,1
387650,0.021309814225422538,0,0,0,1,1
768030,0.13803933606578958,0,0,0,1,1
398305,0.22281501033613754,0,0,0,0,0
304643,0.02551679723277569,0,0,0,1,1
502745,0.17112238262404106,0,0,0,0,0
683909,0.2462439858563222,0,0,0,0,0
600063,0.025590410301731266,0,0,0,1,1
846119,0.02500677238119283,0,0,0,1,1
257391,0.03775061109818598,0,0,0,1,1
935068,0.010913252950978208,0,0,0,1,1
628180,0.024160014337872255,0,0,0,1,1
415090,0.22281501033613754,0,0,0,0,0
646022,0.011544274094457789,0,0,0,1,1
245575,0.02993950485071379,0,0,0,1,1
327903,0.1937330146011049,1,1,0,0,0
245604,0.02650740008662373,0,0,0,1,1
649054,0.02028744236681862,0,0,0,1,1
496387,0.02646315222928427,0,0,0,1,1
928294,0.024160014337872255,0,0,0,1,1
265317,0.018961727342039176,0,0,0,1,1
765127,0.038804352095650696,0,0,0,1,1
485330,0.22281501033613754,0,0,0,0,0
130953,0.030292793157748934,0,0,0,1,1
241144,0.02074910916729931,0,0,0,1,1
753130,0.21191706998323742,0,0,0,0,0
962267,0.10440201623957972,0,0,0,1,1
401722,0.04168919018504063,0,0,0,1,1
994993,0.018773809525008758,0,0,0,1,1
275694,0.215261067196287,0,0,0,0,0
693196,0.034385175608188,0,0,0,1,1
712248,0.031055365725492553,0,0,0,1,1
441423,0.024917628504264516,0,0,0,1,1
901775,0.02821905592885689,0,0,0,1,1
807058,0.1790735835060406,0,0,0,0,0
218425,0.02365561345358213,0,0,0,1,1
938323,0.02900766256109844,0,0,0,1,1
638732,0.029746858316990053,0,0,0,1,1
583601,0.17692297398335144,0,0,0,0,0
895185,0.035630572653221136,0,0,0,1,1
641869,0.02689685340383161,0,0,0,1,1
529733,0.17267310067510436,0,0,0,0,0
377029,0.03541098120269707,0,0,0,1,1
638602,0.027381799814979138,0,0,0,1,1
373501,0.09777439055261887,0,0,0,1,1
580628,0.970022894283199,1,0,1,0,1
948658,0.21410460065010828,0,0,0,0,1
521176,0.02236252191772266,0,0,0,1,1
907544,0.023831787888200888,0,0,0,1,1
597228,0.029457244585795902,0,0,0,1,1
351389,0.024560599349654856,0,0,0,1,1
533742,0.04948861018714789,0,0,0,1,1
916131,0.024417064287294538,0,0,0,1,1
178036,0.02701987101640964,0,0,0,1,1
601167,0.02493398853956182,0,0,0,1,1
821705,0.9656372523150991,1,0,1,0,1
662521,0.013455053035777471,0,0,0,1,1
191558,0.1627855334946969,0,0,0,0,1
803084,0.16427257012847687,0,0,0,0,0
100644,0.02734468112857079,0,0,0,1,1
220564,0.024816010480307567,0,0,0,1,1
753987,0.0110873573476886,0,0,0,1,1
858814,0.24031677539735255,1,0,1,0,0
680565,0.020371687810942524,0,0,0,1,1
268958,0.01270141226977307,0,0,0,1,1
496482,0.1676219129436931,0,0,0,0,0
464137,0.02632343612138854,0,0,0,1,1
958800,0.09464862857043921,0,0,0,1,1
691520,0.02397443320488016,0,0,0,1,1
611051,0.026923417443854132,0,0,0,1,1
151183,0.027467291736070605,0,0,0,1,1
633135,0.02754810905889439,0,0,0,1,1
487027,0.2530179039988978,0,0,0,0,0
987612,0.05478681379827519,1,1,0,1,1
830071,0.2042123563778441,0,0,0,0,0
905469,0.24236997258389328,0,0,0,0,0
811139,0.027486163399033092,0,0,0,1,1
252147,0.17112238262404106,1,1,0,0,0
586891,0.023140826630292995,0,0,0,1,1
660197,0.031062367326823055,0,0,0,1,1
898788,0.02236651591017223,0,0,0,1,1
411365,0.21191706998323742,0,0,0,0,0
184976,0.022156227686956898,0,0,0,1,1
952629,0.024782504530404103,0,0,0,1,1
962055,0.9620090690346247,1,0,1,0,1
951226,0.009930598049153826,0,0,0,1,1
478431,0.09085521070489855,0,0,0,1,1
153261,0.02591444670572881,0,0,0,1,1
455234,0.11307968404012636,1,1,1,1,1
441724,0.030692416707512514,0,0,0,1,1
103359,0.029768675281256766,0,0,0,1,1
634916,0.19489250039955988,0,0,0,1,1
415077,0.024470247519662987,0,0,0,1,1
556622,0.025539449796773504,0,0,0,1,1
160250,0.010978028414469486,0,0,0,1,1
118418,0.17112238262404106,0,0,0,0,0
356980,0.027340262010190467,0,0,0,1,1
617916,0.022967913135436512,0,0,0,1,1
125996,0.03335740138661754,0,0,0,1,1
135977,0.02866335417338669,0,0,0,1,1
948053,0.018305192160257354,0,0,0,1,1
165138,0.026433763112075896,0,0,0,1,1
593007,0.020607915013262295,1,1,0,1,1
207047,0.2042123563778441,0,0,0,0,0
276152,0.02521263340544476,0,0,0,1,1
780728,0.024116318374733277,0,0,0,1,1
389995,0.01897705667444794,0,0,0,1,1
682288,0.03211947006859241,0,0,0,1,1
271432,0.16707206485473322,0,0,0,1,1
267951,0.028189058354471275,0,0,0,1,1
742886,0.02018185561635494,0,0,0,1,1
259170,0.17387451273709756,0,0,0,0,0
379716,0.04349580367307824,0,0,0,1,1
955633,0.03390646601998719,0,0,0,1,1
902690,0.030401263891703258,0,0,0,1,1
406373,0.02431679875926794,0,0,0,1,1
186246,0.13843626113263918,0,0,0,1,1
467580,0.20463531076357552,0,0,0,0,0
492757,0.020275616695469536,0,0,0,1,1
728655,0.027997847098285854,0,0,0,1,1
437407,0.021341609684600648,0,0,0,1,1
436975,0.03052029461057614,0,0,0,1,1
126097,0.029906849644281495,0,0,0,1,1
779046,0.03338214890950206,0,0,0,1,1
638618,0.03232040833283026,0,0,0,1,1
627893,0.0261946174628926,0,0,0,1,1
831780,0.1676219129436931,0,0,0,0,0
107519,0.16494899010239208,1,1,0,0,0
444092,0.020217211204168264,0,0,0,1,1
975614,0.03868366200792721,0,0,0,1,1
269960,0.02434857793698199,0,0,0,1,1
519726,0.12693531361064622,0,0,0,1,1
327530,0.022147695469157277,0,0,0,1,1
511342,0.023047790992378,0,0,0,1,1
298999,0.1432188050374718,0,0,0,0,0
254575,0.009110243598590749,0,0,0,1,1
229692,0.20463531076357552,1,1,0,0,1
301563,0.02655899544953394,0,0,0,1,1
613234,0.010522978302448563,0,0,0,1,1
731160,0.022440130574700276,0,0,0,1,1
194959,0.03539692256093548,0,0,0,1,1
973951,0.02606303196140682,0,0,0,1,1
770651,0.19022626313867796,0,0,0,0,0
910336,0.20463531076357552,0,0,0,0,0
304601,0.02716335689602721,0,0,0,1,1
553412,0.01900303839115756,0,0,0,1,1
568484,0.024810480043725828,0,0,0,1,1
166911,0.0123102327269283,0,0,0,1,1
960555,0.9644301495800426,1,0,1,0,1
803747,0.0925457781800151,0,0,0,1,1
307166,0.010581497204512,0,0,0,1,1
799857,0.012447828554021802,0,0,0,1,1
648648,0.03285733924948428,0,0,0,1,1
301794,0.012995462729457292,0,0,0,1,1
286954,0.01644907758511646,0,0,0,1,1
705262,0.10870151964010924,0,0,0,1,1
430221,0.24236997258389328,0,0,0,0,0
695428,0.09312271137384306,0,0,0,1,1
772437,0.03190968882020591,0,0,0,1,1
834270,0.011296312088522787,0,0,0,1,1
867840,0.1787963351252134,0,0,0,0,0
673934,0.014678232206747644,0,0,0,1,1
355184,0.0336086108305381,0,0,0,1,1
839295,0.028385292431678685,0,0,0,1,1
920966,0.02417546033312953,0,0,0,1,1
992072,0.017250715064691793,0,0,0,1,1
159233,0.10349160013267598,0,0,0,1,1
145480,0.025702512219804238,0,0,0,1,1
371191,0.02915864144996734,0,0,0,1,1
514552,0.019449661969829005,0,0,0,1,1
615673,0.021081118310186473,0,0,0,1,1
692252,0.024816873470618273,0,0,0,1,1
828481,0.03532314146207592,0,0,0,1,1
210752,0.01920976538186367,0,0,0,1,1
115405,0.02559011899298783,0,0,0,1,1
655085,0.1790735835060406,0,0,0,0,0
956619,0.033966821409678716,0,0,0,1,1
754774,0.027656926087559215,0,0,0,1,1
289354,0.012794071279950378,0,0,0,1,1
613908,0.03159342651811953,0,0,0,1,1
538979,0.08963898789630295,0,0,0,1,1
754264,0.027089977404826215,0,0,0,1,1
149430,0.20233749659674605,1,1,0,0,0
634423,0.023013942165367684,0,0,0,1,1
342679,0.03041612176370711,0,0,0,1,1
717806,0.02041937349141986,0,0,0,1,1
226511,0.018904696379020734,0,0,0,1,1
586100,0.026433209504500746,0,0,0,1,1
566808,0.030227010951902045,0,0,0,1,1
665548,0.022422731397473823,0,0,0,1,1
327470,0.02312522436859179,0,0,0,1,1
584017,0.010128830894246764,0,0,0,1,1
287414,0.031458357474962416,0,0,0,1,1
227008,0.018938108670027702,0,0,0,1,1
540918,0.02477293939298082,0,0,0,1,1
408931,0.15813180360608584,0,0,0,1,0
518771,0.02429317127253946,0,0,0,1,1
148368,0.03256140861497008,0,0,0,1,1
371164,0.023015566849054495,0,0,0,1,1
299278,0.019308942928028667,0,0,0,1,1
526644,0.02535101408101029,0,0,0,1,1
699194,0.16494899010239208,0,0,0,0,0
620587,0.15829909702644154,1,0,1,0,0
681309,0.02742841055868487,0,0,0,1,1
894620,0.023121875106525296,0,0,0,1,1
217792,0.02045787707455274,0,0,0,1,1
290024,0.12695864068814877,0,0,0,1,1
429933,0.028417091031702976,0,0,0,1,1
920545,0.03412755338809847,0,0,0,1,1
407173,0.01803477738263307,0,0,0,1,1
307321,0.1787963351252134,0,0,0,0,0
720007,0.016462820157587946,0,0,0,1,1
954424,0.03296977197619497,1,1,0,1,1
691332,0.2545325279734939,1,1,0,0,0
491253,0.02082912368272921,0,0,0,1,1
144756,0.022118824126751497,0,0,0,1,1
670040,0.029720475498429665,0,0,0,1,1
634807,0.009918816668673463,0,0,0,1,1
129429,0.029617573184070933,0,0,0,1,1
966285,0.034481778547561695,0,0,0,1,1
340691,0.034378240444715394,0,0,0,1,1
959364,0.13863110808496767,0,0,0,1,1
630869,0.029921570260154934,0,0,0,1,1
974500,0.028189058354471275,0,0,0,1,1
296736,0.032876745950427874,0,0,0,1,1
438263,0.02232997774710421,0,0,0,1,1
601583,0.028825559217289208,1,1,0,1,1
759603,0.215261067196287,0,0,0,0,0
526663,0.021003736237224395,0,0,0,1,1
707042,0.02005025384460078,0,0,0,1,1
134180,0.01819880701075617,0,0,0,1,1
539537,0.022400063256642302,0,0,0,1,1
260155,0.02501611916155481,0,0,0,1,1
697079,0.1426162768261332,0,0,0,0,0
420222,0.020028062166789515,0,0,0,1,1
580586,0.024584261126694405,0,0,0,1,1
833627,0.21908630776056537,1,1,0,1,1
110099,0.018570161308223868,0,0,0,1,1
332208,0.025692965169610185,0,0,0,1,1
709123,0.010679908631133902,0,0,0,1,1
347861,0.03143570953805958,0,0,0,1,1
668000,0.01014129641191537,0,0,0,1,1
641123,0.013260907892753195,0,0,0,1,1
788332,0.022796462602832225,0,0,0,1,1
415327,0.08835016853493836,0,0,0,1,1
531793,0.027659892675455815,0,0,0,1,1
598016,0.06758816125162605,0,0,0,1,1
121751,0.21191706998323742,0,0,0,0,0
361892,0.022440130574700276,0,0,0,1,1
201564,0.04028285639977019,0,0,0,1,1
508728,0.971045899012448,1,0,1,0,1
550213,0.03202279240290408,0,0,0,1,1
173485,0.03258690441373574,0,0,0,1,1
571017,0.03445888454975454,0,0,0,1,1
455594,0.012473329292189745,0,0,0,1,1
330249,0.03535679750977816,0,0,0,1,1
561874,0.026545838765587387,0,0,0,1,1
319504,0.03258513589406849,0,0,0,1,1
746502,0.22281501033613754,0,0,0,0,0
372069,0.11688591884546332,0,0,0,1,1
600013,0.16312440362476424,0,0,0,0,1
722629,0.030836247790153315,0,0,0,1,1
556266,0.023666015935511386,0,0,0,1,1
842405,0.09180345030416145,0,0,0,1,1
919668,0.12640856955931218,0,0,0,1,1
925433,0.039504525415866965,0,0,0,1,1
489781,0.020132295283041272,0,0,0,1,1
462459,0.09275824541673985,0,0,0,1,1
595681,0.021432720847282004,0,0,0,1,1
680754,0.21191706998323742,0,0,0,0,0
742854,0.10709096698449651,0,0,0,1,1
993170,0.17112238262404106,0,0,0,0,0
426317,0.03262816373772803,0,0,0,1,1
485383,0.023510364892206943,0,0,0,1,1
486860,0.22281501033613754,0,0,0,0,0
264018,0.02186243822283249,0,0,0,1,1
348732,0.1013795034756809,0,0,0,1,1
553254,0.017586231411786096,0,0,0,1,1
706918,0.17409235359344824,0,0,0,1,1
790287,0.11763972658268425,1,1,0,1,1
811612,0.15010826731803098,0,0,0,0,0
494552,0.19845987170977003,0,0,0,0,0
667615,0.1581717218504089,0,0,0,0,1
754175,0.09053141992553661,0,0,0,1,1
755276,0.024543602313946637,0,0,0,1,1
952493,0.026886376106699666,0,0,0,1,1
815626,0.016371688595799204,0,0,0,1,1
957008,0.10067241713143656,0,0,0,1,1
222280,0.21074290582685734,0,0,0,0,0
895601,0.012058064799146678,0,0,0,1,1
192651,0.029504463628416147,0,0,0,1,1
881943,0.08842910478501055,0,0,0,1,1
642409,0.17267310067510436,0,0,0,0,0
234047,0.02886520657347374,0,0,0,1,1
366911,0.012975102472809748,0,0,0,1,1
424540,0.012855418718371446,0,0,0,1,1
255718,0.012828350871996673,0,0,0,1,1
874589,0.23501665328863297,1,1,1,1,1
631232,0.2007247314160019,1,0,1,0,0
725705,0.027472887064961742,0,0,0,1,1
463890,0.014361486836798753,0,0,0,1,1
760842,0.024975413258695144,0,0,0,1,1
364931,0.047989236863857865,0,0,0,1,1
916478,0.18850115163670134,0,0,0,0,0
103362,0.1790735835060406,0,0,0,0,0
953097,0.030244360163320414,0,0,0,1,1
146067,0.010469252295019224,0,0,0,1,1
842390,0.030074987341113406,0,0,0,1,1
620741,0.1144789127519569,0,0,0,1,1
848003,0.028862755875209842,0,0,0,1,1
833024,0.024486330625632043,0,0,0,1,1
457525,0.026853387445328027,0,0,0,1,1
220315,0.20463531076357552,0,0,0,0,0
324881,0.029307486684306435,0,0,0,1,1
233646,0.028489336563785758,0,0,0,1,1
809016,0.022214564139810437,0,0,0,1,1
350675,0.009398903184958826,0,0,0,1,1
773219,0.08920812526159756,0,0,0,1,1
129515,0.02940210468232142,0,0,0,1,1
146760,0.02690993304935717,0,0,0,1,1
448483,0.9649002531640106,1,0,1,0,1
510841,0.02579484093420934,0,0,0,1,1
261229,0.02691500763740839,0,0,0,1,1
496728,0.03154810237598446,0,0,0,1,1
549862,0.01564907958519699,0,0,0,1,1
277430,0.17267310067510436,0,0,0,0,0
728043,0.1667809100378024,0,0,0,1,1
533666,0.0246167312937208,0,0,0,1,1
645600,0.025017985019333475,0,0,0,1,1
441340,0.016458601108960576,0,0,0,1,1
587591,0.01960570010010908,0,0,0,1,1
642449,0.0955944131021179,0,0,0,1,1
514917,0.1434604571278275,0,0,0,1,0
188328,0.215261067196287,0,0,0,0,0
260712,0.3678251977466045,1,1,0,1,1
357901,0.16494899010239208,0,0,0,0,0
441359,0.036186783797619804,0,0,0,1,1
256135,0.02455607942492028,0,0,0,1,1
765261,0.030176744889864285,0,0,0,1,1
900359,0.2007247314160019,0,0,0,0,1
704112,0.019249196077505557,0,0,0,1,1
756543,0.02999565635400112,0,0,0,1,1
862979,0.16123422560367096,0,0,0,0,0
643026,0.020254595945946096,0,0,0,1,1
325498,0.02744649269369659,0,0,0,1,1
287385,0.16427257012847687,0,0,0,0,0
871145,0.027322967929823815,0,0,0,1,1
145449,0.16494899010239208,0,0,0,0,0
896947,0.021854867147457786,0,0,0,1,1
453719,0.0238253879407841,0,0,0,1,1
784537,0.025220806848215583,0,0,0,1,1
346809,0.09566294308481395,0,0,0,1,1
757938,0.02591659124697738,0,0,0,1,1
950915,0.028651359362512663,0,0,0,1,1
764544,0.08286194785752968,0,0,0,1,0
745738,0.030610084649939747,0,0,0,1,1
401007,0.019394099147185154,0,0,0,1,1
981674,0.023425572825326396,0,0,0,1,1
723055,0.009321145232336701,0,0,0,1,1
357375,0.024878912263036797,0,0,0,1,1
958143,0.037967092819569274,0,0,0,1,1
328754,0.024109097495764297,0,0,0,1,1
946258,0.11755814264788203,0,0,0,1,1
210746,0.9644301495800426,1,0,1,0,1
302957,0.015156859021208073,0,0,0,1,1
774234,0.03544656225656609,0,0,0,1,1
557289,0.0223542604334272,0,0,0,1,1
603531,0.01284647865619499,0,0,0,1,1
682337,0.21191706998323742,1,0,1,0,0
368523,0.2095590334390619,0,0,0,0,1
274179,0.17387451273709756,0,0,0,0,0
833679,0.0404334221578939,1,1,0,1,1
742062,0.029556795761798257,0,0,0,1,1
789303,0.024366228922424092,0,0,0,1,1
666952,0.02337936490036544,0,0,0,1,1
289863,0.08419305899891176,0,0,0,1,1
773390,0.031088140215919643,0,0,0,1,1
240476,0.03224223211378441,0,0,0,1,1
865411,0.17267310067510436,0,0,0,0,0
727446,0.024532421772358173,0,0,0,1,1
858557,0.029802890221078186,0,0,0,1,1
388639,0.022660069509571577,0,0,0,1,1
170443,0.215261067196287,0,0,0,0,0
925413,0.02804437285833668,0,0,0,1,1
650553,0.01345055578674544,0,0,0,1,1
536066,0.07635463740092813,0,0,0,1,1
286641,0.010848563265381533,0,0,0,1,1
561219,0.014043516507770798,0,0,0,1,1
154864,0.16680387448231332,0,0,0,1,1
945050,0.1937330146011049,1,0,1,0,0
144565,0.10885492156412468,0,0,0,1,0
536535,0.014430174031488005,0,0,0,1,1
921563,0.026220826871199063,0,0,0,1,1
231843,0.022508388848974988,0,0,0,1,1
429448,0.21379591358914635,1,0,1,0,0
841437,0.02965413591154905,0,0,0,1,1
608601,0.025992816890486086,1,1,0,1,1
694388,0.02815849738893443,0,0,0,1,1
441439,0.02318257275663407,0,0,0,1,1
496159,0.10913636714120793,0,0,0,1,0
804239,0.19194624214636366,0,0,0,1,0
818870,0.1937330146011049,0,0,0,0,1
627502,0.1676219129436931,0,0,0,0,0
881106,0.20463531076357552,0,0,0,0,0
347997,0.16312440362476424,0,0,0,0,0
530281,0.012703525221347956,0,0,0,1,1
806839,0.08929253588073638,0,0,0,1,1
415896,0.021876367624357723,0,0,0,1,1
441782,0.018982701656769758,0,0,0,1,1
109840,0.02809684851848264,0,0,0,1,1
631683,0.013772679046268579,0,0,0,1,1
202227,0.9656372523150991,1,0,1,0,1
980952,0.02561715167027082,0,0,0,1,1
492812,0.02939822890133609,0,0,0,1,1
969689,0.023231011949708738,0,0,0,1,1
688410,0.024298967142843773,0,0,0,1,1
102184,0.02455607942492028,0,0,0,1,1
292084,0.4261091870248842,0,0,0,1,0
964047,0.017277839305066753,0,0,0,1,1
997370,0.11706966544665337,1,1,1,1,1
536959,0.17267310067510436,1,0,1,0,0
574613,0.9392095499158957,1,0,1,0,1
277285,0.02564472763072891,0,0,0,1,1
604825,0.21191706998323742,1,0,1,0,0
621072,0.17112238262404106,0,0,0,0,0
782284,0.22281501033613754,0,0,0,0,0
374107,0.025168903517445343,0,0,0,1,1
558854,0.10885422016971431,0,0,0,1,1
988223,0.2095590334390619,0,0,0,0,0
335137,0.03281159456266623,1,1,0,1,1
347431,0.15901035517309248,0,0,0,1,1
299397,0.16772034600670188,0,0,0,0,1
426791,0.028564751601854257,0,0,0,1,1
595965,0.02538903059137178,0,0,0,1,1
481893,0.024246843897453053,0,0,0,1,1
456432,0.021934030021016883,0,0,0,1,1
500060,0.0349425447503502,0,0,0,1,1
699750,0.02797726409890069,0,0,0,1,1
754338,0.044594686606471035,0,0,0,1,1
729518,0.0398242113815253,0,0,0,1,1
248664,0.17267310067510436,1,0,1,0,0
146037,0.09284444363666297,0,0,0,1,1
305687,0.02909600855102731,0,0,0,1,1
633140,0.024368642369645137,0,0,0,1,1
326267,0.022088427890386095,0,0,0,1,1
868161,0.0273445603538604,0,0,0,1,1
169932,0.03209388068922258,0,0,0,1,1
716435,0.9673563703870453,1,0,1,0,1
751829,0.02892237798916921,0,0,0,1,1
114743,0.1273265183604191,0,0,0,1,1
488884,0.06711724674459446,0,0,0,1,1
663150,0.030727060424832486,0,0,0,1,1
261573,0.011876460837136496,0,0,0,1,1
126216,0.00891409118858173,0,0,0,1,1
261283,0.023945794675067793,0,0,0,1,1
255836,0.016016964116690388,0,0,0,1,1
247471,0.01937548590672511,0,0,0,1,1
473144,0.02509178082501929,0,0,0,1,1
652614,0.03203815878343733,0,0,0,1,1
682103,0.025775988778583028,0,0,0,1,1
902693,0.011940596401254158,0,0,0,1,1
904805,0.024490162630958344,0,0,0,1,1
703852,0.04471924430830873,1,0,1,1,1
497194,0.012058064799146678,0,0,0,1,1
907950,0.02363706109231448,0,0,0,1,1
687412,0.032739536657237084,0,0,0,1,1
183374,0.02517449037526972,0,0,0,1,1
185288,0.15829909702644154,1,0,1,0,0
509607,0.12087917723784697,0,0,0,1,1
997964,0.04096022767356174,0,0,0,1,1
562411,0.039024464917007465,0,0,0,1,1
490860,0.22866188286768147,0,0,0,1,1
633458,0.02281439118754655,0,0,0,1,1
377289,0.022600660747103516,0,0,0,1,1
463298,0.2155467197789668,0,0,0,0,0
444259,0.027351771619589137,0,0,0,1,1
836984,0.1790735835060406,0,0,0,0,0
660922,0.013051135998729828,0,0,0,1,1
599491,0.030018880043876924,0,0,0,1,1
732362,0.01175677207256786,0,0,0,1,1
724510,0.1790735835060406,0,0,0,0,0
967298,0.024851641658852456,0,0,0,1,1
137185,0.028489336563785758,0,0,0,1,1
528229,0.032188178485055854,0,0,0,1,1
607696,0.02254439929890518,0,0,0,1,1
358968,0.059676247028321965,0,0,0,1,1
327163,0.025006416701423253,0,0,0,1,1
883230,0.022067589541770755,0,0,0,1,1
262508,0.08653397280440751,0,0,0,1,1
963100,0.02370275259558195,0,0,0,1,1
436971,0.13768510636232256,0,0,0,1,1
928082,0.03679409640837091,0,0,0,1,1
960934,0.02298504039273565,0,0,0,1,1
734824,0.021593589355861347,0,0,0,1,1
296689,0.025996704612526855,0,0,0,1,1
965698,0.03327004898208618,0,0,0,1,1
742319,0.15570252085306602,0,0,0,1,1
894048,0.02088217608356454,0,0,0,1,1
103436,0.023405445083286274,0,0,0,1,1
509060,0.07341074536541402,0,0,0,1,1
768255,0.11010347546632544,0,0,0,1,1
934280,0.038058764868666356,0,0,0,1,1
310983,0.01749393833640571,0,0,0,1,1
357971,0.010116535535383133,0,0,0,1,1
545144,0.2081731857303604,0,0,0,0,1
752548,0.5079368374789459,1,1,0,1,1
402332,0.022694697731690004,0,0,0,1,1
756559,0.9519486172474529,1,0,1,0,1
603082,0.2155467197789668,0,0,0,0,0
131815,0.021421304198092708,0,0,0,1,1
873177,0.027535535041885866,0,0,0,1,1
794951,0.16494899010239208,0,0,0,0,0
719719,0.1790735835060406,0,0,0,0,0
307859,0.021266234773085663,0,0,0,1,1
629267,0.2007247314160019,1,0,1,0,0
750300,0.029136430588857863,0,0,0,1,1
114924,0.3084107940463242,1,1,0,1,1
767456,0.17267310067510436,1,0,1,0,0
202052,0.023017164292352267,0,0,0,1,1
976605,0.027678267223898018,0,0,0,1,1
462974,0.03330483677687678,0,0,0,1,1
105921,0.01680986657643983,0,0,0,1,1
192405,0.020561126568333046,0,0,0,1,1
390022,0.2545325279734939,1,1,0,0,0
552221,0.960500772059878,1,0,1,0,1
819448,0.2081731857303604,0,0,0,0,0
273984,0.02468479827926032,0,0,0,1,1
846033,0.20463531076357552,0,0,0,0,0
556313,0.02357906382689258,0,0,0,1,1
366932,0.1143081332417609,0,0,0,1,1
621279,0.03518033929352441,0,0,0,1,1
641159,0.028700081576105776,0,0,0,1,1
163002,0.21719356894694875,0,0,0,1,0
210247,0.13878808311337393,0,0,0,1,1
575411,0.20463531076357552,1,0,1,0,0
756636,0.21191706998323742,0,0,0,0,0
224666,0.14997641091120142,0,0,0,1,1
810482,0.027056116655402845,0,0,0,1,1
976489,0.0941348402357781,0,0,0,1,1
701216,0.10349534380245423,0,0,0,1,1
321666,0.022278683718963504,0,0,0,1,1
582883,0.014634781473385514,0,0,0,1,1
138759,0.16924334908255195,0,0,0,0,0
953281,0.03165264563445948,0,0,0,1,1
419491,0.21191706998323742,1,0,1,0,0
690862,0.020695082601767088,0,0,0,1,1
705980,0.012895157294278904,0,0,0,1,1
474921,0.024209570913915745,0,0,0,1,1
464166,0.028189058354471275,0,0,0,1,1
811430,0.1676219129436931,0,0,0,0,0
711248,0.04488792874686217,0,0,0,1,1
199374,0.22281501033613754,0,0,0,0,0
142812,0.02293881920151821,0,0,0,1,1
298967,0.9644301495800426,1,0,1,0,1
756515,0.028095553927911732,0,0,0,1,1
552945,0.19712911908908076,0,0,0,0,0
847502,0.241093071505753,1,1,0,1,1
962637,0.02486872729547844,0,0,0,1,1
811162,0.012935355988515751,0,0,0,1,1
247721,0.021874964713039593,0,0,0,1,1
950832,0.026087060677510127,0,0,0,1,1
548238,0.041132824019622864,0,0,0,1,1
383962,0.15783480662077648,0,0,0,0,1
512580,0.4726746718714869,1,1,0,1,1
430555,0.012111089218506043,0,0,0,1,1
583610,0.02815849738893443,0,0,0,1,1
199792,0.2551431707667012,0,0,0,0,0
664052,0.029421697035118648,0,0,0,1,1
212130,0.07986050032714845,0,0,0,1,1
109903,0.016422828683204747,0,0,0,1,1
173416,0.03126852388091553,0,0,0,1,1
586056,0.029582944885921097,0,0,0,1,1
524379,0.019231891256622367,0,0,0,1,1
627791,0.02222239438532115,0,0,0,1,1
393888,0.13314075304612788,0,0,0,1,1
791678,0.03309382746438351,0,0,0,1,1
704267,0.13843190859641913,0,0,0,1,1
432920,0.023482398802418702,0,0,0,1,1
168418,0.14746806368539409,0,0,0,1,1
996539,0.10285428633632718,0,0,0,1,1
203517,0.16312440362476424,1,0,1,0,0
420786,0.036180291568950765,0,0,0,1,1
762951,0.032176607593512846,0,0,0,1,1
638152,0.011296312088522787,0,0,0,1,1
447275,0.1949496110101079,0,0,0,1,0
773019,0.21191706998323742,0,0,0,0,0
654288,0.019356985060239546,0,0,0,1,1
573078,0.16021036143896247,0,0,0,0,1
205256,0.018866269937609828,0,0,0,1,1
266604,0.026317773045416482,0,0,0,1,1
601586,0.014937662337177108,0,0,0,1,1
236701,0.2462439858563222,0,0,0,0,0
879844,0.02581485234453028,0,0,0,1,1
875560,0.215261067196287,0,0,0,0,0
625784,0.03240656547792203,0,0,0,1,1
107067,0.02381367805758517,0,0,0,1,1
812628,0.24684132813502074,0,0,0,0,0
109956,0.1553681989684383,1,1,0,1,1
310236,0.6368817408832461,1,0,1,0,1
214020,0.13959378750926138,0,0,0,1,0
463070,0.5531646654820875,1,0,1,0,1
686224,0.03340194849262446,0,0,0,1,1
564973,0.027112983281662093,0,0,0,1,1
239970,0.024862250565226705,0,0,0,1,1
530113,0.17926005581893523,0,0,0,0,1
662209,0.03287918437778589,0,0,0,1,1
121095,0.027147474149379697,0,0,0,1,1
529746,0.22102400580838097,0,0,0,0,0
240330,0.021432720847282004,0,0,0,1,1
110752,0.010455053142802434,0,0,0,1,1
637641,0.021316438335140117,0,0,0,1,1
970976,0.025439795973251318,0,0,0,1,1
680445,0.013239610123606376,0,0,0,1,1
180219,0.12901024804931846,0,0,0,1,1
170544,0.11490795546546945,0,0,0,1,1
916634,0.20646650844652964,0,0,0,0,0
817456,0.00893331377276595,0,0,0,1,1
582646,0.14058332177320879,0,0,0,0,1
651006,0.024097858188751226,0,0,0,1,1
769560,0.0257415532419155,0,0,0,1,1
852094,0.01670449513410141,0,0,0,1,1
550262,0.08581712632965749,0,0,0,0,1
769763,0.03218527752671589,0,0,0,1,1
826312,0.09187225256435616,1,0,1,0,0
858957,0.014826710550560883,0,0,0,1,1
117456,0.028174234087023336,0,0,0,1,1
597267,0.012410355905140918,0,0,0,1,1
541009,0.014918016646327446,0,0,0,1,1
201475,0.17112238262404106,1,1,0,0,0
707698,0.025672415523103214,0,0,0,1,1
118076,0.03244435996537184,0,0,0,1,1
674462,0.038730566399210214,0,0,0,1,1
702406,0.021718381953867844,0,0,0,1,1
611538,0.030354328385725892,0,0,0,1,1
163083,0.02123378722519067,0,0,0,1,1
404417,0.0273445603538604,0,0,0,1,1
350863,0.08195738821552823,0,0,0,1,1
651645,0.22281501033613754,0,0,0,0,0
774168,0.5945315219670086,0,0,0,0,1
988921,0.011332107311798728,0,0,0,1,1
839494,0.19114776381786458,1,1,0,0,0
336141,0.03282897118148258,0,0,0,1,1
222644,0.22281501033613754,1,0,1,0,0
397053,0.017505464014982222,0,0,0,1,1
475500,0.025395023056882838,0,0,0,1,1
493925,0.012353606890430515,0,0,0,1,1
271365,0.01898074365585872,0,0,0,1,1
795607,0.24476248970491027,0,0,0,0,0
464044,0.02793816319528334,0,0,0,1,1
921102,0.012758700356679675,0,0,0,1,1
431521,0.023013979714076614,0,0,0,1,1
497861,0.030235357443102778,0,0,0,1,1
101594,0.028029001593791587,0,0,0,1,1
283066,0.1757550788657864,0,0,0,1,0
433881,0.19845987170977003,1,0,1,0,0
800016,0.026021953424416405,0,0,0,1,1
918276,0.15597974908013357,0,0,0,1,0
843972,0.01627586835274086,0,0,0,1,1
166333,0.03624587917273822,0,0,0,1,1
743263,0.020094950419080982,0,0,0,1,1
924493,0.03039191230450697,0,0,0,1,1
169950,0.2081731857303604,1,0,1,0,0
345978,0.19022626313867796,0,0,0,0,0
569319,0.04430030033026023,0,0,0,1,1
374113,0.1676219129436931,1,0,1,0,0
212304,0.03293906915815651,0,0,0,1,1
329300,0.020077228778492055,0,0,0,1,1
616522,0.16924334908255195,1,0,1,0,0
369715,0.2551431707667012,1,1,0,0,0
186146,0.17267310067510436,0,0,0,0,0
348740,0.025528091823107033,0,0,0,1,1
780504,0.023044156845455063,0,0,0,1,1
374585,0.028173642844466266,0,0,0,1,1
176521,0.2462439858563222,0,0,0,0,0
276289,0.09419235759398237,0,0,0,0,1
417082,0.012000292570607278,0,0,0,1,1
473622,0.031521036051750245,0,0,0,1,1
473548,0.02445113978487138,0,0,0,1,1
800268,0.15010826731803098,0,0,0,0,0
182124,0.02499608297130156,0,0,0,1,1
684022,0.03706537063938663,0,0,0,1,1
329660,0.07775817927588395,0,0,0,1,1
954174,0.15746831218124177,0,0,0,1,0
934271,0.1676219129436931,0,0,0,0,0
653698,0.030896728349497436,0,0,0,1,1
997945,0.15205608976313956,0,0,0,1,1
709948,0.035734977040185884,0,0,0,1,1
451886,0.026874275182437377,0,0,0,1,1
460043,0.02242385389856081,0,0,0,1,1
150141,0.17267310067510436,0,0,0,0,0
215257,0.02545370024978628,0,0,0,1,1
240135,0.20463531076357552,1,1,0,0,1
822507,0.0094784258240165,0,0,0,1,1
641997,0.02217385948984547,0,0,0,1,1
759370,0.022157382047749606,0,0,0,1,1
359693,0.024578275839686758,0,0,0,1,1
786613,0.01002887975014703,0,0,0,1,1
242348,0.02121644998876102,0,0,0,1,1
902148,0.023045987664738643,0,0,0,1,1
487807,0.048794169910926936,0,0,0,1,1
855261,0.029610870249780766,0,0,0,1,1
771285,0.024357746324248957,0,0,0,1,1
499875,0.012868422266471707,0,0,0,1,1
361434,0.02710785654008947,0,0,0,1,1
522924,0.021187243482785376,0,0,0,1,1
807211,0.1030094263317141,0,0,0,1,1
330468,0.017981665112933892,0,0,0,1,1
655715,0.02442166255491134,0,0,0,1,1
693212,0.02083015371687659,0,0,0,1,1
970154,0.032839180411396066,0,0,0,1,1
737906,0.03793485555157691,0,0,0,1,1
542002,0.01990207323474865,0,0,0,1,1
675541,0.023843361030930894,0,0,0,1,1
868152,0.012276450428477153,0,0,0,1,1
527337,0.028188349498460594,0,0,0,1,1
942102,0.22423164203277993,0,0,0,1,0
137973,0.18971676546466623,0,0,0,0,0
937385,0.008945907638677435,0,0,0,1,1
810621,0.027816913079797,0,0,0,1,1
396984,0.030743028421292527,0,0,0,1,1
880805,0.215261067196287,0,0,0,0,0
440209,0.024051020078235792,0,0,0,1,1
796692,0.010040846279295294,0,0,0,1,1
912797,0.027752283577989825,0,0,0,1,1
874035,0.21191706998323742,0,0,0,0,1
490479,0.01888437837496795,0,0,0,1,1
380099,0.020036997581231158,0,0,0,1,1
154173,0.17267310067510436,0,0,0,0,0
202807,0.03479397411530552,0,0,0,1,1
568681,0.9632179475753617,1,0,1,0,1
593340,0.013776523189482673,0,0,0,1,1
445451,0.010367425780107199,0,0,0,1,1
666189,0.2545325279734939,0,0,0,0,0
406252,0.16494899010239208,0,0,0,0,0
152778,0.02297797237861433,0,0,0,1,1
476431,0.03061186116445547,0,0,0,1,1
872619,0.09399897654592387,0,0,0,1,0
730771,0.008270127761956764,0,0,0,1,1
165265,0.025658918514886022,0,0,0,1,1
232290,0.029049872811140916,0,0,0,1,1
313292,0.21191706998323742,0,0,0,0,0
687593,0.17387451273709756,0,0,0,0,0
470469,0.023242862104113072,0,0,0,1,1
321213,0.18850115163670134,0,0,0,0,0
500022,0.028315674023232797,0,0,0,1,1
385718,0.024400663783376495,0,0,0,1,1
364596,0.18850115163670134,1,1,0,0,0
297101,0.03021189745541723,0,0,0,1,1
430503,0.026806567414653846,0,0,0,1,1
612074,0.09769217521326673,0,0,0,1,1
639145,0.01448558740266926,0,0,0,1,1
701223,0.027212635440164987,0,0,0,1,1
837580,0.024546856610812358,0,0,0,1,1
792086,0.03086907564614107,0,0,0,1,1
114021,0.0281690276688667,0,0,0,1,1
740992,0.04197505998267373,0,0,0,1,1
824610,0.02604213064959965,0,0,0,1,1
832062,0.025275014082444102,0,0,0,1,1
773112,0.01912108608232009,0,0,0,1,1
829291,0.02692395738590949,0,0,0,1,1
211575,0.12844961284406495,0,0,0,1,1
201339,0.025658918514886022,0,0,0,1,1
208961,0.215261067196287,0,0,0,0,0
406254,0.03533150452695413,0,0,0,1,1
517614,0.10585028002050914,1,1,0,1,1
547357,0.02378459472588234,0,0,0,1,1
934267,0.019060210551173882,0,0,0,1,1
849673,0.1690918519842372,0,0,0,1,0
244925,0.14122612859468536,0,0,0,1,1
561620,0.033902674658754926,0,0,0,1,1
298883,0.20463531076357552,0,0,0,0,0
979776,0.01918763492145666,0,0,0,1,1
154652,0.029065019068250143,0,0,0,1,1
326564,0.034198323245985235,0,0,0,1,1
594997,0.030410107149833266,0,0,0,1,1
931834,0.9649002531640106,1,0,1,0,1
570116,0.033153766200795735,0,0,0,1,1
632720,0.01236480217234318,0,0,0,1,1
154230,0.029553365931592298,0,0,0,1,1
647894,0.02739015164383705,0,0,0,1,1
167660,0.02780906322589662,0,0,0,1,1
950403,0.031236240216988353,0,0,0,1,1
644014,0.013505938579722012,0,0,0,1,1
582257,0.012907404402629368,0,0,0,1,1
542180,0.028042631734273498,0,0,0,1,1
793618,0.029398183536391904,0,0,0,1,1
682533,0.1790735835060406,1,0,1,0,0
599873,0.17267310067510436,0,0,0,0,0
294738,0.033816448483165465,0,0,0,1,1
193519,0.18441266828167577,0,0,0,0,0
733906,0.030369804730686296,0,0,0,1,1
661744,0.025799281071850057,0,0,0,1,1
721088,0.028075896872597875,0,0,0,1,1
846953,0.02173250117184162,0,0,0,1,1
827164,0.01248179489148725,0,0,0,1,1
614350,0.028276888059168035,0,0,0,1,1
216937,0.9656372523150991,1,0,1,0,1
982446,0.032401180658065916,0,0,0,1,1
256434,0.02428821159846452,0,0,0,1,1
673872,0.1676219129436931,0,0,0,0,0
563749,0.019778139721629725,0,0,0,1,1
788159,0.022004145041516668,0,0,0,1,1
823628,0.10103823055080387,0,0,0,1,1
799064,0.20463531076357552,0,0,0,0,0
603433,0.16427257012847687,0,0,0,0,0
617670,0.02233413189779867,0,0,0,1,1
382671,0.022764043413441876,0,0,0,1,1
517405,0.02892167998546497,0,0,0,1,1
542696,0.024161394258425836,0,0,0,1,1
700260,0.021607780591329423,0,0,0,1,1
881156,0.17267310067510436,0,0,0,0,0
857481,0.03245289963631634,0,0,0,1,1
734952,0.07158957497174011,0,0,0,1,1
428649,0.029261620993952454,0,0,0,1,1
552576,0.03083814177255074,0,0,0,1,1
389565,0.02812358740691894,0,0,0,1,1
420148,0.13242737281454206,0,0,0,1,0
479815,0.032191051092694524,0,0,0,1,1
790649,0.020695082601767088,0,0,0,1,1
799919,0.02216361582170302,0,0,0,1,1
903648,0.021432720847282004,0,0,0,1,1
657668,0.09082934702626941,0,0,0,1,1
859549,0.02858800642150909,0,0,0,1,1
754436,0.10349160013267598,0,0,0,1,1
138993,0.03467578338940604,0,0,0,1,1
491351,0.026660085930888047,0,0,0,1,1
481018,0.027503299214273524,0,0,0,1,1
495473,0.1397073009677939,0,0,0,1,0
789826,0.018332318346475838,0,0,0,1,1
364710,0.16494899010239208,0,0,0,0,0
319501,0.03040040828403354,0,0,0,1,1
940711,0.025503564870811134,0,0,0,1,1
263433,0.03040051012790417,0,0,0,1,1
189817,0.026363658881926988,0,0,0,1,1
850123,0.1937330146011049,0,0,0,0,0
852394,0.015577542599248685,0,0,0,1,1
825464,0.22025018302166055,0,0,0,0,0
414157,0.02345459575230518,0,0,0,1,1
684155,0.02602175244885702,0,0,0,1,1
777714,0.012794071279950378,0,0,0,1,1
147891,0.023496183663333958,0,0,0,1,1
724660,0.0153564561328854,0,0,0,1,1
352078,0.012759206196820276,0,0,0,1,1
582427,0.028030560011163216,1,1,0,1,1
273198,0.02676171682736375,0,0,0,1,1
653637,0.011120180866393797,0,0,0,1,1
217204,0.07515293978185303,0,0,0,1,1
627826,0.0279062001716629,0,0,0,1,1
481955,0.024475184704042863,0,0,0,1,1
762474,0.18537293268532518,0,0,0,0,0
924793,0.03569938631430168,0,0,0,1,1
537038,0.02096727501977374,0,0,0,1,1
171257,0.022254323498523923,0,0,0,1,1
969913,0.023508349347289455,0,0,0,1,1
935738,0.02955547243405963,0,0,0,1,1
185285,0.08952598605117718,0,0,0,1,1
714270,0.012028706224626751,0,0,0,1,1
368878,0.1790735835060406,1,0,1,0,0
139682,0.9519486172474529,1,0,1,0,1
562305,0.035904098305678235,0,0,0,1,1
615528,0.011587610161943693,0,0,0,1,1
420515,0.022250984992205458,0,0,0,1,1
311952,0.21311288882892834,1,1,0,1,1
320191,0.025850054746771704,0,0,0,1,1
536603,0.08306164723458963,0,0,0,1,1
642000,0.029002279113671054,0,0,0,1,1
405698,0.16772034600670188,0,0,0,0,1
593506,0.025385639901737516,0,0,0,1,1
496371,0.02284242144195556,0,0,0,1,1
631661,0.020956676874057903,0,0,0,1,1
207195,0.024805458302758335,0,0,0,1,1
745290,0.010995538483484713,0,0,0,1,1
489956,0.011112942587617629,0,0,0,1,1
498793,0.02475949543135574,0,0,0,1,1
648365,0.02756458294762728,0,0,0,1,1
173506,0.1919341078047881,0,0,0,0,0
886677,0.02780838294971739,0,0,0,1,1
889671,0.019785631034030436,0,0,0,1,1
172135,0.027278600936839183,0,0,0,1,1
708933,0.20827979987367803,0,0,0,0,0
428536,0.01644628648076959,0,0,0,1,1
969933,0.023959860257762096,0,0,0,1,1
190236,0.027517742745391285,0,0,0,1,1
810071,0.02977247930100791,0,0,0,1,1
983900,0.16765248716906433,0,0,0,1,1
169525,0.02684579616221879,0,0,0,1,1
270759,0.025376909462290622,0,0,0,1,1
514272,0.02335000824135504,0,0,0,1,1
371152,0.02216567936518858,0,0,0,1,1
614720,0.21191706998323742,1,0,1,0,0
488799,0.027446401509358676,0,0,0,1,1
297684,0.16902318110777226,0,0,0,0,0
972648,0.16902318110777226,0,0,0,0,0
171883,0.023210197530277712,0,0,0,1,1
290902,0.018277579016576898,0,0,0,1,1
134273,0.022155645590952473,0,0,0,1,1
984545,0.010469355749058428,0,0,0,1,1
730641,0.027743267676139154,0,0,0,1,1
502615,0.008245011245396335,0,0,0,1,1
228151,0.03440315219090835,0,0,0,1,1
286065,0.030905324448566286,0,0,0,1,1
385131,0.021534209265252822,0,0,0,1,1
543460,0.01795281220400683,0,0,0,1,1
668576,0.05991013585839227,0,0,0,1,1
861336,0.03506346336570541,0,0,0,1,1
922351,0.023123404853163908,0,0,0,1,1
515663,0.025014425603267065,0,0,0,1,1
230763,0.027801185491191392,0,0,0,1,1
784356,0.20233749659674605,0,0,0,0,0
129510,0.011825358269485707,0,0,0,1,1
486812,0.20463531076357552,0,0,0,0,0
640082,0.019907526400616122,0,0,0,1,1
968608,0.02886508649681775,0,0,0,1,1
118332,0.029726510135166768,0,0,0,1,1
239892,0.020558009634285106,0,0,0,1,1
413347,0.03592242415645692,0,0,0,1,1
269775,0.07226054059327437,0,0,0,1,1
324506,0.15664519747292707,0,0,0,1,1
383202,0.0294442071704488,0,0,0,1,1
585377,0.023503253856235584,0,0,0,1,1
346384,0.017108655047293503,0,0,0,1,1
183025,0.021986487823576976,0,0,0,1,1
380294,0.029007197564686407,0,0,0,1,1
602361,0.034582472165999974,0,0,0,1,1
573972,0.02123248076536616,0,0,0,1,1
579581,0.023151153882993276,0,0,0,1,1
795554,0.22065106416704344,1,0,1,0,0
367774,0.020548740435109694,0,0,0,1,1
780855,0.9625099266208478,1,0,1,0,1
352337,0.02648626060762215,0,0,0,1,1
123083,0.024287007433024223,0,0,0,1,1
616641,0.2007247314160019,0,0,0,0,0
872315,0.17387451273709756,0,0,0,0,0
204311,0.17267310067510436,0,0,0,0,0
539599,0.21191706998323742,0,0,0,0,0
601597,0.025170641900034714,0,0,0,1,1
656639,0.03523646692867693,0,0,0,1,1
162485,0.03218646495299012,1,1,1,1,1
806283,0.025442340987848755,0,0,0,1,1
298506,0.013253415398210849,0,0,0,1,1
700924,0.12931923271378137,1,1,0,1,1
865737,0.03415555195413121,0,0,0,1,1
141266,0.022573603258156008,0,0,0,1,1
502585,0.02695857794321291,0,0,0,1,1
835785,0.027687645928886,0,0,0,1,1
211984,0.1081861819476849,0,0,0,1,1
195895,0.18517764859338126,0,0,0,0,0
159531,0.038702197879769105,0,0,0,1,1
701012,0.16291063479027712,0,0,0,0,0
539776,0.020479891910665765,0,0,0,1,1
451469,0.029773652665530587,0,0,0,1,1
278345,0.1676219129436931,0,0,0,0,0
106964,0.17267310067510436,0,0,0,0,0
272839,0.0187239594657904,0,0,0,1,1
535320,0.010397858790365092,0,0,0,1,1
807134,0.024160014337872255,0,0,0,1,1
834733,0.030101905911764846,0,0,0,1,1
264723,0.029220133495841953,0,0,0,1,1
543119,0.025026508113070497,0,0,0,1,1
301760,0.028189058354471275,0,0,0,1,1
857159,0.02849657108683903,0,0,0,1,1
371739,0.025725750837357154,0,0,0,1,1
820501,0.027937806773042258,0,0,0,1,1
300454,0.18114515913586735,1,0,1,0,0
614782,0.093063083898443,0,0,0,1,1
289294,0.029258011601329223,0,0,0,1,1
230429,0.009349685325845198,0,0,0,1,1
391542,0.02753448281559629,0,0,0,1,1
125300,0.02092390684051177,0,0,0,1,1
509746,0.027397783758900444,0,0,0,1,1
495773,0.012624180453062371,0,0,0,1,1
545497,0.026660085930888047,0,0,0,1,1
411116,0.047120491483420256,0,0,0,1,1
830777,0.018407048410464224,0,0,0,1,1
692628,0.2127593893498472,0,0,0,0,0
540628,0.030803745944546112,0,0,0,1,1
978676,0.02737991533162864,0,0,0,1,1
628096,0.03440765123546128,0,0,0,1,1
165554,0.12117100318954713,0,0,0,1,1
286225,0.010826510753829979,0,0,0,1,1
442525,0.033685752249027305,0,0,0,1,1
694743,0.028013502776822602,0,0,0,1,1
854855,0.16291063479027712,1,0,1,0,0
809024,0.025789098126607266,0,0,0,1,1
997189,0.02646502910942473,0,0,0,1,1
114983,0.022083125239393857,0,0,0,1,1
553944,0.19837693383415628,1,0,1,0,0
651020,0.04314307365921412,0,0,0,1,1
117932,0.03682852927208061,0,0,0,1,1
919894,0.02211906216148218,0,0,0,1,1
270761,0.03435313794744509,0,0,0,1,1
869116,0.013154947345724746,0,0,0,1,1
238752,0.01552824461381841,0,0,0,1,1
480846,0.0360150884010218,0,0,0,1,1
355839,0.1456009978011221,0,0,0,0,0
101547,0.17926005581893523,0,0,0,0,1
196582,0.02937858883535905,0,0,0,1,1
309364,0.027816913079797,0,0,0,1,1
591174,0.10918796157731844,0,0,0,1,1
772237,0.02046025712026586,0,0,0,1,1
127052,0.20463531076357552,1,0,1,0,0
671359,0.1676219129436931,0,0,0,0,0
465603,0.02933248916550192,0,0,0,1,1
968828,0.1790735835060406,0,0,0,0,0
725294,0.021580016054395967,0,0,0,1,1
379572,0.03446222047283271,0,0,0,1,1
202293,0.024853251300543416,0,0,0,1,1
192013,0.015835344856271513,0,0,0,1,1
766562,0.45991559623256384,1,1,0,1,1
402624,0.15829909702644154,1,0,1,0,0
623478,0.012369958766615242,0,0,0,1,1
405740,0.24476248970491027,1,0,1,0,0
819255,0.20233749659674605,0,0,0,0,0
785114,0.0953763040102913,0,0,0,0,0
337945,0.039238314538023615,0,0,0,1,1
535544,0.03218964341471255,0,0,0,1,1
193775,0.03504783598046151,0,0,0,1,1
326069,0.03333862854381768,0,0,0,1,1
874939,0.03047819469951465,0,0,0,1,1
195150,0.16291063479027712,0,0,0,0,0
951781,0.0273044099246405,0,0,0,1,1
436266,0.09180345030416145,0,0,0,1,1
693791,0.024015736079387014,0,0,0,1,1
611366,0.2545018388805903,0,0,0,1,1
816196,0.030792428465004597,0,0,0,1,1
962801,0.024815090468856254,0,0,0,1,1
117033,0.029321463815107782,0,0,0,1,1
189294,0.1435057942219227,1,1,0,0,0
855998,0.15685598485084917,0,0,0,0,1
742669,0.01854718332635237,0,0,0,1,1
494887,0.0307388089571579,0,0,0,1,1
895651,0.020546438080351625,0,0,0,1,1
857629,0.0103663896338646,0,0,0,1,1
702327,0.024563995545246815,0,0,0,1,1
123830,0.9702167096166224,1,0,1,1,1
441623,0.02272440001336594,0,0,0,1,1
246911,0.20463531076357552,0,0,0,0,0
120799,0.11472249366025607,0,0,0,1,1
771872,0.2127593893498472,0,0,0,0,0
626664,0.02570253908602375,0,0,0,1,1
695342,0.025279092497447062,0,0,0,1,1
696329,0.013008715549199723,0,0,0,1,1
806639,0.02651963758425601,0,0,0,1,1
976596,0.013431378310338195,0,0,0,1,1
428523,0.02045787707455274,0,0,0,1,1
455937,0.029886944169312285,0,0,0,1,1
908301,0.20463531076357552,0,0,0,0,1
931135,0.029485889210497003,0,0,0,1,1
955130,0.1937330146011049,0,0,0,0,0
191638,0.013046384246921613,0,0,0,1,1
704968,0.028944096527104914,0,0,0,1,1
473194,0.15842190967889885,0,0,0,1,1
923333,0.025887960079869075,0,0,0,1,1
371606,0.061502256008600174,0,0,0,1,1
907157,0.04895235996624059,0,0,0,1,1
611689,0.023666015935511386,0,0,0,1,1
830446,0.08357335893693457,0,0,0,1,1
741892,0.11532549996872096,0,0,0,1,1
143087,0.01859574034662023,0,0,0,1,1
251436,0.034893506115839724,0,0,0,1,1
297568,0.037230645537499586,0,0,0,1,1
187025,0.12833862379695707,0,0,0,1,1
167177,0.20463531076357552,0,0,0,0,0
939752,0.04203082022498653,0,0,0,1,1
140483,0.029398183536391904,0,0,0,1,1
445338,0.022398507659664883,0,0,0,1,1
122166,0.025035462937343114,0,0,0,1,1
246581,0.1790735835060406,1,0,1,0,0
892066,0.2530179039988978,0,0,0,0,0
820406,0.023469624240799205,0,0,0,1,1
887228,0.026327543815129716,0,0,0,1,1
906836,0.033992962838557635,0,0,0,1,1
872335,0.02674978118726252,0,0,0,1,1
673399,0.013123924768286636,0,0,0,1,1
844540,0.025220806848215583,0,0,0,1,1
199513,0.019188662112350877,0,0,0,1,1
695965,0.19302260642449337,0,0,0,0,0
223018,0.2042123563778441,0,0,0,0,0
501699,0.11409526207268965,0,0,0,1,1
252472,0.18517764859338126,1,0,1,0,0
264107,0.2127593893498472,0,0,0,0,0
475991,0.03411345429301188,0,0,0,1,1
407340,0.019740751424983386,0,0,0,1,1
547559,0.02963140143222977,0,0,0,1,1
893771,0.03179526000463822,0,0,0,1,1
929009,0.11198860212895427,0,0,0,1,1
646359,0.028711910621827284,0,0,0,1,1
183523,0.0240787748881095,0,0,0,1,1
533509,0.02328439996199555,0,0,0,1,1
517702,0.1511813688002416,0,0,0,0,0
414164,0.13720913644144653,0,0,0,1,1
428565,0.12787656536599476,0,0,0,1,1
448142,0.021711254684980655,0,0,0,1,1
676289,0.030651967677988518,0,0,0,1,1
747339,0.022972752797740185,0,0,0,1,1
853871,0.03256431766197293,0,0,0,1,1
308591,0.0304862232604611,0,0,0,1,1
972157,0.02462336215001886,0,0,0,1,1
482351,0.1919341078047881,1,1,0,0,0
903146,0.022240747867061483,0,0,0,1,1
183626,0.1828345002026452,0,0,0,1,1
184206,0.06132236722638991,0,0,0,1,1
461354,0.16291063479027712,0,0,0,0,0
390546,0.03368377806343838,0,0,0,1,1
256486,0.023704637104498123,0,0,0,1,1
349670,0.021548410156270053,0,0,0,1,1
629995,0.21191706998323742,0,0,0,0,0
203409,0.025072777836188245,0,0,0,1,1
587623,0.022023772862225656,0,0,0,1,1
931097,0.044388618684024515,0,0,0,1,1
955649,0.02372368769619711,0,0,0,1,1
756668,0.02912253302573958,0,0,0,1,1
408863,0.023540009538129122,0,0,0,1,1
833305,0.026247668880373765,0,0,0,1,1
939932,0.03077639985407714,0,0,0,1,1
761114,0.02959003250363443,0,0,0,1,1
973407,0.21191706998323742,0,0,0,0,0
109029,0.20252984576078945,0,0,0,0,0
509514,0.022939824895117013,0,0,0,1,1
193212,0.02848152453924369,0,0,0,1,1
306112,0.9656372523150991,1,0,1,0,1
627970,0.033859958014605424,0,0,0,1,1
911663,0.02087464483031273,0,0,0,1,1
118365,0.010991150080885973,0,0,0,1,1
716812,0.012648922148639271,0,0,0,1,1
839263,0.47211805825013986,1,1,0,1,1
862576,0.024941297025144697,0,0,0,1,1
479593,0.024729894778340745,0,0,0,1,1
521111,0.01196444297950851,0,0,0,1,1
861415,0.027243277551684975,0,0,0,1,1
256755,0.17267310067510436,0,0,0,0,0
727047,0.20463531076357552,0,0,0,0,0
926967,0.18971676546466623,0,0,0,0,0
784962,0.029948815707910272,0,0,0,1,1
997599,0.024173387371681343,0,0,0,1,1
367697,0.021187243482785376,0,0,0,1,1
522935,0.025081248258664313,0,0,0,1,1
982578,0.026408948528769145,0,0,0,1,1
212695,0.17267310067510436,0,0,0,0,0
497648,0.19152814101728952,0,0,0,0,0
890595,0.035358038930580545,0,0,0,1,1
375265,0.19321303509253504,0,0,0,1,1
794752,0.02619466037730527,0,0,0,1,1
950391,0.02641858336423664,0,0,0,1,1
325802,0.021799910398003827,0,0,0,1,1
900801,0.17387451273709756,0,0,0,0,0
881304,0.022037380464282507,0,0,0,1,1
780428,0.026771624476790094,0,0,0,1,1
266861,0.02708333385484756,0,0,0,1,1
137985,0.019851984073820755,0,0,0,1,1
620584,0.020660860678890617,0,0,0,1,1
812152,0.030003659825537442,0,0,0,1,1
736459,0.06694710092767618,0,0,0,1,1
657946,0.2127593893498472,0,0,0,0,0
153586,0.03029533973202456,0,0,0,1,1
683910,0.12696805009349552,1,1,0,1,1
261832,0.019305645958127095,0,0,0,1,1
105214,0.020242493444065625,0,0,0,1,1
561041,0.028048368369250686,0,0,0,1,1
462495,0.027611351371666565,0,0,0,1,1
994219,0.2155467197789668,0,0,0,0,0
729581,0.0317135865406008,0,0,0,1,1
724513,0.1790735835060406,0,0,0,0,0
672391,0.21191706998323742,0,0,0,0,0
465842,0.16902318110777226,0,0,0,0,0
560597,0.2127593893498472,0,0,0,0,0
357199,0.03625629940940212,0,0,0,1,1
852855,0.12119672777773537,0,0,0,1,1
890646,0.10861984635931923,0,0,0,1,1
114242,0.02935164443824542,0,0,0,1,1
472942,0.011090279567812689,0,0,0,1,1
346274,0.02753979583971082,0,0,0,1,1
161780,0.16527112379687955,0,0,0,0,0
215719,0.2155467197789668,0,0,0,0,0
676409,0.035070903106218465,0,0,0,1,1
852995,0.09180345030416145,0,0,0,1,1
799437,0.02742841055868487,0,0,0,1,1
452150,0.5880534474208702,1,0,1,0,1
893375,0.025513573790366315,0,0,0,1,1
480200,0.026602538968779368,0,0,0,1,1
338808,0.23234686973987112,0,0,0,0,1
653337,0.017835397445912643,0,0,0,1,1
908759,0.0365283811281148,0,0,0,1,1
373771,0.16291063479027712,0,0,0,0,0
249795,0.17387451273709756,0,0,0,0,1
558288,0.1790735835060406,1,0,1,0,0
748890,0.03902951464154575,0,0,0,1,1
517267,0.025539465869697905,0,0,0,1,1
454543,0.032109058676002646,0,0,0,1,1
262369,0.03484865409148668,0,0,0,1,1
314328,0.024560599349654856,0,0,0,1,1
555218,0.2155467197789668,0,0,0,0,0
445145,0.020493595364651007,0,0,0,1,1
657116,0.026670412461518193,0,0,0,1,1
236165,0.028864247141944112,0,0,0,1,1
502163,0.027439040636009517,0,0,0,1,1
551833,0.14309558826152027,0,0,0,1,1
995812,0.17267310067510436,0,0,0,0,0
355298,0.01293930718564059,0,0,0,1,1
754292,0.051929573279573336,0,0,0,1,1
447647,0.011817622695499828,0,0,0,1,1
261331,0.02644317933909648,0,0,0,1,1
120594,0.027584554115063536,0,0,0,1,1
315113,0.020112827455334267,0,0,0,1,1
413330,0.03129776307595211,0,0,0,1,1
958518,0.21191706998323742,0,0,0,0,0
688748,0.1603045182071901,1,1,0,1,1
767864,0.17267310067510436,0,0,0,0,0
385190,0.013955918330468851,0,0,0,1,1
916020,0.019548674337579012,0,0,0,1,1
548999,0.010133285931188828,0,0,0,1,1
851255,0.02292462270858038,0,0,0,1,1
468516,0.022373299391998,0,0,0,1,1
427980,0.02324629621672804,0,0,0,1,1
804557,0.08150939568853495,0,0,0,1,1
156870,0.20947266933510925,0,0,0,0,0
222278,0.07236807648317181,0,0,0,1,1
463751,0.04098855824906803,0,0,0,1,1
614221,0.17692297398335144,0,0,0,0,0
766777,0.037539090078724704,0,0,0,1,1
567151,0.14600424592216638,0,0,0,0,1
981395,0.03282459684193606,0,0,0,1,1
572768,0.2095590334390619,0,0,0,0,0
612664,0.032466077120074766,0,0,0,1,1
244844,0.1676219129436931,0,0,0,0,0
604274,0.02300768603084074,0,0,0,1,1
277783,0.023745304528790007,0,0,0,1,1
917192,0.025091003653663842,0,0,0,1,1
602346,0.03282300300705026,0,0,0,1,1
816110,0.010546913284551488,0,0,0,1,1
928291,0.025554294266547553,0,0,0,1,1
656942,0.03547938718280153,0,0,0,1,1
924037,0.02255775642411478,0,0,0,1,1
348143,0.16291063479027712,0,0,0,0,0
142717,0.02913706846509261,0,0,0,1,1
156457,0.025585068220072997,0,0,0,1,1
968450,0.024876342714702886,0,0,0,1,1
700770,0.012804125635908456,0,0,0,1,1
712605,0.024504152040000574,0,0,0,1,1
110476,0.026227558482805568,0,0,0,1,1
315337,0.20233749659674605,0,0,0,0,0
988149,0.09334467455311675,0,0,0,1,1
906178,0.12703266916614206,0,0,0,1,1
633332,0.21191706998323742,0,0,0,0,0
861162,0.02048609919583315,0,0,0,1,1
781110,0.018640776300379493,0,0,0,1,1
150883,0.02883480496962541,0,0,0,1,1
462279,0.18778839605044173,1,1,0,0,0
275386,0.02530076808412574,0,0,0,1,1
302066,0.21191706998323742,0,0,0,0,0
775304,0.2081731857303604,0,0,0,0,0
380627,0.031511594268709024,0,0,0,1,1
922741,0.1676219129436931,0,0,0,0,0
652862,0.035636374032109494,0,0,0,1,1
421930,0.16291063479027712,0,0,0,0,0
852786,0.20646650844652964,0,0,0,0,0
768959,0.1790735835060406,0,0,0,0,0
690637,0.03395022387838705,0,0,0,1,1
136430,0.020624547203708807,0,0,0,1,1
537852,0.024194259202243745,0,0,0,1,1
387568,0.019741330011501725,0,0,0,1,1
932599,0.17387451273709756,0,0,0,0,0
151627,0.04698922741657647,0,0,0,1,1
619596,0.25004843739490934,1,1,0,1,1
290507,0.17267310067510436,0,0,0,0,1
528363,0.08694674650241231,0,0,0,1,1
778030,0.026414892741989365,0,0,0,1,1
723091,0.05517608393665349,0,0,0,1,1
986126,0.9656372523150991,1,0,1,0,1
782100,0.024604958257868383,0,0,0,1,1
534464,0.009669975850745102,0,0,0,1,1
306231,0.020246295743282926,0,0,0,1,1
307296,0.025913678334203334,0,0,0,1,1
426994,0.020742527027458473,0,0,0,1,1
321227,0.035872448553509476,0,0,0,1,1
802645,0.025905736436755644,0,0,0,1,1
203696,0.0259599700061311,0,0,0,1,1
433510,0.025250001044037997,0,0,0,1,1
607292,0.025681052438509232,0,0,0,1,1
996301,0.9360759601432024,1,0,1,1,1
918479,0.010781200051065124,0,0,0,1,1
545179,0.2127593893498472,0,0,0,0,0
135392,0.02640977301307428,0,0,0,1,1
147272,0.02597521277961257,0,0,0,1,1
356708,0.12136523230973348,0,0,0,1,1
830811,0.02884098537081582,0,0,0,1,1
400600,0.16527112379687955,0,0,0,0,0
435557,0.03183122451318563,0,0,0,1,1
271911,0.024356041020864732,0,0,0,1,1
211589,0.03455264915810393,0,0,0,1,1
455023,0.010133285931188828,0,0,0,1,1
157911,0.02159543496509915,0,0,0,1,1
840071,0.02160286055673978,0,0,0,1,1
992194,0.02879701958042988,0,0,0,1,1
944750,0.02416883585683632,0,0,0,1,1
314065,0.02895013731314847,1,1,0,1,1
579093,0.17387451273709756,0,0,0,0,0
298098,0.21191706998323742,0,0,0,0,0
811746,0.20059685567547625,0,0,0,1,0
621876,0.011180851780753396,0,0,0,1,1
508399,0.028877707717311997,0,0,0,1,1
523642,0.025348351745837615,0,0,0,1,1
293222,0.18208599209815665,0,0,0,0,0
115354,0.012794071279950378,0,0,0,1,1
346529,0.03679723789493679,0,0,0,1,1
740814,0.027471007915277852,0,0,0,1,1
968484,0.023182987217952113,0,0,0,1,1
170404,0.030406979637546083,0,0,0,1,1
311008,0.9656372523150991,1,0,1,0,1
470123,0.02119456076072071,0,0,0,1,1
360446,0.02367614395695733,0,0,0,1,1
423409,0.1673614279646067,0,0,0,0,0
697091,0.010408988493250348,0,0,0,1,1
926315,0.17387451273709756,0,0,0,0,0
790346,0.16427257012847687,0,0,0,0,0
230027,0.02506076689613754,0,0,0,1,1
877609,0.027548795245046324,0,0,0,1,1
355669,0.020812014529792765,0,0,0,1,1
319059,0.0328491721980844,0,0,0,1,1
958931,0.03591203648216229,0,0,0,1,1
168123,0.17267310067510436,0,0,0,0,1
148942,0.022547904201329617,0,0,0,1,1
580500,0.1862366609835869,0,0,0,0,0
315527,0.19302260642449337,0,0,0,0,0
554255,0.1676219129436931,0,0,0,0,1
281550,0.11229320125436053,0,0,0,1,1
528173,0.024975413258695144,0,0,0,1,1
652809,0.9656372523150991,1,0,1,0,1
773397,0.020371687810942524,0,0,0,1,1
275118,0.0253746490274957,0,0,0,1,1
522851,0.9644301495800426,1,0,1,0,1
434658,0.026797470611902584,0,0,0,1,1
516984,0.02456871525232753,0,0,0,1,1
231641,0.021308018093738886,0,0,0,1,1
981150,0.021144610731656237,0,0,0,1,1
375056,0.40847900861446285,1,1,0,0,1
756341,0.031558018483685946,0,0,0,1,1
357161,0.025133365106675663,0,0,0,1,1
802470,0.012355648989156915,0,0,0,1,1
925254,0.022774863552276252,0,0,0,1,1
555541,0.03427596101347534,0,0,0,1,1
182459,0.020838655672850544,0,0,0,1,1
103217,0.021569806857135894,0,0,0,1,1
597837,0.021682977577195645,0,0,0,1,1
724626,0.11672734131130048,0,0,0,1,1
957572,0.019608320094755317,0,0,0,1,1
585854,0.022886631497448965,0,0,0,1,1
848998,0.019631352146192414,0,0,0,1,1
822305,0.024670533542855904,0,0,0,1,1
475172,0.08374753095461122,0,0,0,1,1
906316,0.02232544580917243,0,0,0,1,1
518561,0.04431924718581734,0,0,0,1,1
141614,0.02931255921401821,0,0,0,1,1
476327,0.11392944790530188,0,0,0,1,1
411030,0.6002466692592723,0,0,0,0,1
829863,0.1937330146011049,1,0,1,0,0
360805,0.0240787748881095,0,0,0,1,1
659792,0.9644301495800426,1,0,1,0,1
798832,0.021607780591329423,0,0,0,1,1
939961,0.030025399061479614,0,0,0,1,1
501131,0.02674788544894702,0,0,0,1,1
837517,0.11983559288542536,0,0,0,1,1
491987,0.02400274970151342,0,0,0,1,1
664062,0.031743168345222485,0,0,0,1,1
184466,0.019665009451804348,0,0,0,1,1
660119,0.010855035912390537,0,0,0,1,1
361439,0.026354468229052838,0,0,0,1,1
178643,0.08122652907503257,0,0,0,1,1
636012,0.011530001695799949,0,0,0,1,1
724071,0.19302260642449337,0,0,0,0,0
911003,0.1436608421287858,0,0,0,1,1
382149,0.03064490078376765,0,0,0,1,1
383399,0.03284040070408887,1,1,0,1,1
919557,0.027118294956288834,0,0,0,1,1
924794,0.013078045801108957,0,0,0,1,1
814748,0.02608494689230566,1,1,0,1,1
861696,0.01126621558397593,0,0,0,1,1
890543,0.009963113276864721,0,0,0,1,1
611673,0.025072777836188245,0,0,0,1,1
485742,0.010539699271803656,0,0,0,1,1
732304,0.22025018302166055,0,0,0,0,0
340925,0.02723737722543372,0,0,0,1,1
862100,0.019631189388931554,0,0,0,1,1
845227,0.02694984023090036,0,0,0,1,1
135574,0.028489336563785758,0,0,0,1,1
137952,0.02383228076679061,0,0,0,1,1
370066,0.02265849386071432,0,0,0,1,1
154606,0.2127593893498472,0,0,0,0,0
428152,0.1676219129436931,0,0,0,0,0
956843,0.022942575866975904,0,0,0,1,1
180009,0.012216605841937383,0,0,0,1,1
410958,0.24476248970491027,0,0,0,0,0
517190,0.021558901294404093,0,0,0,1,1
793980,0.0238219140282807,0,0,0,1,1
100272,0.02523404578602633,0,0,0,1,1
227274,0.19152814101728952,0,0,0,0,0
609971,0.035781019274636804,0,0,0,1,1
829861,0.024397449897123384,0,0,0,1,1
277370,0.1790735835060406,1,0,1,0,0
503305,0.03559172879825551,0,0,0,1,1
576736,0.22025018302166055,0,0,0,0,0
509345,0.09330796037191498,0,0,0,1,1
575571,0.041613111543218145,0,0,0,1,1
890051,0.02487570335488525,0,0,0,1,1
711795,0.03694222988755246,0,0,0,1,1
686432,0.9649002531640106,1,0,1,0,1
773095,0.2127593893498472,0,0,0,0,0
507567,0.02483098571113633,0,0,0,1,1
251223,0.11727350862832883,0,0,0,1,1
982715,0.02036051241120327,0,0,0,1,1
333799,0.0229706093461861,0,0,0,1,1
159688,0.031088140215919643,0,0,0,1,1
641879,0.11942886246544676,0,0,0,1,1
695686,0.020813849744822095,0,0,0,1,1
441135,0.020112827455334267,0,0,0,1,1
509809,0.20463531076357552,0,0,0,0,0
192898,0.016268319507962,0,0,0,1,1
473636,0.028208404176978088,0,0,0,1,1
637532,0.028030560011163216,0,0,0,1,1
618329,0.02060291558705476,0,0,0,1,1
335365,0.021345128115713367,0,0,0,1,1
445432,0.0217866191921525,0,0,0,1,1
159359,0.17267310067510436,0,0,0,0,0
422349,0.009870417845675586,0,0,0,1,1
607117,0.014868140814830252,0,0,0,1,1
574163,0.027226065810380545,0,0,0,1,1
358513,0.012249264609866516,0,0,0,1,1
877034,0.20225906267124,0,0,0,0,0
447092,0.026890432458018535,0,0,0,1,1
370877,0.025519233185071995,0,0,0,1,1
385593,0.028968465960074342,0,0,0,1,1
744234,0.04479280408569173,0,0,0,1,1
503560,0.0415949571034628,0,0,0,1,1
561481,0.0329732307021422,0,0,0,1,1
245227,0.21191706998323742,0,0,0,0,0
882718,0.02325223275414796,0,0,0,1,1
951116,0.20463531076357552,1,1,0,0,1
112393,0.02233344875235863,0,0,0,1,1
716932,0.044725512042889555,0,0,0,1,1
528712,0.08068334568107999,0,0,0,1,1
648596,0.02083015371687659,0,0,0,1,1
145192,0.9656372523150991,1,0,1,0,1
239955,0.17650602566775067,0,0,0,0,0
115805,0.030127505687723783,0,0,0,1,1
362055,0.02222935441272267,0,0,0,1,1
411897,0.09454464029378706,0,0,0,1,1
626973,0.028672755810110657,0,0,0,1,1
589074,0.2127593893498472,1,1,0,0,0
174803,0.028121507352905455,0,0,0,1,1
560505,0.10371526527429172,0,0,0,1,1
208375,0.17387451273709756,0,0,0,0,0
281118,0.20463531076357552,0,0,0,0,1
289139,0.029991962555674642,0,0,0,1,1
107212,0.018544646921602695,0,0,0,1,1
514145,0.023252767715623783,0,0,0,1,1
172983,0.13499801419277693,0,0,0,1,1
343605,0.029401746782569283,0,0,0,1,1
961682,0.03037581583127789,0,0,0,1,1
645072,0.017763653178384176,0,0,0,1,1
345840,0.16312440362476424,0,0,0,0,0
220802,0.02211315193506994,0,0,0,1,1
543326,0.03870258688466518,0,0,0,1,1
320042,0.13325910173128147,0,0,0,1,1
622610,0.022381179756362193,0,0,0,1,1
808353,0.03454987748268083,0,0,0,1,1
347013,0.19302260642449337,0,0,0,0,0
673492,0.22025018302166055,0,0,0,0,0
787911,0.17387451273709756,1,0,1,0,0
577156,0.032514082956522576,0,0,0,1,1
787763,0.025404495516917418,0,0,0,1,1
511483,0.1676219129436931,0,0,0,0,0
830564,0.024490162630958344,0,0,0,1,1
316644,0.008498243870797105,0,0,0,1,1
506776,0.025025360956885376,0,0,0,1,1
876538,0.027748434312596448,0,0,0,1,1
217051,0.020401349545864783,0,0,0,1,1
832597,0.024389411242368,0,0,0,1,1
804328,0.03041825604342219,0,0,0,1,1
836665,0.021626335667807053,0,0,0,1,1
805013,0.17267310067510436,0,0,0,0,1
740608,0.030514960161534127,0,0,0,1,1
122456,0.019834878300681483,0,0,0,1,1
548390,0.23169659286887265,0,0,0,0,0
857914,0.026825997462923943,0,0,0,1,1
815718,0.014598787101761102,0,0,0,1,1
597237,0.019096335036413028,0,0,0,1,1
192556,0.1790735835060406,0,0,0,0,0
358384,0.02346602786125009,0,0,0,1,1
636177,0.018260022405831005,0,0,0,1,1
445673,0.02320717377480777,0,0,0,1,1
920326,0.16527112379687955,0,0,0,0,0
494062,0.03240851760825405,0,0,0,1,1
392098,0.029815790297648845,0,0,0,1,1
336451,0.20646650844652964,0,0,0,0,0
677976,0.1278666208268393,1,1,0,1,1
240942,0.028189058354471275,0,0,0,1,1
221204,0.023344756211560968,0,0,0,1,1
473204,0.08855837347908177,0,0,0,1,1
326823,0.02528394060839701,0,0,0,1,1
745769,0.0324546720423298,0,0,0,1,1
206890,0.0359549278914461,0,0,0,1,1
604724,0.036975128052297725,0,0,0,1,1
225262,0.01749837086557585,0,0,0,1,1
164013,0.029759076419449294,0,0,0,1,1
392619,0.02647518260186471,0,0,0,1,1
794136,0.025358545685536353,0,0,0,1,1
405735,0.12729963486705506,0,0,0,1,0
941109,0.03338720584082472,0,0,0,1,1
691700,0.4314239194122909,1,1,0,1,1
208668,0.2165177411643863,0,0,0,0,0
636753,0.03253804787776132,0,0,0,1,1
191917,0.021729974206392378,0,0,0,1,1
140208,0.03698843733359772,0,0,0,1,1
179590,0.026181855796844393,0,0,0,1,1
186539,0.13718574535110842,1,1,0,1,1
345099,0.025516386244249477,0,0,0,1,1
767428,0.023779908828291643,0,0,0,1,1
436475,0.031671611483819806,0,0,0,1,1
893549,0.025144006286281804,0,0,0,1,1
751664,0.01371474056986614,0,0,0,1,1
876409,0.025220806848215583,0,0,0,1,1
781480,0.01633713803282466,0,0,0,1,1
251521,0.15010826731803098,0,0,0,0,0
382739,0.22025018302166055,0,0,0,0,0
918756,0.022324527910590693,0,0,0,1,1
442609,0.019588431528449402,0,0,0,1,1
473758,0.023717434785619752,0,0,0,1,1
572066,0.24476248970491027,0,0,0,0,0
689000,0.034087736484704534,0,0,0,1,1
379041,0.2081731857303604,0,0,0,0,0
990728,0.21191706998323742,0,0,0,0,0
698443,0.03035853223771698,0,0,0,1,1
839132,0.22025018302166055,0,0,0,0,0
724989,0.026784039344657624,0,0,0,1,1
509474,0.16291063479027712,1,1,0,0,0
679075,0.021815755093689895,0,0,0,1,1
489335,0.026049953517412953,0,0,0,1,1
354295,0.022691221187784726,0,0,0,1,1
805574,0.02323966242235814,0,0,0,1,1
384412,0.16527112379687955,1,1,0,0,0
126239,0.02810473895878035,0,0,0,1,1
833317,0.035156437596690855,0,0,0,1,1
313673,0.17267310067510436,0,0,0,0,0
499518,0.023808977974549617,0,0,0,1,1
466998,0.024661880251411226,0,0,0,1,1
753452,0.035626970345023906,0,0,0,1,1
652047,0.03264510420329867,0,0,0,1,1
305807,0.017930013545069158,0,0,0,1,1
152499,0.09591675117942032,1,1,0,1,1
319671,0.19302260642449337,0,0,0,0,0
769346,0.07950845931878683,0,0,0,1,1
150751,0.19022626313867796,0,0,0,0,0
548228,0.03860297422035407,0,0,0,1,1
959027,0.16980865733937597,1,0,1,0,0
238649,0.02196583585028273,0,0,0,1,1
196905,0.029421697035118648,0,0,0,1,1
114700,0.20233749659674605,0,0,0,0,1
107385,0.09244951151686677,0,0,0,1,1
228820,0.09961053902865459,0,0,0,1,1
342407,0.02083015371687659,0,0,0,1,1
924878,0.16902318110777226,0,0,0,0,0
775158,0.15639762908397728,0,0,0,0,0
603653,0.16527112379687955,0,0,0,0,0
815584,0.23965115641315213,0,0,0,0,0
783789,0.024647343131232773,0,0,0,1,1
320784,0.02423846501689954,0,0,0,1,1
485787,0.02280291341060732,0,0,0,1,1
608517,0.02083015371687659,0,0,0,1,1
664856,0.026803105668122988,0,0,0,1,1
819664,0.028628331698432024,0,0,0,1,1
698546,0.02787024742482252,0,0,0,1,1
287942,0.029296782895214,0,0,0,1,1
963644,0.1363161830041874,0,0,0,0,1
199358,0.17267310067510436,0,0,0,0,0
253046,0.027783336859407908,0,0,0,1,1
402052,0.022443006233585826,0,0,0,1,1
833891,0.027550892685187664,0,0,0,1,1
192554,0.01403418734906797,0,0,0,1,1
242719,0.21191706998323742,1,0,1,0,0
278568,0.18351626995452375,0,0,0,0,0
252082,0.022620535465681223,1,1,0,1,1
712590,0.28571439816033417,0,0,0,0,0
737519,0.028692967610808764,0,0,0,1,1
412487,0.028623434606241057,0,0,0,1,1
565171,0.027119264748915864,0,0,0,1,1
418470,0.08215783049341246,0,0,0,1,1
551429,0.0240787748881095,0,0,0,1,1
172059,0.030553341513058226,0,0,0,1,1
268643,0.20463531076357552,0,0,0,0,0
179053,0.22025018302166055,0,0,0,0,0
620094,0.026405011831958328,0,0,0,1,1
175191,0.17267310067510436,1,0,1,0,0
849705,0.022966046128977263,0,0,0,1,1
695624,0.02159996856103128,0,0,0,1,1
908374,0.02783854675508724,0,0,0,1,1
978349,0.02493398853956182,0,0,0,1,1
924031,0.18351626995452375,0,0,0,0,0
213432,0.028010994672106104,0,0,0,1,1
248952,0.01990044222442398,0,0,0,1,1
296579,0.09615118985628623,0,0,0,1,1
715947,0.011152637531396524,0,0,0,1,1
146839,0.027287085824042344,0,0,0,1,1
186754,0.028311588516873352,0,0,0,1,1
984409,0.03118217885154317,0,0,0,1,1
631051,0.028060684872766892,0,0,0,1,1
336357,0.22025018302166055,0,0,0,0,0
539704,0.025301817768924182,0,0,0,1,1
852863,0.021198153623088092,0,0,0,1,1
246722,0.17027433679906245,0,0,0,1,1
654249,0.1676219129436931,0,0,0,0,0
689818,0.021770904971997025,0,0,0,1,1
791280,0.027453123965140904,0,0,0,1,1
211755,0.8740258502988347,0,0,0,1,0
318180,0.024078621635133652,0,0,0,1,1
602150,0.028568965163029925,0,0,0,1,1
196514,0.020257439753864515,0,0,0,1,1
212762,0.01681995136527006,0,0,0,1,1
896075,0.02258380622480706,0,0,0,1,1
107141,0.026295493456223437,0,0,0,1,1
124207,0.24476248970491027,0,0,0,0,0
340638,0.16291063479027712,0,0,0,0,0
985765,0.029648166950861924,1,1,0,1,1
605849,0.03765088719716727,0,0,0,1,1
514395,0.019357263165047742,0,0,0,1,1
595235,0.021335816732528642,0,0,0,1,1
250854,0.024415397828876494,0,0,0,1,1
773739,0.16527112379687955,0,0,0,0,0
517262,0.15065889135412724,0,0,0,0,0
587800,0.02538082440075978,0,0,0,1,1
735790,0.03924076325278409,0,0,0,1,1
861700,0.1746107144411485,0,0,0,1,1
197063,0.17267310067510436,1,0,1,0,0
927446,0.11828727227139557,0,0,0,1,1
100585,0.023463425678114005,0,0,0,1,1
540011,0.023109260972229033,0,0,0,1,1
854243,0.011404217382352741,0,0,0,1,1
560528,0.034406949560528755,0,0,0,1,1
586401,0.07984512230793844,0,0,0,1,1
857161,0.03179514595835438,0,0,0,1,1
777531,0.010543774965303924,0,0,0,1,1
841636,0.023526928174887853,1,1,0,1,1
229166,0.026865486642024185,0,0,0,1,1
319868,0.028678710533746828,0,0,0,1,1
545010,0.21191706998323742,0,0,0,0,0
394321,0.047830838007662316,0,0,0,1,1
686783,0.025254166200175874,0,0,0,1,1
777108,0.03732063897164773,0,0,0,1,1
106038,0.04013328972289063,0,0,0,1,1
355707,0.20947266933510925,0,0,0,0,1
580493,0.14340589340235124,0,0,0,0,1
519873,0.22025018302166055,1,1,0,0,0
739513,0.22025018302166055,0,0,0,0,0
501109,0.03175343120438155,0,0,0,1,1
517295,0.028270824807952556,0,0,0,1,1
212579,0.17267310067510436,0,0,0,0,0
711823,0.019917037518431543,0,0,0,1,1
759093,0.030734325248623334,0,0,0,1,1
438641,0.02898140751913426,0,0,0,1,1
687820,0.011741337171565995,0,0,0,1,1
320996,0.20252984576078945,0,0,0,0,1
734224,0.18301715455127118,0,0,0,0,0
188655,0.03671241542893595,0,0,0,1,1
202329,0.1862366609835869,0,0,0,0,0
819498,0.17267310067510436,0,0,0,0,0
568769,0.026979146645381598,0,0,0,1,1
873579,0.02534792892918211,0,0,0,1,1
660047,0.10356508836051813,0,0,0,1,1
243741,0.03857742403769238,0,0,0,1,1
492367,0.12169662519620747,0,0,0,1,1
315482,0.020024927136091063,0,0,0,1,1
121183,0.02242385389856081,0,0,0,1,1
409512,0.027813234212443284,0,0,0,1,1
464606,0.0284914871806368,0,0,0,1,1
619916,0.02083015371687659,0,0,0,1,1
435777,0.17387451273709756,1,0,1,0,0
862159,0.026965106844195997,0,0,0,1,1
646519,0.027101304183652426,0,0,0,1,1
146090,0.20827979987367803,0,0,0,0,0
846864,0.03324793180187215,0,0,0,1,1
254097,0.1919341078047881,1,1,0,0,0
765428,0.011329032239608919,0,0,0,1,1
229842,0.014257697132060453,0,0,0,1,1
106637,0.022254323498523923,0,0,0,1,1
349278,0.17696767933540095,0,0,0,1,1
991084,0.023129063631386726,0,0,0,1,1
277788,0.01148200819178773,0,0,0,1,1
330741,0.02236793616268465,0,0,0,1,1
341725,0.02655899544953394,0,0,0,1,1
390343,0.027383436724516957,0,0,0,1,1
673192,0.02258150433829689,0,0,0,1,1
954973,0.032523586312423414,0,0,0,1,1
381901,0.010954453149165697,0,0,0,1,1
866606,0.03047423968261578,0,0,0,1,1
835508,0.028623434606241057,0,0,0,1,1
723476,0.027486163399033092,0,0,0,1,1
725004,0.15926825997630956,0,0,0,0,0
897293,0.017624444394998804,0,0,0,1,1
472787,0.014822526305737922,0,0,0,1,1
127496,0.1790735835060406,0,0,0,0,0
317260,0.17473126368202058,0,0,0,1,1
249639,0.17267310067510436,0,0,0,0,0
483631,0.042082704103036356,1,1,0,1,1
355099,0.16924334908255195,0,0,0,0,0
445073,0.012695691354405432,0,0,0,1,1
216719,0.025671789725603328,0,0,0,1,1
488009,0.08426213800467322,0,0,0,1,1
992538,0.03462280132957348,0,0,0,1,1
467382,0.02194960296243033,0,0,0,1,1
425411,0.025738511815012462,0,0,0,1,1
536124,0.1616457501818821,0,0,0,0,1
420627,0.03450626636839951,0,0,0,1,1
102311,0.051494170014721945,0,0,0,1,1
405500,0.02590369894818011,0,0,0,1,1
668213,0.17387451273709756,0,0,0,0,1
294728,0.025160730663779617,0,0,0,1,1
831035,0.029411220007896068,0,0,0,1,1
887892,0.012222705664923651,0,0,0,1,1
918048,0.025817342149037907,0,0,0,1,1
468945,0.0332512253336542,0,0,0,1,1
692685,0.019032020457133664,0,0,0,1,1
102788,0.19302260642449337,0,0,0,0,0
566737,0.029331244968315313,0,0,0,1,1
733889,0.029299402869348568,0,0,0,1,1
679414,0.21191706998323742,0,0,0,0,0
431533,0.027699918888040236,0,0,0,1,1
590485,0.0173820586546712,0,0,0,1,1
816983,0.02832412610350044,0,0,0,1,1
379752,0.026298211993899766,0,0,0,1,1
723298,0.01755333052156471,0,0,0,1,1
635907,0.16427257012847687,0,0,0,0,0
132045,0.11110434205303911,0,0,0,1,1
393806,0.013523649773638546,0,0,0,1,1
473409,0.022713739939912936,0,0,0,1,1
369361,0.05784544479452974,0,0,0,1,1
672430,0.02341143899610134,0,0,0,1,1
669890,0.026408948528769145,0,0,0,1,1
579847,0.02512589641154607,0,0,0,1,1
889525,0.21191706998323742,0,0,0,0,0
103340,0.028105645238220355,0,0,0,1,1
779291,0.029663289517594088,0,0,0,1,1
225891,0.02933248916550192,0,0,0,1,1
360902,0.031060061510297613,0,0,0,1,1
573475,0.18431017955260098,0,0,0,1,0
657777,0.9656372523150991,1,0,1,0,1
528260,0.17267310067510436,0,0,0,0,0
544752,0.029111150537964814,0,0,0,1,1
619840,0.02389790633339076,0,0,0,1,1
972787,0.2042123563778441,1,1,0,0,1
756867,0.020277679196416595,0,0,0,1,1
509044,0.03354468000921512,0,0,0,1,1
674281,0.023339848322529756,0,0,0,1,1
358255,0.9644301495800426,1,0,1,0,1
795908,0.24476248970491027,0,0,0,0,0
766969,0.029853573212324378,0,0,0,1,1
975218,0.19549063116219806,0,0,0,0,0
177583,0.23169659286887265,0,0,0,0,0
526374,0.024029541130522736,0,0,0,1,1
545883,0.013237421409056592,0,0,0,1,1
528055,0.019687453141620685,0,0,0,1,1
683126,0.025789663358214518,0,0,0,1,1
969924,0.02605399580383447,0,0,0,1,1
296088,0.6368817408832461,1,0,1,0,1
848736,0.03314201543964778,0,0,0,1,1
281585,0.023423239654228274,0,0,0,1,1
991419,0.05734901452386117,0,0,0,1,1
217761,0.03213718701092782,1,1,1,1,1
732488,0.026140925868504833,0,0,0,1,1
799157,0.028160955566340722,0,0,0,1,1
648653,0.12341154202832602,0,0,0,1,1
837733,0.1779507244980139,0,0,0,1,1
326961,0.018205724677730815,0,0,0,1,1
472540,0.02352363988974369,0,0,0,1,1
411298,0.021947778873048846,0,0,0,1,1
823761,0.011571899170600678,0,0,0,1,1
674497,0.026829657570825283,0,0,0,1,1
645653,0.029093466324366896,0,0,0,1,1
663918,0.027733094446671987,0,0,0,1,1
868744,0.025772917344346873,0,0,0,1,1
277281,0.02481723481566965,0,0,0,1,1
127127,0.024196686572880634,0,0,0,1,1
561640,0.02308591376301602,0,0,0,1,1
969277,0.02797976337282634,0,0,0,1,1
896853,0.20463531076357552,0,0,0,0,0
557640,0.03271789130268857,0,0,0,1,1
511922,0.11467758232629324,0,0,0,1,1
129409,0.16902318110777226,0,0,0,0,0
858125,0.2127593893498472,1,0,1,0,0
798029,0.2127593893498472,0,0,0,0,0
131001,0.03027556765866036,0,0,0,1,1
209831,0.019684484763744316,0,0,0,1,1
313815,0.03363019293219554,0,0,0,1,1
991442,0.40341454875098387,1,1,0,1,1
853621,0.1676219129436931,0,0,0,0,0
173548,0.01824991240514402,0,0,0,1,1
937430,0.03114109988584667,0,0,0,1,1
767089,0.02608891368155788,0,0,0,1,1
846950,0.13108135239478466,0,0,0,1,1
910142,0.018151566482834957,0,0,0,1,1
824486,0.056214805211091894,0,0,0,1,1
485258,0.11273109425842685,1,1,0,1,1
525765,0.017505464014982222,0,0,0,1,1
924217,0.21191706998323742,0,0,0,0,0
969626,0.023844832044872106,0,0,0,1,1
564959,0.021379974560009847,0,0,0,1,1
722154,0.1790735835060406,1,0,1,0,0
736109,0.026194314481510616,0,0,0,1,1
994225,0.024485960552300127,0,0,0,1,1
498923,0.03450550179543447,0,0,0,1,1
569880,0.008644910559287905,0,0,0,1,1
341185,0.033597079503103484,0,0,0,1,1
858106,0.025946872228898698,0,0,0,1,1
900133,0.09103462400436665,0,0,0,1,1
635805,0.16307722218313594,0,0,0,1,0
717308,0.027811724260372584,0,0,0,1,1
625524,0.028488840631599097,0,0,0,1,1
723347,0.027721377165848687,0,0,0,1,1
433116,0.9290802542328235,1,0,1,0,1
547542,0.031016012079354636,0,0,0,1,1
685533,0.03135930979468941,0,0,0,1,1
988728,0.19302260642449337,1,1,0,0,0
818114,0.021651774390981114,0,0,0,1,1
505962,0.040114658502030213,0,0,0,1,1
857538,0.029805216577166428,0,0,0,1,1
786624,0.03088370408096144,0,0,0,1,1
183692,0.16902318110777226,1,1,0,0,0
462128,0.03971256229552922,0,0,0,1,1
976004,0.1790735835060406,0,0,0,0,0
633339,0.1790735835060406,1,0,1,0,0
732081,0.03534628786176504,0,0,0,1,1
908519,0.010211111504646965,0,0,0,1,1
930893,0.030652817084262856,0,0,0,1,1
693625,0.04282459273545892,0,0,0,1,1
315014,0.16902318110777226,0,0,0,0,0
196845,0.022223192715120133,0,0,0,1,1
284442,0.24476248970491027,0,0,0,0,0
234256,0.025651193448728547,0,0,0,1,1
182490,0.021763501149108203,0,0,0,1,1
985341,0.02672677516797314,0,0,0,1,1
928438,0.22281501033613754,0,0,0,0,0
193037,0.22833911649148908,0,0,0,0,0
277145,0.025837122518179687,1,1,0,1,1
550769,0.0982742490237386,0,0,0,1,1
804770,0.22281501033613754,0,0,0,0,0
696431,0.023463507254635987,0,0,0,1,1
998507,0.12117100318954713,0,0,0,1,1
283822,0.028803806705136034,0,0,0,1,1
221345,0.046796650696238375,0,0,0,1,1
530119,0.07158957497174011,0,0,0,1,1
106946,0.019332141542015735,0,0,0,1,1
493800,0.023937169804858938,0,0,0,1,1
754163,0.215261067196287,1,0,1,0,0
352377,0.025274881922371182,1,1,0,1,1
680839,0.025396068923005003,0,0,0,1,1
694158,0.023399462865835056,0,0,0,1,1
310681,0.1937330146011049,0,0,0,0,0
439574,0.0332038905991445,0,0,0,1,1
610096,0.030131917147377365,0,0,0,1,1
656572,0.029208665576854562,0,0,0,1,1
971488,0.028734170936120164,0,0,0,1,1
973609,0.20233749659674605,0,0,0,0,0
158995,0.2007247314160019,0,0,0,0,0
442252,0.025299821417137217,0,0,0,1,1
365156,0.17267310067510436,0,0,0,0,0
757704,0.17387451273709756,1,0,1,0,0
142800,0.1790735835060406,1,0,1,0,0
793892,0.22281501033613754,0,0,0,0,0
694497,0.019440593264686046,0,0,0,1,1
644769,0.025287677395731022,0,0,0,1,1
751351,0.024818710008028072,0,0,0,1,1
699243,0.026431625147023182,0,0,0,1,1
543449,0.1790735835060406,0,0,0,0,0
756833,0.025868066242744136,0,0,0,1,1
180140,0.026173775713277458,0,0,0,1,1
108440,0.02063190333048741,0,0,0,1,1
322294,0.1790735835060406,0,0,0,0,0
347227,0.16494899010239208,0,0,0,0,0
702478,0.02083015371687659,0,0,0,1,1
974617,0.10847139031704478,0,0,0,1,1
909242,0.020926626849395575,0,0,0,1,1
847609,0.03235232983403027,0,0,0,1,1
200764,0.20233749659674605,0,0,0,0,0
386936,0.24476248970491027,0,0,0,0,0
313461,0.03274882045260003,0,0,0,1,1
108528,0.022184958711634267,0,0,0,1,1
671933,0.027443882886357407,0,0,0,1,1
772438,0.01190912943452431,0,0,0,1,1
263812,0.03258864864478553,0,0,0,1,1
593684,0.022101772119271345,0,0,0,1,1
361827,0.01949762854551654,0,0,0,1,1
641327,0.02045787707455274,0,0,0,1,1
996794,0.025048544080272815,0,0,0,1,1
209850,0.16563049693893564,0,0,0,0,0
334143,0.021395835884340905,0,0,0,1,1
839694,0.03266683392104009,0,0,0,1,1
910809,0.21191706998323742,0,0,0,0,0
249723,0.023996082261302565,0,0,0,1,1
918021,0.013184530519588084,0,0,0,1,1
473259,0.16624171214853797,0,0,0,0,1
138981,0.03648355333961575,0,0,0,1,1
525202,0.1604022925115341,0,0,0,0,0
178077,0.030131917147377365,0,0,0,1,1
377489,0.02471145660073091,1,1,0,1,1
515386,0.026140925868504833,0,0,0,1,1
559723,0.03375988295068944,0,0,0,1,1
676203,0.02486872729547844,0,0,0,1,1
996616,0.018668502932929636,0,0,0,1,1
895085,0.028723335589118656,0,0,0,1,1
347142,0.021266234773085663,0,0,0,1,1
142354,0.020246295743282926,0,0,0,1,1
345682,0.021224290697730564,0,0,0,1,1
618601,0.027934051133506832,0,0,0,1,1
252110,0.5700054305841196,1,1,1,1,1
906884,0.2081731857303604,1,0,1,0,0
409454,0.020246295743282926,0,0,0,1,1
161103,0.02832412610350044,0,0,0,1,1
171047,0.028647845357957374,0,0,0,1,1
244132,0.020736978543392674,0,0,0,1,1
855981,0.24031677539735255,0,0,0,0,0
446991,0.03305695167455561,0,0,0,1,1
596544,0.22281501033613754,0,0,0,0,0
574674,0.02407052559344816,0,0,0,1,1
140891,0.03122213500314647,0,0,0,1,1
571670,0.27685862655457016,0,0,0,1,0
863599,0.028660226091790225,0,0,0,1,1
512599,0.04591137213977991,0,0,0,1,1
943804,0.215261067196287,0,0,0,0,0
530621,0.2095590334390619,0,0,0,0,0
737756,0.02933248916550192,0,0,0,1,1
185835,0.021020415717501104,0,0,0,1,1
113220,0.010898549934667155,0,0,0,1,1
653441,0.028038317791532034,0,0,0,1,1
860980,0.0244503512910591,0,0,0,1,1
366744,0.00910302763760496,0,0,0,1,1
748198,0.023915385336190313,0,0,0,1,1
865727,0.215261067196287,0,0,0,0,0
551809,0.010895353878740384,0,0,0,1,1
789206,0.022853310618573125,0,0,0,1,1
128041,0.032250989432751606,0,0,0,1,1
253528,0.11297026629393056,0,0,0,1,1
339927,0.028724270550289546,0,0,0,1,1
434470,0.02407109978685085,0,0,0,1,1
440671,0.9656372523150991,1,0,1,0,1
741421,0.02083015371687659,0,0,0,1,1
863108,0.01999568817602756,0,0,0,1,1
580201,0.09835044832268565,0,0,0,1,1
909727,0.1612698215420699,0,0,0,0,0
966391,0.07205196813576666,0,0,0,1,1
250363,0.17112238262404106,1,1,0,0,0
600884,0.05894912543461518,0,0,0,1,1
848250,0.020154506240826115,0,0,0,1,1
858626,0.013034533385323833,0,0,0,1,1
148749,0.18850115163670134,0,0,0,0,0
475249,0.17267310067510436,1,0,1,0,0
681722,0.028097658694888988,0,0,0,1,1
745668,0.014007442536586645,0,0,0,1,1
393206,0.03580920031887563,0,0,0,1,1
467143,0.023055182565797853,0,0,0,1,1
277139,0.029232578111386808,0,0,0,1,1
842210,0.02787024742482252,0,0,0,1,1
299412,0.027766538707018555,0,0,0,1,1
168026,0.011935967392063096,0,0,0,1,1
626217,0.9656372523150991,1,0,1,0,1
604645,0.09676043600699918,0,0,0,1,1
204686,0.013036342674833409,0,0,0,1,1
770568,0.18850115163670134,0,0,0,0,0
756928,0.028030560011163216,0,0,0,1,1
884433,0.010438219066482818,0,0,0,1,1
901442,0.025971192678051386,0,0,0,1,1
871740,0.1790735835060406,0,0,0,0,0
484765,0.1676219129436931,0,0,0,0,0
585277,0.033597079503103484,1,1,0,1,1
285074,0.17387451273709756,1,0,1,0,0
503938,0.010720919024939664,0,0,0,1,1
982096,0.03899764657891721,0,0,0,1,1
813652,0.02631094522752143,0,0,0,1,1
939741,0.03811367437980897,0,0,0,1,1
650704,0.033402138296866946,0,0,0,1,1
379962,0.02624824602697137,0,0,0,1,1
534510,0.14998698232870322,1,1,0,1,1
649855,0.02608891368155788,0,0,0,1,1
214354,0.022065501667132337,0,0,0,1,1
255951,0.02258150433829689,0,0,0,1,1
875707,0.09617913677627549,0,0,0,1,1
635509,0.1790735835060406,0,0,0,0,1
516791,0.15211238085792628,0,0,0,1,0
725510,0.07218950829832152,0,0,0,1,1
189139,0.009533549687398989,0,0,0,1,1
109203,0.027646747817986504,0,0,0,1,1
161766,0.026519482022086854,0,0,0,1,1
798662,0.02185258340569357,0,0,0,1,1
964206,0.1790735835060406,0,0,0,0,0
516544,0.022202873277161573,0,0,0,1,1
513820,0.02136856083000695,0,0,0,1,1
429921,0.03690681480371332,0,0,0,1,1
626746,0.13705081993666063,0,0,0,1,1
739284,0.022221487038469264,0,0,0,1,1
674375,0.17387451273709756,0,0,0,0,0
457374,0.21191706998323742,0,0,0,0,0
362134,0.21379591358914635,0,0,0,0,0
836964,0.025160730663779617,0,0,0,1,1
952093,0.021432720847282004,0,0,0,1,1
890404,0.20463531076357552,1,1,0,0,1
897772,0.007648321610494016,0,0,0,1,1
296567,0.18850115163670134,0,0,0,0,0
314258,0.025475131476792555,0,0,0,1,1
566767,0.028803963399207155,0,0,0,1,1
596787,0.026605929958959575,0,0,0,1,1
465412,0.029074757040086104,0,0,0,1,1
399678,0.02332396164848294,0,0,0,1,1
701036,0.03006375464244245,0,0,0,1,1
647672,0.029994564153135325,0,0,0,1,1
772019,0.03907157105717634,0,0,0,1,1
160320,0.01922361223369751,0,0,0,1,1
987978,0.20463531076357552,0,0,0,0,1
193747,0.03169541313785397,0,0,0,1,1
883505,0.039641214784062274,1,1,0,1,1
336025,0.02793869304163953,0,0,0,1,1
545659,0.023502946360965643,0,0,0,1,1
529390,0.026500273771081793,0,0,0,1,1
617263,0.01210958495863903,0,0,0,1,1
729394,0.023955034183144316,0,0,0,1,1
596171,0.17267310067510436,0,0,0,0,0
777931,0.03101192896077052,0,0,0,1,1
434081,0.02083015371687659,0,0,0,1,1
408651,0.02651963758425601,0,0,0,1,1
534452,0.029125841332401765,0,0,0,1,1
443896,0.02807755926702872,0,0,0,1,1
257985,0.0768283390991123,0,0,0,1,1
108462,0.04075678900137668,0,0,0,1,1
492158,0.024473119010199138,0,0,0,1,1
809218,0.020792285094809942,0,0,0,1,1
244308,0.030588285349005376,0,0,0,1,1
554453,0.01679187699854139,0,0,0,1,1
299210,0.026108780704716967,0,0,0,1,1
241849,0.13042584817306774,0,0,0,1,1
164363,0.009658057673985096,0,0,0,1,1
780389,0.17387451273709756,1,0,1,0,0
922206,0.10896422748048942,0,0,0,1,1
651835,0.027884751634805735,0,0,0,1,1
668959,0.028001977372863435,0,0,0,1,1
371672,0.011167142983852128,0,0,0,1,1
537722,0.020695082601767088,0,0,0,1,1
732606,0.018024246980012208,0,0,0,1,1
840741,0.029583216439877356,0,0,0,1,1
868037,0.009604445715625999,0,0,0,1,1
680945,0.16494899010239208,1,1,0,0,0
283133,0.028417091031702976,0,0,0,1,1
341897,0.17267310067510436,0,0,0,0,0
823986,0.08179425587487171,0,0,0,1,1
606563,0.022980072116312585,1,1,0,1,1
619693,0.03080075913618346,0,0,0,1,1
467013,0.9656372523150991,1,0,1,0,1
547649,0.03138420169487085,0,0,0,1,1
939474,0.215261067196287,1,0,1,0,0
313982,0.01936348167944656,0,0,0,1,1
793838,0.022329252968590643,0,0,0,1,1
855883,0.022508503551091914,0,0,0,1,1
154172,0.1310960986375819,0,0,0,1,0
425720,0.024780384118955712,0,0,0,1,1
973104,0.2095590334390619,0,0,0,0,0
421822,0.17387451273709756,0,0,0,0,0
863035,0.032807282940424475,0,0,0,1,1
550834,0.1790735835060406,1,0,1,0,0
638264,0.21379591358914635,0,0,0,0,0
249841,0.02319703291389624,0,0,0,1,1
684133,0.03387744187186467,0,0,0,1,1
563188,0.01949762854551654,0,0,0,1,1
578167,0.029316657185597412,0,0,0,1,1
649972,0.022229223847439646,1,1,0,1,1
588095,0.014651704154050784,0,0,0,1,1
916851,0.02563883228726533,0,0,0,1,1
946001,0.10158692278080565,0,0,0,1,1
578020,0.0732729369753786,0,0,0,1,1
581419,0.1790735835060406,1,0,1,0,0
631839,0.023622401661493295,0,0,0,1,1
170710,0.02866428107961696,0,0,0,1,1
734226,0.03144160708292603,1,0,1,1,1
241495,0.08239239531534347,0,0,0,1,1
829663,0.10342747630471535,0,0,0,1,1
443231,0.02754490436569371,0,0,0,1,1
382748,0.12345869604376256,0,0,0,1,1
291336,0.0200699355324999,0,0,0,1,1
481293,0.021164835723198216,0,0,0,1,1
377050,0.012719238224883524,0,0,0,1,1
481048,0.019687453141620685,0,0,0,1,1
183305,0.023153501779271977,0,0,0,1,1
675104,0.025990596474160795,0,0,0,1,1
814703,0.01920976538186367,0,0,0,1,1
221643,0.025220806848215583,0,0,0,1,1
547802,0.011073362821590405,0,0,0,1,1
733603,0.019431988630814696,0,0,0,1,1
708258,0.11777473106236659,0,0,0,1,1
212862,0.02613096850880611,0,0,0,1,1
643480,0.02796427972946995,0,0,0,1,1
234562,0.03046781060526598,0,0,0,1,1
659536,0.024233844563493347,0,0,0,1,1
683920,0.022660069509571577,0,0,0,1,1
138768,0.020493328591922533,0,0,0,1,1
879185,0.025608301265413295,0,0,0,1,1
865803,0.0641629424321503,0,0,0,1,1
173531,0.06619946785477009,0,0,0,1,1
994877,0.06248312979740131,0,0,0,1,1
635715,0.041799154747306354,0,0,0,1,1
885480,0.023489292149784166,0,0,0,1,1
786710,0.02797274560363802,0,0,0,1,1
500782,0.019843679127662713,0,0,0,1,1
425472,0.01014129641191537,0,0,0,1,1
445675,0.027039184934444332,0,0,0,1,1
101644,0.24476248970491027,0,0,0,0,0
115529,0.0261137412036329,0,0,0,1,1
358375,0.9656372523150991,1,0,1,0,1
771932,0.46409234970186725,1,1,1,1,1
820164,0.025643670878308183,0,0,0,1,1
869284,0.01767406736057417,0,0,0,1,1
362165,0.024241587223433326,0,0,0,1,1
548202,0.21191706998323742,1,0,1,0,0
898162,0.020429185358539232,0,0,0,1,1
509928,0.011128886266434393,0,0,0,1,1
821419,0.21191706998323742,0,0,0,0,0
869971,0.020444447963238847,0,0,0,1,1
117342,0.04294359478694677,0,0,0,1,1
634418,0.037154508629700524,0,0,0,1,1
141742,0.04679307378193025,0,0,0,1,1
256574,0.02481067269875903,0,0,0,1,1
557597,0.2095590334390619,0,0,0,0,0
884040,0.02729978137289893,0,0,0,1,1
687170,0.03668120677246168,0,0,0,1,1
153600,0.02610185824482406,0,0,0,1,1
271929,0.025672415523103214,0,0,0,1,1
761459,0.032176607593512846,0,0,0,1,1
185153,0.030730465693892404,0,0,0,1,1
879542,0.018787018657910347,0,0,0,1,1
534764,0.6320870532838225,0,0,0,0,0
574899,0.02596231436011327,0,0,0,1,1
212484,0.2007247314160019,0,0,0,0,1
969632,0.014240916487306575,0,0,0,1,1
952938,0.041090693052589916,0,0,0,1,1
316970,0.1790735835060406,0,0,0,0,0
200863,0.02087464483031273,0,0,0,1,1
308197,0.02740935500585884,0,0,0,1,1
355994,0.031044545787156454,0,0,0,1,1
416105,0.16312440362476424,0,0,0,0,0
872774,0.025766602943671345,0,0,0,1,1
540291,0.17387451273709756,1,0,1,0,0
386649,0.020160751636003907,0,0,0,1,1
952582,0.1612698215420699,0,0,0,0,0
484225,0.16074529780380495,0,0,0,0,0
520428,0.022106104987309805,0,0,0,1,1
297520,0.028074793828442506,0,0,0,1,1
410963,0.027742010055226304,0,0,0,1,1
382980,0.024141890551640365,0,0,0,1,1
791809,0.02080523888555048,0,0,0,1,1
598059,0.0179318964732183,0,0,0,1,1
335421,0.01392979673455957,0,0,0,1,1
710255,0.02110923636207496,0,0,0,1,1
280895,0.011832312928498826,0,0,0,1,1
959453,0.24031677539735255,0,0,0,0,0
565040,0.012804125635908456,0,0,0,1,1
781354,0.21306360070023084,0,0,0,1,1
838657,0.027178152362041248,0,0,0,1,1
576576,0.026662421632004323,0,0,0,1,1
825254,0.096883089961928,0,0,0,1,1
579034,0.027601588430472536,0,0,0,1,1
140977,0.04627382182969601,0,0,0,1,1
710069,0.014899375240580983,0,0,0,1,1
745938,0.9644301495800426,1,0,1,0,1
772181,0.03476824098294617,0,0,0,1,1
838008,0.13587320357754953,0,0,0,1,1
614063,0.025487490410134192,0,0,0,1,1
779171,0.021861507135991134,0,0,0,1,1
134847,0.1676219129436931,0,0,0,0,0
198123,0.024447007490874084,0,0,0,1,1
727095,0.031710443202362965,0,0,0,1,1
243751,0.03647650870840584,1,1,0,1,1
294580,0.018788599408286758,0,0,0,1,1
752047,0.24945210987991895,0,0,0,0,0
406294,0.011981112491769703,0,0,0,1,1
675710,0.9656372523150991,1,0,1,0,1
368591,0.024130073082058046,0,0,0,1,1
437086,0.010455053142802434,0,0,0,1,1
579318,0.008376629681366465,0,0,0,1,1
721456,0.5195590480309802,1,1,0,0,1
296146,0.031047065215763395,0,0,0,1,1
165827,0.028545704929286306,0,0,0,1,1
297427,0.9644301495800426,1,0,1,0,1
299769,0.09563110525872885,0,0,0,1,1
208967,0.013432941558314697,0,0,0,1,1
667860,0.024282796226965633,0,0,0,1,1
769030,0.032935929394746474,0,0,0,1,1
966891,0.028075896872597875,0,0,0,1,1
253210,0.02178722037913586,0,0,0,1,1
368118,0.1790735835060406,0,0,0,0,1
368122,0.15427692210920144,0,0,0,1,0
217862,0.031207181030872246,0,0,0,1,1
296997,0.026165041136145744,0,0,0,1,1
316752,0.022017591902904716,0,0,0,1,1
771757,0.008543473070195293,0,0,0,1,1
482525,0.031042333566446558,0,0,0,1,1
664183,0.2095590334390619,0,0,0,0,0
963170,0.1790735835060406,1,1,0,0,0
822102,0.07054593581522213,0,0,0,1,1
541239,0.11068606236268233,0,0,0,1,1
783145,0.0228509229445456,0,0,0,1,1
195806,0.011571899170600678,0,0,0,1,1
931054,0.17387451273709756,0,0,0,0,0
942194,0.17387451273709756,0,0,0,0,0
679994,0.1676219129436931,0,0,0,0,0
792698,0.031456979238360494,0,0,0,1,1
198836,0.03779034382737007,0,0,0,1,1
838232,0.02374924794787747,0,0,0,1,1
277494,0.030045635379167632,0,0,0,1,1
535367,0.04740240582538988,0,0,0,1,1
292618,0.02840972318394394,0,0,0,1,1
767416,0.024436918763207773,0,0,0,1,1
398086,0.027288204033325495,0,0,0,1,1
444894,0.02342979253664479,0,0,0,1,1
958687,0.027259119831042358,0,0,0,1,1
474027,0.24476248970491027,0,0,0,0,0
587378,0.1358047385322961,0,0,0,1,0
664379,0.01023956631535233,0,0,0,1,1
181140,0.215261067196287,0,0,0,0,0
798814,0.14379567686576464,0,0,0,1,1
439566,0.025168903517445343,0,0,0,1,1
330433,0.014502810928178293,0,0,0,1,1
951458,0.02856047848450399,0,0,0,1,1
527712,0.026649007547002737,0,0,0,1,1
675538,0.033893328001661865,0,0,0,1,1
805545,0.09992245327215234,0,0,0,1,0
867070,0.08405818672331461,0,0,0,1,1
415341,0.030376027351572563,0,0,0,1,1
655263,0.9714595153804317,1,0,1,0,1
699343,0.03632442849639165,0,0,0,1,1
201561,0.09419786661247118,0,0,0,1,1
782719,0.009290495756069942,0,0,0,1,1
456360,0.014253248748486073,0,0,0,1,1
360017,0.027178323443345354,0,0,0,1,1
123115,0.03479380972538408,0,0,0,1,1
136022,0.028767713322955364,0,0,0,1,1
140419,0.022971204477794622,0,0,0,1,1
263569,0.024846611462393392,0,0,0,1,1
424208,0.021339412656750666,0,0,0,1,1
576294,0.021432720847282004,0,0,0,1,1
328668,0.02478749028064164,0,0,0,1,1
113864,0.08972670508883886,0,0,0,1,1
554449,0.11253385054644466,0,0,0,1,1
106046,0.1953498012712196,0,0,0,0,0
123784,0.9644301495800426,1,0,1,0,1
142715,0.029519345715242812,0,0,0,1,1
185815,0.9656372523150991,1,0,1,0,1
763403,0.02809312889250409,0,0,0,1,1
237303,0.024667914441076178,0,0,0,1,1
603446,0.011786834341799385,0,0,0,1,1
675616,0.017898876253987096,0,0,0,1,1
892967,0.0325229204366,0,0,0,1,1
312568,0.03179532615217214,0,0,0,1,1
848498,0.1790735835060406,1,0,1,0,0
406287,0.24388163941752647,1,1,0,1,1
294642,0.02655899544953394,0,0,0,1,1
848159,0.024233844563493347,0,0,0,1,1
552747,0.06747489656673934,0,0,0,1,1
765079,0.010010348289392906,0,0,0,1,1
991189,0.20233749659674605,0,0,0,0,0
392785,0.029421697035118648,0,0,0,1,1
512869,0.02506076689613754,0,0,0,1,1
659400,0.013123924768286636,0,0,0,1,1
648533,0.018155005843400844,0,0,0,1,1
326001,0.020143794756611412,0,0,0,1,1
892227,0.3644042994599871,0,0,0,1,0
940249,0.11768056360367118,0,0,0,1,1
976330,0.17387451273709756,1,0,1,0,0
367338,0.030803745944546112,0,0,0,1,1
894919,0.022132775810004827,0,0,0,1,1
662022,0.035938728956094596,0,0,0,1,1
178540,0.011766482354739297,0,0,0,1,1
119198,0.21818237993005124,0,0,0,0,0
471466,0.1790735835060406,0,0,0,0,0
879265,0.019836472775310122,0,0,0,1,1
264236,0.02312522436859179,0,0,0,1,1
767672,0.034046112841784715,0,0,0,1,1
899958,0.028189058354471275,0,0,0,1,1
170801,0.21191706998323742,1,1,0,0,0
235102,0.02514053427611107,0,0,0,1,1
244475,0.024722619294239558,0,0,0,1,1
503638,0.21074290582685734,1,1,0,0,0
349838,0.021983116945334506,0,0,0,1,1
486139,0.02168577191492764,0,0,0,1,1
892022,0.025638518218864814,0,0,0,1,1
992499,0.2007247314160019,0,0,0,0,0
214878,0.00864081658251259,0,0,0,1,1
952672,0.2462439858563222,0,0,0,0,0
915902,0.10067241713143656,0,0,0,1,1
241641,0.02964125679803283,0,0,0,1,1
838650,0.026444885653821047,0,0,0,1,1
911812,0.020112827455334267,0,0,0,1,1
910969,0.02303064847350477,0,0,0,1,1
244414,0.018040510568737556,0,0,0,1,1
780991,0.2081731857303604,0,0,0,0,0
337983,0.02155056543536272,0,0,0,1,1
705353,0.011621478877721492,0,0,0,1,1
528809,0.02019767474424066,0,0,0,1,1
362642,0.02752510082680031,0,0,0,1,1
739767,0.2319356470253781,0,0,0,0,0
459735,0.0273044099246405,0,0,0,1,1
237106,0.009638894003516103,0,0,0,1,1
468067,0.022792993136515984,0,0,0,1,1
955720,0.022184681329195544,0,0,0,1,1
350910,0.22281501033613754,1,0,1,0,0
941679,0.0330573078446712,0,0,0,1,1
676639,0.00872898618252418,0,0,0,1,1
482561,0.031088795560885982,0,0,0,1,1
817520,0.035552575964728085,0,0,0,1,1
868659,0.24476248970491027,0,0,0,0,0
461559,0.02881807867940601,0,0,0,1,1
167026,0.026036814500695882,0,0,0,1,1
545638,0.6264415902921604,0,0,0,0,0
631070,0.21818237993005124,0,0,0,0,0
193564,0.031307918425242214,0,0,0,1,1
312474,0.021214279317156717,0,0,0,1,1
469767,0.2081731857303604,0,0,0,0,0
656650,0.16680096061138122,0,0,0,1,0
125606,0.17267310067510436,1,0,1,0,0
625458,0.02325223275414796,0,0,0,1,1
717459,0.022172393759490715,0,0,0,1,1
887605,0.24031677539735255,0,0,0,0,0
246059,0.08152611918354115,0,0,0,1,1
946525,0.027646747817986504,0,0,0,1,1
877152,0.17267310067510436,0,0,0,0,0
265575,0.02045787707455274,0,0,0,1,1
759417,0.015276692479662853,0,0,0,1,1
744789,0.2545325279734939,0,0,0,0,0
459223,0.009094922121787256,0,0,0,1,1
837810,0.028906864789935913,0,0,0,1,1
859821,0.02242385389856081,0,0,0,1,1
145552,0.022232331876534603,0,0,0,1,1
436901,0.026856544803558813,0,0,0,1,1
306331,0.034621077711479986,0,0,0,1,1
241675,0.029906849644281495,0,0,0,1,1
343011,0.025539465869697905,0,0,0,1,1
456614,0.2530179039988978,0,0,0,0,0
460110,0.027889014965139815,0,0,0,1,1
956071,0.026868846311875954,0,0,0,1,1
972298,0.027208634488699427,0,0,0,1,1
952641,0.024046623547792734,0,0,0,1,1
407433,0.029639224473139478,0,0,0,1,1
412402,0.028270824807952556,0,0,0,1,1
426384,0.029643225031544176,0,0,0,1,1
495058,0.012114709437805838,0,0,0,1,1
956630,0.1676219129436931,0,0,0,0,0
760155,0.2462439858563222,0,0,0,0,0
116372,0.024624735264099213,0,0,0,1,1
708519,0.02742753894520445,0,0,0,1,1
552966,0.026174377354638362,0,0,0,1,1
489609,0.03454776551765891,1,1,0,1,1
735515,0.008990788530277422,0,0,0,1,1
305243,0.024544218725064064,0,0,0,1,1
198075,0.020624547203708807,0,0,0,1,1
224842,0.1676219129436931,0,0,0,0,0
151967,0.1596170761945096,0,0,0,0,1
328323,0.09248692177336325,0,0,0,1,1
815789,0.01629723339363067,0,0,0,1,1
927401,0.008945907638677435,0,0,0,1,1
258202,0.030261379048967377,0,0,0,1,1
953757,0.1790735835060406,0,0,0,0,0
744608,0.023885507169747317,0,0,0,1,1
664277,0.025605596355608003,0,0,0,1,1
313860,0.02184776901757938,0,0,0,1,1
534734,0.023915385336190313,0,0,0,1,1
821739,0.010921572176036794,0,0,0,1,1
130593,0.021482487796169424,0,0,0,1,1
804521,0.018140527681162207,0,0,0,1,1
778310,0.030301868019017977,0,0,0,1,1
395446,0.1676219129436931,0,0,0,0,0
567219,0.20463531076357552,0,0,0,0,0
491122,0.03977908171362576,0,0,0,1,1
288774,0.1426162768261332,0,0,0,0,0
620446,0.023792287171235573,0,0,0,1,1
388046,0.07952194723207325,0,0,0,1,1
957377,0.1676219129436931,1,0,1,0,0
470480,0.022882230870486565,0,0,0,1,1
507281,0.02539197281050463,0,0,0,1,1
180925,0.026876166997243437,0,0,0,1,1
879506,0.021432720847282004,0,0,0,1,1
707967,0.022666236175363536,0,0,0,1,1
434568,0.020112827455334267,0,0,0,1,1
454632,0.030473340921315005,0,0,0,1,1
374293,0.1790735835060406,0,0,0,0,0
666933,0.029480803888404752,0,0,0,1,1
391673,0.01332884618520311,0,0,0,1,1
939466,0.010638277743620207,0,0,0,1,1
707023,0.029850978032400114,0,0,0,1,1
697169,0.0352961787364998,0,0,0,1,1
856818,0.16312440362476424,0,0,0,0,0
296217,0.0448740250699123,0,0,0,1,1
177700,0.03242509406122443,0,0,0,1,1
307178,0.02761877330967989,0,0,0,1,1
459936,0.02429553579442438,0,0,0,1,1
508126,0.02083015371687659,0,0,0,1,1
807289,0.02010716753316327,0,0,0,1,1
161180,0.00875734611548858,0,0,0,1,1
169302,0.0898730791061117,0,0,0,0,1
156071,0.16494899010239208,1,0,1,0,0
839412,0.03261969541841832,0,0,0,1,1
559657,0.9316898177160607,1,0,1,0,1
678544,0.9644301495800426,1,0,1,0,1
145220,0.02518221323838258,0,0,0,1,1
986507,0.11307968404012636,0,0,0,1,1
796705,0.1937330146011049,0,0,0,0,0
603009,0.22281501033613754,0,0,0,0,0
535327,0.20463531076357552,0,0,0,0,0
924173,0.015389230404509846,0,0,0,1,1
986208,0.12393202361361048,0,0,0,1,1
340583,0.09199207789191698,0,0,0,1,1
402390,0.2462439858563222,1,1,0,0,0
911906,0.010711698610700288,0,0,0,1,1
502573,0.2545325279734939,0,0,0,0,0
891046,0.22281501033613754,0,0,0,0,0
292021,0.04022129501755773,0,0,0,1,1
476258,0.025473077681437466,0,0,0,1,1
979053,0.027010093580617824,0,0,0,1,1
798708,0.20463531076357552,1,1,0,0,1
488130,0.215261067196287,0,0,0,0,0
645057,0.02083015371687659,0,0,0,1,1
653070,0.010042089695600609,0,0,0,1,1
124351,0.215261067196287,1,0,1,0,0
805159,0.015575446700552026,0,0,0,1,1
751602,0.06927853889836343,0,0,0,1,1
383656,0.025539465869697905,0,0,0,1,1
900726,0.021049906631902687,0,0,0,1,1
850034,0.030802043360549362,0,0,0,1,1
477517,0.027292959371078916,0,0,0,1,1
708692,0.017556745867052612,0,0,0,1,1
162166,0.029859931719379756,0,0,0,1,1
503615,0.031923370616196274,0,0,0,1,1
801391,0.026486152103962775,0,0,0,1,1
979075,0.215261067196287,0,0,0,0,0
515645,0.029560613594214625,0,0,0,1,1
709595,0.01725451726349393,0,0,0,1,1
503217,0.010160608986610755,0,0,0,1,1
317137,0.18850115163670134,0,0,0,0,0
637151,0.014545834523944524,0,0,0,1,1
572927,0.11305479585102565,0,0,0,1,1
567670,0.18441266828167577,0,0,0,0,0
550856,0.023811571595771703,0,0,0,1,1
664084,0.03205683834934421,0,0,0,1,1
980145,0.960500772059878,1,0,1,0,1
324139,0.021218917278542592,0,0,0,1,1
472356,0.035110653859312224,0,0,0,1,1
156673,0.01842603877407885,0,0,0,1,1
299165,0.1450036480970016,0,0,0,1,1
988594,0.1676219129436931,0,0,0,0,0
729561,0.18441266828167577,0,0,0,0,0
194709,0.02774922861746922,0,0,0,1,1
462638,0.029485889210497003,0,0,0,1,1
376969,0.028904996588561632,0,0,0,1,1
496820,0.03397956838717939,1,1,0,1,1
499963,0.09169131977362166,0,0,0,1,1
834286,0.013008715549199723,0,0,0,1,1
622776,0.0996882223159251,0,0,0,1,1
167335,0.01052534725074846,0,0,0,1,1
421252,0.20463531076357552,0,0,0,0,0
794552,0.03153862143792996,0,0,0,1,1
180922,0.014383286599154029,0,0,0,1,1
624569,0.16494899010239208,1,1,0,0,0
937418,0.03086507710004731,0,0,0,1,1
895451,0.022025187045048505,0,0,0,1,1
429292,0.02924642684548656,0,0,0,1,1
822211,0.021567229903193257,0,0,0,1,1
165900,0.01682907246262116,0,0,0,1,1
216683,0.02353212376148467,0,0,0,1,1
718745,0.03508075473209892,0,0,0,1,1
297607,0.04180440698683647,0,0,0,1,1
793619,0.08901060262464226,0,0,0,1,1
393380,0.01980806710672274,0,0,0,1,1
903290,0.02828844378715688,0,0,0,1,1
994308,0.20463531076357552,0,0,0,0,1
441128,0.03019311702578994,0,0,0,1,1
857708,0.02869821739187531,0,0,0,1,1
800831,0.0883653535482436,0,0,0,1,1
264632,0.013183349270851142,0,0,0,1,1
482218,0.035369105779162545,0,0,0,1,1
145177,0.02230754072080386,0,0,0,1,1
186593,0.03398215579285498,0,0,0,1,1
470591,0.02083015371687659,0,0,0,1,1
374850,0.026379510888745437,0,0,0,1,1
841456,0.025268294673659222,0,0,0,1,1
677751,0.032400266877843524,0,0,0,1,1
963523,0.022118824126751497,0,0,0,1,1
279231,0.13763963530202497,0,0,0,1,1
187291,0.1676219129436931,0,0,0,0,1
407377,0.031222593978256934,0,0,0,1,1
822765,0.02856015417115027,0,0,0,1,1
764980,0.02338477505121917,0,0,0,1,1
522408,0.028029224508379996,0,0,0,1,1
703278,0.9644301495800426,1,0,1,0,1
696826,0.02216079157487272,0,0,0,1,1
161276,0.03852805924624816,0,0,0,1,1
235585,0.1790735835060406,0,0,0,0,0
534972,0.029299402869348568,0,0,0,1,1
439819,0.026968172994024566,0,0,0,1,1
221993,0.12747991032248168,0,0,0,1,1
810899,0.012471378434729969,0,0,0,1,1
298280,0.022249299215368407,0,0,0,1,1
587769,0.24031677539735255,1,0,1,0,0
424100,0.10506216133924005,0,0,0,1,1
332077,0.09315933471428205,0,0,0,1,1
755337,0.027471007915277852,0,0,0,1,1
465980,0.24031677539735255,0,0,0,0,0
713831,0.012528582839634003,0,0,0,1,1
747609,0.03731806361867146,0,0,0,1,1
706199,0.2530179039988978,0,0,0,0,0
763797,0.026126670015450236,0,0,0,1,1
519826,0.1673331098526895,0,0,0,0,0
581668,0.03152625129435027,0,0,0,1,1
550519,0.025789243572883768,0,0,0,1,1
781219,0.01078167991616661,0,0,0,1,1
920657,0.10214656924279157,0,0,0,1,1
589818,0.9226191918430571,1,0,1,1,1
472589,0.03090467255413249,1,1,0,1,1
128611,0.031505198624489764,0,0,0,1,1
596674,0.028417332963628125,0,0,0,1,1
702809,0.14058332177320879,0,0,0,0,1
183748,0.024478023828750292,0,0,0,1,1
910056,0.02284233507525366,0,0,0,1,1
427919,0.031721573089725036,0,0,0,1,1
205658,0.022658639638559065,0,0,0,1,1
870022,0.04374124003388372,0,0,0,1,1
853039,0.08831288337512727,0,0,0,1,1
495168,0.0274925020325583,0,0,0,1,1
113877,0.02933248916550192,0,0,0,1,1
289968,0.16494899010239208,0,0,0,0,0
628860,0.009869723598904138,0,0,0,1,1
953420,0.17267310067510436,1,1,0,0,0
744406,0.16494899010239208,0,0,0,0,0
927339,0.025700492380799203,0,0,0,1,1
647684,0.0302494654970169,0,0,0,1,1
555205,0.04790622421608708,0,0,0,1,1
633330,0.024856461235171493,0,0,0,1,1
525246,0.02559011899298783,0,0,0,1,1
777231,0.02606303196140682,0,0,0,1,1
329364,0.015321932317442551,0,0,0,1,1
445427,0.2551431707667012,0,0,0,0,0
997478,0.025262666053254782,0,0,0,1,1
977916,0.011052502310214419,0,0,0,1,1
378454,0.019998183686337146,0,0,0,1,1
927848,0.020094297503069018,0,0,0,1,1
287023,0.1104746084501396,0,0,0,1,1
362541,0.025590410301731266,0,0,0,1,1
365404,0.038276448779897804,0,0,0,1,1
377375,0.20646650844652964,0,0,0,0,1
652636,0.19712911908908076,0,0,0,0,0
333825,0.011282768028398893,0,0,0,1,1
848615,0.029337579796247584,0,0,0,1,1
319801,0.17112238262404106,0,0,0,0,0
606962,0.0973133729214691,0,0,0,1,1
970102,0.024101055086400532,0,0,0,1,1
157092,0.02314636793430847,0,0,0,1,1
657118,0.013553509785670654,0,0,0,1,1
462355,0.0272957842420174,0,0,0,1,1
559016,0.025765651990029028,0,0,0,1,1
996152,0.1499721488538209,0,0,0,0,1
995777,0.024276193089266093,0,0,0,1,1
845782,0.026028719819206427,0,0,0,1,1
908844,0.023500048156309225,0,0,0,1,1
121605,0.025496254146570634,0,0,0,1,1
711552,0.026797470611902584,0,0,0,1,1
117910,0.04068148206589848,0,0,0,1,1
812804,0.18971676546466623,0,0,0,0,1
891413,0.026072385440865428,0,0,0,1,1
865406,0.026955004245959757,0,0,0,1,1
880681,0.20594015504048904,0,0,0,0,0
133698,0.02538068439157141,0,0,0,1,1
913866,0.02651963758425601,0,0,0,1,1
434693,0.08915477894942324,0,0,0,1,1
711214,0.02737786658324515,0,0,0,1,1
867446,0.030497687340752904,0,0,0,1,1
408309,0.024065768730848477,0,0,0,1,1
619337,0.2081731857303604,0,0,0,0,0
801483,0.02591526047452308,0,0,0,1,1
170091,0.21191706998323742,0,0,0,0,0
541953,0.5643863979497702,1,1,0,1,1
351145,0.023312535582777558,0,0,0,1,1
726065,0.031721819329046386,0,0,0,1,1
732602,0.11972180337626889,0,0,0,1,1
816608,0.02289073333825795,0,0,0,1,1
884909,0.03667415995106898,0,0,0,1,1
966142,0.21191706998323742,0,0,0,0,0
374275,0.030707010957745046,0,0,0,1,1
574726,0.027859660425951692,0,0,0,1,1
603371,0.09555254287715313,0,0,0,1,1
684691,0.04467972852193173,0,0,0,1,1
119690,0.19549063116219806,1,0,1,0,0
892630,0.20463531076357552,0,0,0,0,0
234515,0.021769392094651868,0,0,0,1,1
480864,0.027585556626262366,0,0,0,1,1
379384,0.02561715167027082,0,0,0,1,1
805816,0.029352622270057,0,0,0,1,1
378153,0.21818237993005124,0,0,0,0,0
756967,0.010411598272834222,0,0,0,1,1
816406,0.9644301495800426,1,0,1,0,1
380928,0.02905581476341289,0,0,0,1,1
714163,0.2545325279734939,0,0,0,0,0
247180,0.031370953576278525,0,0,0,1,1
528985,0.02588286244709098,0,0,0,1,1
723457,0.215261067196287,0,0,0,0,0
604792,0.04014683963311067,0,0,0,1,1
632352,0.12538731678630327,0,0,0,1,1
713236,0.01585409520077399,0,0,0,1,1
965079,0.038140900261643816,0,0,0,1,1
526629,0.1953498012712196,0,0,0,0,0
527941,0.012615092660493812,0,0,0,1,1
105063,0.24945210987991895,0,0,0,0,0
651631,0.1153644890055619,0,0,0,1,0
974265,0.17112238262404106,0,0,0,0,0
471858,0.026902615503382552,0,0,0,1,1
230070,0.11364760953705155,1,1,0,1,1
764555,0.013090849411391835,0,0,0,1,1
547342,0.22281501033613754,0,0,0,0,0
218601,0.023666015935511386,0,0,0,1,1
368391,0.1953498012712196,0,0,0,0,0
598705,0.0262042661990966,0,0,0,1,1
139932,0.019663074544471165,0,0,0,1,1
641734,0.02614730389015998,0,0,0,1,1
430059,0.020527813015941906,0,0,0,1,1
974715,0.2155467197789668,0,0,0,0,0
255215,0.017985004028444326,0,0,0,1,1
537405,0.1953498012712196,0,0,0,0,0
100853,0.023489533782635467,0,0,0,1,1
233774,0.1676219129436931,0,0,0,0,0
253283,0.2533882081293986,1,1,0,1,1
798525,0.021964273715635585,0,0,0,1,1
140534,0.016369683828952642,0,0,0,1,1
422787,0.02808204790157032,0,0,0,1,1
569769,0.24476248970491027,1,1,0,0,1
490840,0.03516938243300767,0,0,0,1,1
850953,0.03215296904755895,0,0,0,1,1
577265,0.027816843977861667,0,0,0,1,1
319664,0.020342197299435514,0,0,0,1,1
468534,0.9632952068831673,1,0,1,0,1
870223,0.20463531076357552,0,0,0,0,0
475950,0.17112238262404106,0,0,0,0,0
886086,0.03874807780652783,0,0,0,1,1
626046,0.20463531076357552,0,0,0,0,0
511584,0.014545787592611112,0,0,0,1,1
758322,0.9656372523150991,1,0,1,0,1
740105,0.022691697594648685,0,0,0,1,1
549757,0.02414210934467051,0,0,0,1,1
968638,0.1667626778681239,0,0,0,1,1
277033,0.05749670057031349,0,0,0,1,1
646289,0.21191706998323742,1,0,1,0,0
941719,0.16537765389535505,1,1,0,1,1
991090,0.025852964508822858,0,0,0,1,1
156684,0.02434857793698199,0,0,0,1,1
247714,0.04882046413038024,0,0,0,1,1
143422,0.025575216313649576,0,0,0,1,1
459991,0.215261067196287,0,0,0,0,0
420339,0.029771872191806204,0,0,0,1,1
244245,0.023644959916025915,0,0,0,1,1
821296,0.0340190236519397,0,0,0,1,1
440198,0.019701304090697366,0,0,0,1,1
123668,0.03611536508415778,0,0,0,1,1
866995,0.14058332177320879,0,0,0,0,1
702863,0.03017755285428714,0,0,0,1,1
329720,0.025220806848215583,0,0,0,1,1
171937,0.02719412294426822,0,0,0,1,1
454628,0.17285865427284233,0,0,0,1,1
484422,0.025975145401571708,0,0,0,1,1
521684,0.029457456636717054,0,0,0,1,1
620563,0.019479933146779305,0,0,0,1,1
679311,0.1101801094561274,0,0,0,1,1
774321,0.04520929827186526,0,0,0,1,1
806157,0.1980249146712874,0,0,0,1,1
846055,0.029554603567138356,0,0,0,1,1
312148,0.018520321650364956,0,0,0,1,1
879964,0.14872376762954576,0,0,0,0,0
716863,0.027971735275301925,0,0,0,1,1
445176,0.028900650204202655,0,0,0,1,1
615244,0.12494785865891977,0,0,0,1,1
735341,0.027422414023751947,0,0,0,1,1
743766,0.16494899010239208,0,0,0,0,0
864318,0.023779908828291643,0,0,0,1,1
640418,0.02286615112772122,0,0,0,1,1
379238,0.021291097845654354,0,0,0,1,1
445915,0.1937330146011049,0,0,0,0,0
569972,0.21191706998323742,0,0,0,0,0
417929,0.02202373527453002,0,0,0,1,1
726701,0.010740991073759839,0,0,0,1,1
426027,0.02131684746699211,0,0,0,1,1
965116,0.060772566558481546,0,0,0,1,1
482345,0.02283901604966349,0,0,0,1,1
232579,0.17349369605590673,0,0,0,0,0
378968,0.029713872249084415,0,0,0,1,1
980788,0.19114776381786458,0,0,0,0,0
725795,0.018453354484825834,0,0,0,1,1
268281,0.013754252280746797,0,0,0,1,1
335545,0.022377194690720137,0,0,0,1,1
999272,0.021439634624405353,0,0,0,1,1
811569,0.2545325279734939,0,0,0,0,0
336469,0.036267227364053065,0,0,0,1,1
785129,0.24476248970491027,0,0,0,0,0
753038,0.031171385012355675,0,0,0,1,1
547442,0.1612698215420699,0,0,0,0,0
558258,0.13252491222291196,0,0,0,0,1
172233,0.06376696409082663,0,0,0,1,1
231592,0.025893661384215585,0,0,0,1,1
577374,0.03230992005224517,1,1,0,1,1
325134,0.021133437092289382,0,0,0,1,1
403118,0.024065768730848477,0,0,0,1,1
616137,0.11640811190124817,1,1,0,1,1
916594,0.019276190011147453,0,0,0,1,1
486226,0.027391230134503987,0,0,0,1,1
805977,0.03047423968261578,0,0,0,1,1
534571,0.1937330146011049,1,0,1,0,0
943380,0.22281501033613754,0,0,0,0,0
646935,0.02338477505121917,0,0,0,1,1
202248,0.026663094358685867,0,0,0,1,1
853417,0.032288141577024906,0,0,0,1,1
139600,0.20463531076357552,0,0,0,0,0
883702,0.025033136571583566,0,0,0,1,1
660098,0.16312440362476424,1,0,1,0,0
839461,0.16312440362476424,0,0,0,0,0
425294,0.010792475784694913,0,0,0,1,1
503573,0.02483708576897579,0,0,0,1,1
473093,0.01171192301114562,0,0,0,1,1
173798,0.021187243482785376,0,0,0,1,1
982433,0.22281501033613754,1,1,0,0,0
570318,0.02458841057937677,0,0,0,1,1
185573,0.023951334860665478,0,0,0,1,1
744228,0.17267310067510436,0,0,0,0,0
213545,0.1937330146011049,0,0,0,0,0
225205,0.15829909702644154,0,0,0,0,0
412793,0.021225238647314685,0,0,0,1,1
527235,0.00897719890882428,0,0,0,1,1
486955,0.035976592295547186,0,0,0,1,1
626474,0.00906332169606308,0,0,0,1,1
486200,0.215261067196287,0,0,0,0,0
873297,0.13173393648001963,1,1,0,1,1
323424,0.02083015371687659,0,0,0,1,1
733497,0.21818237993005124,0,0,0,0,0
358012,0.215261067196287,0,0,0,0,0
375297,0.041823094870919494,0,0,0,1,1
598360,0.010090332428369257,0,0,0,1,1
721688,0.021998462663467774,0,0,0,1,1
753219,0.025151762267794836,0,0,0,1,1
835779,0.030072160839785034,0,0,0,1,1
233969,0.03758618365082086,0,0,0,1,1
640238,0.05906815458512966,0,0,0,1,1
256627,0.1790735835060406,0,0,0,0,0
716068,0.011029162973350649,0,0,0,1,1
333213,0.2462439858563222,0,0,0,0,0
349470,0.2462439858563222,0,0,0,0,0
577860,0.00934411671638982,0,0,0,1,1
709279,0.01075429742255329,0,0,0,1,1
921298,0.030106214225026674,0,0,0,1,1
810503,0.16494899010239208,0,0,0,0,0
373638,0.5117959606750534,0,0,0,0,1
963473,0.02127212027535266,0,0,0,1,1
210761,0.14058332177320879,0,0,0,0,1
649052,0.03360711034377573,0,0,0,1,1
138894,0.028267106348985747,0,0,0,1,1
582364,0.02448601418284339,0,0,0,1,1
788292,0.10044674229624331,0,0,0,1,1
737602,0.20463531076357552,0,0,0,0,0
563410,0.04397707155215213,0,0,0,1,1
154175,0.06643976589929493,0,0,0,1,1
739021,0.1440609474228861,0,0,0,1,1
418938,0.1628930949589523,0,0,0,1,1
204484,0.028616917845041653,0,0,0,1,1
701391,0.01949762854551654,0,0,0,1,1
827309,0.026986728407390876,1,1,0,1,1
584377,0.011631991328635701,0,0,0,1,1
542085,0.01369921962487523,0,0,0,1,1
729537,0.027959377093849883,0,0,0,1,1
175360,0.023287707860636105,0,0,0,1,1
305380,0.01943516869120904,0,0,0,1,1
961213,0.2530179039988978,0,0,0,0,0
868230,0.0354161178434296,0,0,0,1,1
802305,0.023147698846384686,0,0,0,1,1
106048,0.16427257012847687,0,0,0,0,0
244039,0.03532990524215577,0,0,0,1,1
698159,0.16312440362476424,0,0,0,0,0
437158,0.02596231436011327,0,0,0,1,1
331301,0.030206917152865997,0,0,0,1,1
321388,0.022900535646720146,0,0,0,1,1
124119,0.011798337619784952,0,0,0,1,1
132592,0.031266158779001234,0,0,0,1,1
216072,0.2081731857303604,0,0,0,0,0
580159,0.10149491429268057,0,0,0,1,1
756862,0.026849965819389247,0,0,0,1,1
748635,0.020114218874192537,0,0,0,1,1
243444,0.029421697035118648,0,0,0,1,1
831928,0.311125275449888,1,1,0,1,1
791466,0.028617690997592357,0,0,0,1,1
831696,0.0268655858049759,0,0,0,1,1
148381,0.0118010729016541,0,0,0,1,1
297382,0.02292045863659487,0,0,0,1,1
145193,0.15582987935591613,0,0,0,0,0
194737,0.07797044525798194,0,0,0,1,1
272097,0.024106685013328372,0,0,0,1,1
679623,0.03197881789752478,0,0,0,1,1
416973,0.025442340987848755,0,0,0,1,1
935274,0.011114534104887538,0,0,0,1,1
630034,0.11381733274610703,0,0,0,1,1
407233,0.2081731857303604,1,0,1,0,0
207500,0.018026768498543688,0,0,0,1,1
494213,0.03704955055606082,0,0,0,1,1
893120,0.17267310067510436,0,0,0,0,0
732863,0.026110302282264214,0,0,0,1,1
326603,0.02405942554627318,0,0,0,1,1
541037,0.16494899010239208,0,0,0,0,0
232924,0.011561650600125806,0,0,0,1,1
674781,0.034165368530557495,0,0,0,1,1
325593,0.215261067196287,0,0,0,0,0
883968,0.014505795548510558,0,0,0,1,1
277594,0.022782277996957916,0,0,0,1,1
811802,0.026751453036967902,0,0,0,1,1
739617,0.21191706998323742,0,0,0,0,0
449843,0.03063453686760394,0,0,0,1,1
559726,0.022148374486165284,0,0,0,1,1
935328,0.035281752226553595,0,0,0,1,1
518305,0.023915385336190313,0,0,0,1,1
135381,0.020940216212730404,0,0,0,1,1
281449,0.025310775701621685,0,0,0,1,1
751779,0.034552972504728455,0,0,0,1,1
937956,0.025769913673007367,0,0,0,1,1
813455,0.16123422560367096,0,0,0,0,0
976700,0.025979458561303268,0,0,0,1,1
838771,0.02481067269875903,0,0,0,1,1
408047,0.023270490805372076,0,0,0,1,1
397065,0.09865198575952626,0,0,0,1,1
876232,0.021000654142368375,0,0,0,1,1
597313,0.02327955117943361,0,0,0,1,1
180231,0.20463531076357552,0,0,0,0,0
541435,0.12511172810043023,0,0,0,1,0
616342,0.02693890235431211,0,0,0,1,1
920162,0.021208650498204796,0,0,0,1,1
856502,0.020577159925163912,0,0,0,1,1
178864,0.026521235273187022,0,0,0,1,1
669493,0.21687962438501157,0,0,0,0,0
445137,0.026620710963243057,0,0,0,1,1
318285,0.1363161830041874,0,0,0,0,1
765924,0.02692020433550227,0,0,0,1,1
812513,0.027966564553971864,0,0,0,1,1
841916,0.025539465869697905,0,0,0,1,1
141456,0.23234686973987112,0,0,0,0,0
369646,0.04141768877607619,0,0,0,1,1
377968,0.020297845758987174,0,0,0,1,1
432579,0.19712911908908076,0,0,0,0,0
634181,0.03244474932033823,0,0,0,1,1
863516,0.026365129305766646,0,0,0,1,1
496191,0.023521601346779216,0,0,0,1,1
788997,0.04368463084732269,0,0,0,1,1
365761,0.025511267002596726,0,0,0,1,1
641160,0.020263096498213912,0,0,0,1,1
216095,0.1673331098526895,0,0,0,0,0
678616,0.028492089822759806,0,0,0,1,1
380795,0.00891409118858173,0,0,0,1,1
156948,0.02745525581006488,0,0,0,1,1
370300,0.012206227267250831,0,0,0,1,1
772834,0.021687883502785717,0,0,0,1,1
346295,0.1790735835060406,0,0,0,0,1
633787,0.024246295082248542,0,0,0,1,1
264365,0.17267310067510436,0,0,0,0,1
211030,0.09886953421583791,0,0,0,1,1
244595,0.18537293268532518,0,0,0,0,0
431034,0.018270260825287005,0,0,0,1,1
505988,0.11505881693361597,0,0,0,1,0
766733,0.025635015205768247,0,0,0,1,1
945133,0.01028099971178126,0,0,0,1,1
517797,0.1676219129436931,0,0,0,0,1
997539,0.021931534050529364,0,0,0,1,1
671173,0.04454206484580344,0,0,0,1,1
729154,0.02672248320480825,0,0,0,1,1
546997,0.15633046701146774,0,0,0,0,1
393329,0.1623917041007116,0,0,0,0,0
481931,0.023312225425468458,0,0,0,1,1
707146,0.023463507254635987,0,0,0,1,1
173834,0.17267310067510436,0,0,0,0,0
503988,0.17155577724571333,0,0,0,0,0
863884,0.03250129886515919,0,0,0,1,1
652034,0.021424353340664185,0,0,0,1,1
601105,0.03057702694084333,0,0,0,1,1
502353,0.13621738960386376,0,0,0,1,0
696486,0.023567399986497824,0,0,0,1,1
562677,0.031133805979795034,0,0,0,1,1
612311,0.10462809512627405,0,0,0,1,1
920792,0.03454798586300221,0,0,0,1,1
777861,0.17267310067510436,0,0,0,0,0
283770,0.12846580859936627,0,0,0,0,1
576947,0.03307963847248538,0,0,0,1,1
138853,0.16772034600670188,0,0,0,0,1
281108,0.17112238262404106,0,0,0,0,0
861675,0.12247328956239631,0,0,0,1,0
634328,0.2081731857303604,1,0,1,0,0
553061,0.02374924794787747,0,0,0,1,1
689389,0.021432720847282004,0,0,0,1,1
558598,0.025708075380292607,0,0,0,1,1
532832,0.16006388591852114,0,0,0,1,0
727847,0.011929547745359995,0,0,0,1,1
156305,0.06710448032523936,0,0,0,1,1
237888,0.1293202595869908,0,0,0,1,1
260515,0.010249723024265802,0,0,0,1,1
617348,0.02726495221967631,0,0,0,1,1
728021,0.027225360278023046,0,0,0,1,1
764513,0.025220806848215583,0,0,0,1,1
957764,0.022023772862225656,0,0,0,1,1
937788,0.025168903517445343,0,0,0,1,1
704423,0.02611396405281215,0,0,0,1,1
100737,0.03920007119753703,0,0,0,1,1
881983,0.02664616664010875,0,0,0,1,1
321954,0.036407804857612684,0,0,0,1,1
379110,0.03100504598412552,0,0,0,1,1
270160,0.17387451273709756,0,0,0,0,0
330053,0.021459590316115093,0,0,0,1,1
482882,0.1497761909232977,0,0,0,0,1
337857,0.009965418093667666,0,0,0,1,1
375115,0.20463531076357552,1,0,1,0,0
102308,0.1790735835060406,1,0,1,0,0
676941,0.01998482995639507,0,0,0,1,1
835062,0.02413729807636869,0,0,0,1,1
236093,0.023651369714965804,0,0,0,1,1
599778,0.2074390003939156,0,0,0,0,0
101363,0.019994936060100162,0,0,0,1,1
188559,0.01161842840613708,0,0,0,1,1
591377,0.02424035259542834,0,0,0,1,1
717521,0.021358318045920935,0,0,0,1,1
302188,0.1676219129436931,0,0,0,0,0
244527,0.1612698215420699,1,0,1,0,0
581294,0.012350099382084782,0,0,0,1,1
447439,0.1199251921132936,1,1,0,1,1
199507,0.033251549778647624,0,0,0,1,1
619483,0.026557811923800655,0,0,0,1,1
190465,0.025837122518179687,0,0,0,1,1
925164,0.1790735835060406,0,0,0,0,0
341169,0.013264103534078519,0,0,0,1,1
278916,0.12210771944271441,0,0,0,1,1
265284,0.03819212201380901,0,0,0,1,1
305843,0.21191706998323742,0,0,0,0,0
507112,0.023704637104498123,0,0,0,1,1
574835,0.024760864684296117,0,0,0,1,1
608605,0.014368599428010626,0,0,0,1,1
142621,0.16357517087790702,0,0,0,0,0
708539,0.023423239654228274,0,0,0,1,1
467945,0.02567463274974779,0,0,0,1,1
747227,0.2042123563778441,0,0,0,0,0
223534,0.0264978123453848,0,0,0,1,1
387721,0.023423239654228274,1,1,0,1,1
887730,0.01151917804671685,0,0,0,1,1
948576,0.025442340987848755,0,0,0,1,1
883773,0.04135616083022419,0,0,0,1,1
243696,0.018278156288951478,0,0,0,1,1
217124,0.014740796498234747,0,0,0,1,1
185101,0.04472540396516389,0,0,0,1,1
611817,0.021876367624357723,0,0,0,1,1
665646,0.13809515565225208,0,0,0,1,1
726499,0.02724859225181626,0,0,0,1,1
921375,0.03721404465264793,0,0,0,1,1
968807,0.06711724674459446,0,0,0,1,1
471098,0.02130699123552033,0,0,0,1,1
365863,0.022250556898372353,0,0,0,1,1
565008,0.17387451273709756,0,0,0,0,0
871606,0.02681833332081303,0,0,0,1,1
346456,0.013708575771681952,0,0,0,1,1
251779,0.021415955555232097,0,0,0,1,1
236001,0.022739721662432842,0,0,0,1,1
306708,0.024252243075276902,0,0,0,1,1
689912,0.021339412656750666,0,0,0,1,1
204000,0.13709993848066598,0,0,0,1,1
591272,0.009438941410141942,0,0,0,1,1
957628,0.029698218865981073,0,0,0,1,1
825465,0.028279284313788677,0,0,0,1,1
203245,0.17387451273709756,1,0,1,0,0
358997,0.17267310067510436,0,0,0,0,0
929885,0.028581357394102523,0,0,0,1,1
692729,0.02620666952118949,0,0,0,1,1
649442,0.10963555300069087,0,0,0,1,1
679485,0.039318527234192296,0,0,0,1,1
512615,0.03353632756596485,0,0,0,1,1
931170,0.9680128534640984,1,0,1,0,1
754599,0.027322660148860114,0,0,0,1,1
328394,0.9656372523150991,1,0,1,0,1
373321,0.20463531076357552,1,0,1,0,0
521702,0.022315152377865827,0,0,0,1,1
972954,0.1676219129436931,0,0,0,0,1
881399,0.9656372523150991,1,0,1,0,1
768072,0.02181556320119691,0,0,0,1,1
914937,0.02753326289223757,0,0,0,1,1
227303,0.2530179039988978,1,1,0,0,0
367680,0.02892993056084119,0,0,0,1,1
200552,0.0240787748881095,0,0,0,1,1
975212,0.2155467197789668,1,0,1,0,0
549402,0.030103136932727464,0,0,0,1,1
891012,0.01644303862292963,0,0,0,1,1
294048,0.0678894696732176,0,0,0,1,1
134148,0.10049009567967256,0,0,0,1,1
513590,0.025017985019333475,0,0,0,1,1
648043,0.026986728407390876,0,0,0,1,1
995734,0.020311387139795786,0,0,0,1,1
904512,0.19845987170977003,0,0,0,0,0
926129,0.11207106474621573,0,0,0,1,1
999550,0.02496293611951317,0,0,0,1,1
478770,0.01969784621304432,0,0,0,1,1
205671,0.010367425780107199,0,0,0,1,1
298543,0.21191706998323742,1,1,0,0,1
322000,0.030534167616742366,0,0,0,1,1
483436,0.01121760779096039,0,0,0,1,1
536823,0.03270091568868924,0,0,0,1,1
782818,0.02505834181543133,0,0,0,1,1
928964,0.029259563308551763,0,0,0,1,1
603744,0.025757256212531717,0,0,0,1,1
495381,0.011241237045459686,0,0,0,1,1
413459,0.02106449309022139,0,0,0,1,1
801227,0.016953011589669106,0,0,0,1,1
551981,0.027701098975871377,0,0,0,1,1
576217,0.03362709963199412,0,0,0,1,1
633938,0.024560599349654856,0,0,0,1,1
645450,0.031264266007816385,0,0,0,1,1
919748,0.03224211715212154,0,0,0,1,1
960761,0.9649002531640106,1,0,1,0,1
540142,0.010683677123778882,0,0,0,1,1
160143,0.028951000416861886,0,0,0,1,1
230124,0.17267310067510436,0,0,0,0,0
663067,0.027998804695924293,0,0,0,1,1
795230,0.02579083299577586,0,0,0,1,1
983130,0.16494899010239208,0,0,0,0,0
392575,0.021153456271954602,0,0,0,1,1
386926,0.03063453686760394,0,0,0,1,1
801542,0.17387451273709756,1,0,1,0,0
261789,0.025318298089468574,0,0,0,1,1
359011,0.02753326289223757,0,0,0,1,1
194297,0.027476868479521487,0,0,0,1,1
330680,0.04236210439422362,0,0,0,1,1
201343,0.01591421627697508,0,0,0,1,1
363743,0.024461921628684047,0,0,0,1,1
477869,0.023178993814679034,0,0,0,1,1
924405,0.1790735835060406,0,0,0,0,0
575147,0.014984288038711836,0,0,0,1,1
596818,0.0298020924955179,0,0,0,1,1
575818,0.02768091975685295,0,0,0,1,1
436827,0.021499349799130554,0,0,0,1,1
955424,0.10137756428846782,0,0,0,1,1
842848,0.20463531076357552,0,0,0,0,0
106979,0.011637402648237385,0,0,0,1,1
599369,0.07152106233708215,0,0,0,1,1
531052,0.02163063509967335,0,0,0,1,1
354483,0.023204109389063653,0,0,0,1,1
941324,0.24031677539735255,0,0,0,0,0
988345,0.008870118080713058,0,0,0,1,1
341942,0.024032913470464254,0,0,0,1,1
430475,0.03325197957259927,0,0,0,1,1
424317,0.9644301495800426,1,0,1,0,1
166825,0.09383824131876972,0,0,0,1,1
230942,0.02857821264405683,0,0,0,1,1
264331,0.028019996521022616,0,0,0,1,1
651250,0.025254166200175874,0,0,0,1,1
440320,0.022979162206012163,0,0,0,1,1
333039,0.02861854239136361,0,0,0,1,1
288015,0.21191706998323742,0,0,0,0,0
995527,0.027589889242029982,0,0,0,1,1
419493,0.02561180048386335,0,0,0,1,1
781519,0.03293816323338468,0,0,0,1,1
473772,0.013151377392260974,0,0,0,1,1
458041,0.026297188231195808,0,0,0,1,1
329094,0.025242735859006767,0,0,0,1,1
143389,0.03052842547194906,0,0,0,1,1
252136,0.021581298543063832,0,0,0,1,1
255087,0.029815570127333567,0,0,0,1,1
869471,0.019695529225295313,0,0,0,1,1
961533,0.030108520868712057,0,0,0,1,1
352306,0.08279248569780441,0,0,0,1,1
167879,0.16499942437452733,0,0,0,0,0
678837,0.026000634344904346,0,0,0,1,1
795468,0.027031457741934828,0,0,0,1,1
441313,0.030216210008564587,0,0,0,1,1
649770,0.09731710875150013,0,0,0,1,1
368566,0.018477767566969724,0,0,0,1,1
636045,0.08106940470598933,0,0,0,1,1
665701,0.02395995026930481,0,0,0,1,1
321074,0.0165261118285671,0,0,0,1,1
507128,0.3241322428428717,1,1,0,1,1
764167,0.02392306914718305,0,0,0,1,1
885386,0.1937330146011049,0,0,0,0,0
359575,0.024078798974277105,0,0,0,1,1
713406,0.17112238262404106,0,0,0,0,0
157766,0.020534217410186077,0,0,0,1,1
320728,0.17387451273709756,0,0,0,0,0
374721,0.022400856631681374,0,0,0,1,1
880619,0.12846580859936627,0,0,0,0,1
103758,0.20233749659674605,0,0,0,0,0
667718,0.1676219129436931,1,0,1,0,0
924643,0.024054491899528272,0,0,0,1,1
497836,0.029893861570645212,0,0,0,1,1
910716,0.02477574028840301,0,0,0,1,1
229530,0.01455850606953576,0,0,0,1,1
338291,0.21191706998323742,0,0,0,0,0
555301,0.02837664528732372,0,0,0,1,1
691542,0.09032574652781207,0,0,0,1,1
160181,0.026626521058720837,0,0,0,1,1
602043,0.17267310067510436,1,0,1,0,0
972964,0.14159967566166107,0,0,0,0,1
567048,0.032983623291853184,0,0,0,1,1
707513,0.020246295743282926,0,0,0,1,1
935570,0.049818673387195575,0,0,0,1,1
696444,0.03230750443057764,0,0,0,1,1
745420,0.033952408112662744,0,0,0,1,1
204220,0.022593918822823182,0,0,0,1,1
365451,0.020962384070847946,0,0,0,1,1
652642,0.02018627985828584,0,0,0,1,1
676585,0.008485500918576567,0,0,0,1,1
721707,0.068876639129671,0,0,0,1,1
761423,0.031875884313215794,0,0,0,1,1
776399,0.18044876909044213,1,0,1,0,0
813567,0.018324307216105076,0,0,0,1,1
125393,0.036518477727214775,0,0,0,1,1
702868,0.023686017847130158,0,0,0,1,1
287254,0.16224397250674535,0,0,0,0,1
869504,0.024385705480337756,0,0,0,1,1
586753,0.019588431528449402,0,0,0,1,1
657492,0.019701904664164598,0,0,0,1,1
200168,0.02429317127253946,0,0,0,1,1
136345,0.2155467197789668,1,0,1,0,0
918631,0.029302279288447017,0,0,0,1,1
976307,0.02083015371687659,0,0,0,1,1
433815,0.024373127317106145,0,0,0,1,1
622794,0.17387451273709756,0,0,0,0,0
858228,0.21191706998323742,0,0,0,0,0
789573,0.02931790825167338,0,0,0,1,1
458199,0.15915644189468509,0,0,0,1,1
806995,0.03993874194527632,0,0,0,1,1
756526,0.9644301495800426,1,0,1,0,1
295387,0.02258150433829689,0,0,0,1,1
389225,0.023910911223629535,0,0,0,1,1
530235,0.039275195737967686,0,0,0,1,1
531398,0.030793314057558665,0,0,0,1,1
727595,0.011530001695799949,0,0,0,1,1
173092,0.03268580256043609,0,0,0,1,1
263402,0.2081731857303604,0,0,0,0,0
912396,0.013942578244916572,0,0,0,1,1
151655,0.010148247186309425,0,0,0,1,1
412394,0.025736593638376232,0,0,0,1,1
775160,0.03302706109569704,0,0,0,1,1
465990,0.012755650337348956,0,0,0,1,1
745028,0.17267310067510436,0,0,0,0,0
942189,0.17387451273709756,0,0,0,0,0
869190,0.025092105130821652,0,0,0,1,1
527004,0.03216291872094463,0,0,0,1,1
502977,0.029726293564153447,0,0,0,1,1
736219,0.1676219129436931,0,0,0,0,0
289665,0.02634030465773364,0,0,0,1,1
149462,0.013032182224964954,0,0,0,1,1
632981,0.029973839188293428,0,0,0,1,1
561228,0.029001672822649267,0,0,0,1,1
830903,0.1676219129436931,0,0,0,0,0
477993,0.024560599349654856,0,0,0,1,1
246935,0.02436910015929789,0,0,0,1,1
772628,0.011867943016357088,0,0,0,1,1
104353,0.02725529493607701,0,0,0,1,1
526222,0.03800696457765028,0,0,0,1,1
150754,0.023094319084988494,0,0,0,1,1
824462,0.025869297819339176,0,0,0,1,1
540836,0.21191706998323742,1,0,1,0,0
638733,0.008875664240331461,0,0,0,1,1
362201,0.029600100863023903,0,0,0,1,1
272144,0.02468982589473035,0,0,0,1,1
817041,0.16494899010239208,1,0,1,0,0
413052,0.020029932400922358,0,0,0,1,1
836486,0.010396732066789423,0,0,0,1,1
751223,0.17267310067510436,0,0,0,0,1
244271,0.024977382246474774,0,0,0,1,1
114399,0.1676219129436931,0,0,0,0,0
362742,0.09563110525872885,0,0,0,1,1
396446,0.021273657827821733,0,0,0,1,1
935862,0.1676219129436931,0,0,0,0,0
529458,0.02083015371687659,0,0,0,1,1
925979,0.1676219129436931,0,0,0,0,0
133429,0.029248642752427167,0,0,0,1,1
134857,0.024160014337872255,0,0,0,1,1
236026,0.013697193658351979,0,0,0,1,1
426414,0.022546006119261,0,0,0,1,1
605787,0.030133356226845133,0,0,0,1,1
752663,0.01263926501079711,0,0,0,1,1
812057,0.03252063214063965,0,0,0,1,1
977236,0.2095590334390619,0,0,0,0,0
995695,0.023232744557132798,0,0,0,1,1
708654,0.020066620828841353,0,0,0,1,1
938914,0.017348591353671238,0,0,0,1,1
671849,0.007922093675440493,0,0,0,1,1
209102,0.026553907568039093,0,0,0,1,1
574930,0.17387451273709756,0,0,0,0,0
656454,0.21191706998323742,0,0,0,0,0
338059,0.02568191924907306,0,0,0,1,1
544182,0.026986728407390876,1,1,0,1,1
688627,0.018660133273931696,0,0,0,1,1
762389,0.0279172375988187,0,0,0,1,1
826930,0.2007247314160019,1,0,1,0,0
791202,0.02781936252328294,0,0,0,1,1
697766,0.020778715200399298,0,0,0,1,1
428129,0.024536185440036207,0,0,0,1,1
352747,0.16224397250674535,0,0,0,0,1
797902,0.21074290582685734,0,0,0,0,0
556188,0.023835554407619426,0,0,0,1,1
576587,0.022020629824083777,0,0,0,1,1
468970,0.02083015371687659,0,0,0,1,1
840984,0.03635407675176397,0,0,0,1,1
285220,0.02655899544953394,0,0,0,1,1
904304,0.03175343120438155,0,0,0,1,1
858563,0.022101772119271345,0,0,0,1,1
951746,0.17387451273709756,0,0,0,0,0
323720,0.022397212883007743,0,0,0,1,1
134241,0.02933248916550192,0,0,0,1,1
125493,0.17387451273709756,0,0,0,0,0
564838,0.21191706998323742,0,0,0,0,0
414239,0.10089149357327533,0,0,0,1,1
922210,0.02028607750116723,0,0,0,1,1
627915,0.02382108910225157,0,0,0,1,1
102740,0.24476248970491027,0,0,0,0,0
642247,0.1676219129436931,1,0,1,0,0
247645,0.03509172473487886,0,0,0,1,1
303445,0.2095590334390619,0,0,0,0,0
219984,0.21074290582685734,0,0,0,0,0
692936,0.1937330146011049,0,0,0,0,0
909483,0.01464371889353303,0,0,0,1,1
237434,0.02529866749156477,0,0,0,1,1
961331,0.029601500475513777,0,0,0,1,1
318595,0.2155467197789668,0,0,0,0,0
436805,0.12703649399179828,0,0,0,1,1
504208,0.021628365106847104,0,0,0,1,1
410343,0.2696137187940138,1,1,0,1,1
504867,0.17867817833506353,0,0,0,0,0
411744,0.00966210732779395,0,0,0,1,1
271463,0.14569550201389578,0,0,0,1,1
258849,0.02215530266829706,0,0,0,1,1
367006,0.21191706998323742,1,0,1,0,0
683875,0.1676219129436931,0,0,0,0,0
566991,0.14058332177320879,0,0,0,0,1
615459,0.22281501033613754,1,1,0,0,0
652790,0.015844592892150514,0,0,0,1,1
159525,0.017131115125124326,0,0,0,1,1
148753,0.0212203284587252,0,0,0,1,1
179707,0.16924334908255195,0,0,0,0,0
202055,0.024538528709861823,0,0,0,1,1
945765,0.025098476350121444,0,0,0,1,1
136879,0.17267310067510436,1,1,0,0,1
428710,0.02611027758844456,1,1,0,1,1
111507,0.009539035712239272,0,0,0,1,1
399555,0.17540995544485963,0,0,0,0,0
675442,0.023666015935511386,0,0,0,1,1
775724,0.15255341965199906,0,0,0,0,0
893725,0.03258655740512496,0,0,0,1,1
581596,0.02083015371687659,0,0,0,1,1
656415,0.033585245137461604,0,0,0,1,1
483899,0.028233234297602345,0,0,0,1,1
329736,0.029164424136477744,0,0,0,1,1
252135,0.23590904595157886,1,0,1,0,0
490053,0.010679656724165165,0,0,0,1,1
685720,0.10954095983114157,0,0,0,1,1
229677,0.024418079426724217,0,0,0,1,1
295078,0.023447916178955343,0,0,0,1,1
819267,0.021471863537722527,0,0,0,1,1
527194,0.30531423565999577,0,0,0,1,0
255028,0.31190783916337067,1,0,1,1,0
465241,0.03075975518782777,0,0,0,1,1
881828,0.02700939848329104,0,0,0,1,1
674327,0.01911299188305913,0,0,0,1,1
218241,0.02447955227412995,0,0,0,1,1
703937,0.028289654223310944,0,0,0,1,1
160203,0.025225027585295847,0,0,0,1,1
555517,0.19337291793888572,0,0,0,0,0
964151,0.11455146221878677,0,0,0,1,1
470076,0.026181855796844393,0,0,0,1,1
113293,0.13252491222291196,0,0,0,0,1
602213,0.03233350391431083,0,0,0,1,1
723691,0.028030088259369375,0,0,0,1,1
801738,0.17540995544485963,0,0,0,0,0
493640,0.18753532788845598,0,0,0,0,0
893632,0.11514898016171621,0,0,0,1,1
405351,0.020733407673620616,0,0,0,1,1
924936,0.029347933978327113,0,0,0,1,1
685375,0.022122836003402653,0,0,0,1,1
175320,0.062083257892619315,0,0,0,1,1
155118,0.0302494654970169,0,0,0,1,1
602574,0.029589929429763705,0,0,0,1,1
407933,0.025471041897533995,0,0,0,1,1
940213,0.023002748723513485,0,0,0,1,1
999758,0.1676219129436931,0,0,0,0,0
945037,0.03415069119240358,0,0,0,1,1
861629,0.20463531076357552,0,0,0,0,0
312180,0.021710081444764894,0,0,0,1,1
506193,0.09323880689783166,1,1,0,1,1
232871,0.024495559758145165,0,0,0,1,1
365887,0.21191706998323742,0,0,0,0,0
249408,0.22543390101095617,0,0,0,0,0
181033,0.17267310067510436,0,0,0,0,0
267352,0.022619043106830012,0,0,0,1,1
670836,0.16924334908255195,1,1,0,0,1
276650,0.028900404279935576,0,0,0,1,1
944541,0.029187778063248935,0,0,0,1,1
159500,0.19772800494704523,0,0,0,0,0
600746,0.02658820564944839,0,0,0,1,1
802556,0.030819374023437377,0,0,0,1,1
562361,0.2918621529437636,0,0,0,0,0
382971,0.1790735835060406,1,0,1,0,0
171638,0.10064983668477157,0,0,0,1,1
461859,0.02479635781993548,0,0,0,1,1
403500,0.022023772862225656,0,0,0,1,1
612269,0.025454746299078946,0,0,0,1,1
755867,0.021743438660730044,0,0,0,1,1
384599,0.0200659598893473,0,0,0,1,1
420202,0.08245642277630055,0,0,0,0,1
106776,0.012843691146352462,0,0,0,1,1
194786,0.023329609321492292,0,0,0,1,1
102851,0.02564955342954335,0,0,0,1,1
250921,0.02495921231982327,0,0,0,1,1
584796,0.17387451273709756,0,0,0,0,0
159745,0.027288204033325495,0,0,0,1,1
252954,0.020112827455334267,0,0,0,1,1
324048,0.028539727480857625,0,0,0,1,1
759310,0.16312440362476424,1,0,1,0,0
969764,0.025045742324197345,0,0,0,1,1
330131,0.0825227961935101,0,0,0,1,1
632199,0.02678755727254395,0,0,0,1,1
774931,0.1676219129436931,0,0,0,0,0
958299,0.14009068432924535,0,0,0,1,1
480389,0.17968693018460896,1,1,0,0,0
555298,0.02000314579366879,0,0,0,1,1
507998,0.017717561809364703,0,0,0,1,1
365138,0.17326915204806612,0,0,0,0,0
802478,0.02684579616221879,0,0,0,1,1
280292,0.033682838969455196,0,0,0,1,1
514559,0.0269416022252716,0,0,0,1,1
906715,0.22543390101095617,0,0,0,0,0
942601,0.027972174039665024,0,0,0,1,1
605184,0.018790075656295473,0,0,0,1,1
765408,0.18707230146682405,0,0,0,0,1
869133,0.018566808126301574,0,0,0,1,1
981851,0.0274879648082301,0,0,0,1,1
634503,0.010546443284129176,0,0,0,1,1
742732,0.019337811961432496,0,0,0,1,1
183235,0.02548144770802568,0,0,0,1,1
336247,0.02298786867759121,0,0,0,1,1
937662,0.02712123796515362,0,0,0,1,1
831964,0.023379892653810033,0,0,0,1,1
944506,0.03015271592786665,0,0,0,1,1
248356,0.03204769737437851,0,0,0,1,1
420590,0.09968119862188367,0,0,0,1,1
970195,0.028564751601854257,0,0,0,1,1
512177,0.022757803029983186,0,0,0,1,1
275807,0.23435298007820457,1,0,1,0,0
928116,0.022189449096661228,0,0,0,1,1
328303,0.01029339923702009,0,0,0,1,1
139023,0.17968693018460896,0,0,0,0,0
313763,0.11226025946693466,0,0,0,1,1
240209,0.03223837878739264,1,1,0,1,1
670000,0.024587978281434237,0,0,0,1,1
867301,0.023597808545638033,0,0,0,1,1
276648,0.011787375662510265,0,0,0,1,1
398506,0.02455607942492028,0,0,0,1,1
300960,0.027485783246702228,0,0,0,1,1
280828,0.024035443544319413,0,0,0,1,1
622883,0.011702337130609778,0,0,0,1,1
419522,0.029624297144045342,0,0,0,1,1
588015,0.03291574278596613,0,0,0,1,1
782515,0.01715648591511083,0,0,0,1,1
109478,0.02895013731314847,0,0,0,1,1
541557,0.03787894521420994,0,0,0,1,1
665403,0.2119782852628592,0,0,0,1,0
774103,0.02083015371687659,0,0,0,1,1
505390,0.028228262101854085,0,0,0,1,1
867112,0.027446401509358676,0,0,0,1,1
942535,0.020319520217192598,0,0,0,1,1
475132,0.024797125322702004,0,0,0,1,1
468520,0.15829909702644154,0,0,0,0,0
571163,0.0126890148101713,0,0,0,1,1
317919,0.022040418481248297,0,0,0,1,1
615826,0.029421697035118648,0,0,0,1,1
720939,0.0347840456744399,0,0,0,1,1
343218,0.025943734769926452,0,0,0,1,1
274535,0.17926005581893523,1,1,0,0,1
265557,0.027170111559621932,0,0,0,1,1
563945,0.02977997670208616,0,0,0,1,1
919823,0.018451606768873745,0,0,0,1,1
335143,0.023355165692184803,0,0,0,1,1
880065,0.026718118396911284,0,0,0,1,1
734647,0.30107287119833864,0,0,0,0,0
404475,0.017717577089416535,0,0,0,1,1
423598,0.029906849644281495,0,0,0,1,1
519442,0.019577991214935732,0,0,0,1,1
415381,0.030778863759104477,0,0,0,1,1
273020,0.026409554152760292,0,0,0,1,1
262211,0.03616561710845828,0,0,0,1,1
511765,0.02264403026502299,0,0,0,1,1
165188,0.020582838071398657,0,0,0,1,1
180488,0.028039472708392844,0,0,0,1,1
543422,0.024470490993281534,0,0,0,1,1
859553,0.16814408854379245,0,0,0,1,1
819375,0.031107471269891322,0,0,0,1,1
391611,0.027709824400708048,0,0,0,1,1
864327,0.02083015371687659,0,0,0,1,1
920197,0.1676219129436931,0,0,0,0,0
684201,0.03884818572710915,0,0,0,1,1
807553,0.020933034565605527,0,0,0,1,1
211802,0.2095590334390619,0,0,0,0,0
270901,0.0216721086103733,0,0,0,1,1
145323,0.029421697035118648,0,0,0,1,1
138421,0.02083015371687659,0,0,0,1,1
332962,0.020112827455334267,0,0,0,1,1
442103,0.01382784744563617,0,0,0,1,1
801146,0.024131650398089587,0,0,0,1,1
176142,0.17968693018460896,1,1,0,0,0
823453,0.21191706998323742,1,1,0,0,0
122357,0.02665848384159144,0,0,0,1,1
360981,0.16563049693893564,0,0,0,0,0
802621,0.02443632746371044,0,0,0,1,1
251641,0.034417670396952836,0,0,0,1,1
895433,0.0304862232604611,0,0,0,1,1
317774,0.02670929312114313,0,0,0,1,1
630265,0.029610376813113664,0,0,0,1,1
222743,0.010949216647950972,0,0,0,1,1
152307,0.17968693018460896,0,0,0,0,0
849616,0.2095590334390619,0,0,0,0,0
817288,0.2530179039988978,0,0,0,0,1
511253,0.019407524240774333,0,0,0,1,1
167257,0.03371317783934155,0,0,0,1,1
433307,0.2551431707667012,0,0,0,0,0
601997,0.2081731857303604,1,0,1,0,0
860528,0.1676219129436931,0,0,0,0,0
507514,0.025314234821301747,0,0,0,1,1
207543,0.1057617847001228,0,0,0,1,1
553261,0.0258968111934725,0,0,0,1,1
882409,0.12487561493403651,0,0,0,1,1
952326,0.010133285931188828,0,0,0,1,1
117782,0.02010834462418311,0,0,0,1,1
739345,0.02247584440839729,0,0,0,1,1
480760,0.02154653140456027,0,0,0,1,1
486708,0.03076295671125387,1,1,0,1,1
119634,0.25509826455304185,0,0,0,0,0
752217,0.03241241124295442,0,0,0,1,1
606846,0.025892787616902134,0,0,0,1,1
939094,0.023794542536583353,0,0,0,1,1
324404,0.11090454691714026,0,0,0,1,1
713094,0.02960996572487614,0,0,0,1,1
850694,0.026405011831958328,0,0,0,1,1
251950,0.14043409094277665,0,0,0,1,1
926451,0.026742417506481587,0,0,0,1,1
866073,0.019709597895475228,0,0,0,1,1
117333,0.014490198791066985,0,0,0,1,1
668865,0.020112827455334267,0,0,0,1,1
467361,0.018455188415016643,0,0,0,1,1
881413,0.025691178627037944,0,0,0,1,1
981304,0.024482693016265974,0,0,0,1,1
254372,0.023666015935511386,0,0,0,1,1
134085,0.015059648318293165,0,0,0,1,1
213013,0.03569821897890736,0,0,0,1,1
238367,0.10742872354911029,0,0,0,1,1
686709,0.012511702622566822,0,0,0,1,1
988419,0.25509826455304185,1,1,0,0,0
769521,0.023354191459495827,0,0,0,1,1
852006,0.02473346277011076,0,0,0,1,1
870039,0.025029323370812175,0,0,0,1,1
991050,0.02723235172926153,0,0,0,1,1
246273,0.011832312928498826,0,0,0,1,1
278836,0.20463531076357552,0,0,0,0,1
863392,0.17387451273709756,0,0,0,0,0
741801,0.010921773035698534,0,0,0,1,1
867289,0.029482533327115947,0,0,0,1,1
718227,0.010964785138568639,0,0,0,1,1
140130,0.02819403725137252,1,1,0,1,1
519087,0.023250181959486076,0,0,0,1,1
590514,0.010437936813223532,0,0,0,1,1
422164,0.21191706998323742,0,0,0,0,0
418784,0.20463531076357552,0,0,0,0,0
502670,0.02143822215767863,0,0,0,1,1
719824,0.02445113978487138,0,0,0,1,1
723968,0.07309033536249585,0,0,0,1,1
641884,0.025784772025998378,0,0,0,1,1
472376,0.1787963351252134,0,0,0,0,0
274858,0.03667563231288146,1,1,0,1,1
698573,0.026745439028451515,0,0,0,1,1
567420,0.023969630619360017,0,0,0,1,1
170368,0.22804143910674346,0,0,0,0,0
502152,0.18351626995452375,0,0,0,0,0
265677,0.02681933916140975,0,0,0,1,1
221205,0.03349300577019068,0,0,0,1,1
337932,0.03663305135366004,0,0,0,1,1
348835,0.023232859828617978,0,0,0,1,1
719135,0.023590609831258075,0,0,0,1,1
747578,0.02766096917395219,0,0,0,1,1
898122,0.26025380052152663,0,0,0,0,0
504260,0.02528394060839701,0,0,0,1,1
815796,0.14121732652027147,0,0,0,1,1
704149,0.02894966252318697,0,0,0,1,1
339371,0.2095590334390619,0,0,0,0,0
413853,0.1185484958821184,0,0,0,1,1
586734,0.08896168368084295,0,0,0,1,1
689353,0.0100646447770644,0,0,0,1,1
840088,0.44635349730953544,0,0,0,1,0
254567,0.2530179039988978,0,0,0,0,0
667517,0.22804143910674346,1,1,0,0,0
563977,0.033902674658754926,0,0,0,1,1
361944,0.42700470321463085,1,1,0,1,1
988691,0.09786988871825808,0,0,0,1,1
149993,0.02376630033104,0,0,0,1,1
961961,0.025566893786825043,0,0,0,1,1
677513,0.13901370005896121,0,0,0,1,1
335246,0.2635806212389956,0,0,0,0,0
946816,0.02676067511685574,0,0,0,1,1
917870,0.02753326289223757,0,0,0,1,1
711680,0.026919926539745138,0,0,0,1,1
714161,0.9656372523150991,1,0,1,0,1
554442,0.011219453869889515,0,0,0,1,1
512426,0.017357118445398726,0,0,0,1,1
945996,0.023733565854892735,0,0,0,1,1
609778,0.02281813771775247,0,0,0,1,1
356240,0.20463531076357552,0,0,0,0,1
813620,0.03255918571570307,0,0,0,1,1
685171,0.019553946423628378,0,0,0,1,1
187141,0.23590904595157886,0,0,0,0,0
718491,0.13252491222291196,0,0,0,0,1
648575,0.027320449050039674,0,0,0,1,1
818864,0.02587523149097632,0,0,0,1,1
805932,0.024719091458231552,0,0,0,1,1
558097,0.09180345030416145,0,0,0,1,1
489842,0.025745863486558978,0,0,0,1,1
733903,0.024160014337872255,0,0,0,1,1
579424,0.10931062472930231,0,0,0,1,1
210815,0.09453673101138252,0,0,0,1,1
590778,0.1382882516665417,0,0,0,1,1
971581,0.012318942783160026,0,0,0,1,1
210100,0.1937330146011049,0,0,0,0,0
316548,0.1937330146011049,0,0,0,0,0
355795,0.031739259199010335,0,0,0,1,1
476477,0.024308314205895524,0,0,0,1,1
893127,0.15829909702644154,0,0,0,0,0
748299,0.026575111758253073,0,0,0,1,1
508488,0.02312955706708345,0,0,0,1,1
898427,0.23590904595157886,0,0,0,0,0
282140,0.18188958204471228,0,0,0,0,0
610465,0.023026538618630524,0,0,0,1,1
765338,0.1220814440779543,0,0,0,1,1
907858,0.02489490573085493,0,0,0,1,1
546736,0.20233749659674605,0,0,0,0,0
954836,0.01375756515165591,0,0,0,1,1
414211,0.028421240734692172,0,0,0,1,1
164983,0.034194161213944155,0,0,0,1,1
319742,0.07540719301474282,0,0,0,1,1
739781,0.023507138646607785,0,0,0,1,1
537907,0.02352919402371039,0,0,0,1,1
767752,0.008719927991872998,0,0,0,1,1
855190,0.2250199164787923,1,1,0,0,0
371148,0.17267310067510436,0,0,0,0,0
739227,0.20463531076357552,0,0,0,0,0
740422,0.020476350977502368,0,0,0,1,1
741926,0.21191706998323742,1,0,1,0,0
944702,0.1273050565589413,0,0,0,1,1
248445,0.17267310067510436,0,0,0,0,0
528413,0.02601192266504951,0,0,0,1,1
371737,0.16527279767998765,1,1,0,0,0
412817,0.02857821264405683,0,0,0,1,1
959793,0.023666015935511386,0,0,0,1,1
893863,0.02165285915215704,0,0,0,1,1
857292,0.026204815140827124,1,1,0,1,1
605723,0.02338477505121917,0,0,0,1,1
275670,0.028333831152499094,0,0,0,1,1
554636,0.021187243482785376,0,0,0,1,1
803587,0.07427284524304334,0,0,0,1,1
937946,0.02488139551422764,0,0,0,1,1
389583,0.14410750118054277,0,0,0,0,0
294016,0.010503528990831608,0,0,0,1,1
651281,0.026838490253417835,0,0,0,1,1
131990,0.022546006119261,0,0,0,1,1
837833,0.027143447974314065,0,0,0,1,1
755668,0.02357365081097908,0,0,0,1,1
935665,0.9632952068831673,1,0,1,0,1
344527,0.23163067135846457,0,0,0,1,0
460673,0.18584985003499577,1,1,0,0,1
598760,0.0284165354340684,0,0,0,1,1
265383,0.03811593249304676,0,0,0,1,1
817714,0.029207441453641292,0,0,0,1,1
106754,0.030359404211934386,0,0,0,1,1
250315,0.025045699100112163,0,0,0,1,1
557880,0.02435629196240764,0,0,0,1,1
662406,0.02446850490474135,0,0,0,1,1
401710,0.027588574337842432,0,0,0,1,1
945015,0.018668502932929636,0,0,0,1,1
847601,0.19638153835276184,0,0,0,0,0
662272,0.03299939494664993,0,0,0,1,1
892797,0.019893507763569365,0,0,0,1,1
661502,0.029089407461783026,0,0,0,1,1
340931,0.06440485130120224,1,1,0,1,1
350486,0.1790735835060406,1,0,1,0,0
149841,0.24031677539735255,1,1,0,0,1
489523,0.011643223365067755,0,0,0,1,1
714840,0.17267310067510436,0,0,0,0,0
768313,0.2530179039988978,0,0,0,0,0
933251,0.2095590334390619,0,0,0,0,0
300733,0.022023772862225656,0,0,0,1,1
434385,0.02591444670572881,0,0,0,1,1
486075,0.018708465193507655,0,0,0,1,1
737604,0.12382962338232217,0,0,0,1,1
435223,0.09728878257956598,0,0,0,1,1
368435,0.1936798119390771,1,1,0,0,0
553956,0.027290075333351534,0,0,0,1,1
316793,0.2211535311512539,0,0,0,1,1
828109,0.18950523641162495,1,1,0,0,0
544167,0.026291034887256808,0,0,0,1,1
842582,0.040052811569192825,0,0,0,1,1
912864,0.032323482887986234,0,0,0,1,1
544301,0.10731019856070777,0,0,0,1,1
798279,0.08842600563080709,0,0,0,1,1
376299,0.03327004898208618,0,0,0,1,1
342570,0.010954453149165697,0,0,0,1,1
583670,0.15191105503222538,0,0,0,1,1
588917,0.03723976462121537,0,0,0,1,1
635334,0.10939453578440411,0,0,0,1,1
112678,0.030108520868712057,0,0,0,1,1
987205,0.03149986660302725,0,0,0,1,1
398924,0.024576206569294348,0,0,0,1,1
640285,0.03227543890446554,1,1,0,1,1
487195,0.01949762854551654,0,0,0,1,1
755073,0.023022223665603796,0,0,0,1,1
128156,0.034279523319978196,0,0,0,1,1
773546,0.022660069509571577,0,0,0,1,1
336722,0.03000283054783916,0,0,0,1,1
954587,0.1511813688002416,0,0,0,0,0
909547,0.14934353821635135,0,0,0,0,0
464394,0.012311890175543575,0,0,0,1,1
154981,0.038255575916977785,0,0,0,1,1
235683,0.0970970086154676,0,0,0,1,1
465347,0.02733646071969002,0,0,0,1,1
247433,0.12590693408905346,0,0,0,1,1
419973,0.024739352368297104,0,0,0,1,1
403675,0.016168913619098352,0,0,0,1,1
409984,0.20306628229678841,1,1,0,0,0
488675,0.028507492094131764,0,0,0,1,1
851979,0.9656372523150991,1,0,1,0,1
351296,0.19320192927211646,0,0,0,1,1
481028,0.013475660822777843,0,0,0,1,1
786442,0.010550996402418994,0,0,0,1,1
753864,0.1790735835060406,0,0,0,0,0
612140,0.04395541348878052,0,0,0,1,1
427177,0.040664085265378236,0,0,0,1,1
670666,0.11898020452594979,0,0,0,1,1
702528,0.031370953576278525,0,0,0,1,1
310700,0.029457456636717054,0,0,0,1,1
118864,0.028270824807952556,0,0,0,1,1
632951,0.17267310067510436,0,0,0,0,0
217054,0.031394595505682125,0,0,0,1,1
262467,0.023702606808366028,0,0,0,1,1
497854,0.017109026786110516,0,0,0,1,1
755977,0.020182118264268505,0,0,0,1,1
344232,0.011228888402058485,0,0,0,1,1
546773,0.02409994279067086,0,0,0,1,1
302628,0.01993163165097859,0,0,0,1,1
302460,0.03120101711657315,0,0,0,1,1
900501,0.010159599437329601,0,0,0,1,1
823768,0.011388421784552382,0,0,0,1,1
680886,0.029329162306966326,0,0,0,1,1
776187,0.02788685082046323,0,0,0,1,1
906428,0.155041318877738,0,0,0,0,0
